user_input,retrieved_contexts,response,reference,faithfulness,answer_relevancy,context_recall,context_precision
What is HTX and who does it serve?,"[""HTX and IBM are collaborating on a significant 5G project aimed at enhancing the operational readiness and efficiency of the Singapore Civil Defence Force (SCDF) frontliners. This multi-party initiative underscores both organizations' commitment to leveraging advanced technology to support emergency services, ensuring that SCDF personnel are better equipped and more responsive during operations. Through this partnership, HTX and IBM are focusing on the innovative application of 5G technology to create solutions that directly benefit the SCDF's mission-critical activities, ultimately aiming to improve the overall safety and effectiveness of the frontliners' response to emergencies."", 'Lee Tzu Yang, as Chairman of the Public Service Commission, toured the HTX HQ to learn about its projects.', 'HTX collaborates with the Singapore Civil Defence Force to develop and implement technological solutions for emergency services.', 'HTX supports the Immigration and Checkpoints Authority with technology solutions for border control and immigration.', 'HTX provides the Singapore Prison Service with technological advancements to enhance the rehabilitation and management of offenders.', 'HTX aids the Central Narcotics Bureau by developing technologies to combat drug trafficking and enforce drug laws.', ""HTX works closely with the Singapore Police Force as part of its mission to secure Singapore's safety and security."", 'Members of the Public Service Commission toured HTX HQ, indicating a collaborative or informative relationship.', 'HTX onboarded Rohde & Schwarz as a new SPI partner, indicating a partnership relationship.', 'HTX onboarded Ensign as a new SPI partner, indicating a partnership relationship.', 'HTX and the KNPA signed a Letter of Intent, indicating a formal agreement or partnership.', 'Shimadzu was named an SPI partner of HTX, indicating a partnership relationship.', ""Chen Yeang Tat, as Deputy Chief Executive (Operations) of HTX, plays a significant role in the organization's operations and was recognized for contributions to Homeland security."", ""Ng Yeow Boon, as Deputy Chief Executive (Development) of HTX, discussed training more officers in data science and AI roles, indicating his involvement in HTX's strategic direction."", ""Cheryl Tan serves as the Deputy Director at HTX, specifically within the Surveillance and Sensemaking Centre of Excellence (CoE). In her role, she is deeply involved in the development of AI-assisted tools designed to enhance cybersecurity measures. Her work focuses on leveraging artificial intelligence to create sophisticated solutions that aid in the surveillance and sensemaking capabilities of HTX, demonstrating her pivotal role in advancing the organization's technological frontiers in cybersecurity."", ""Chan Tsan serves as the Chief Executive of HTX, where he plays a pivotal role in steering the organization towards becoming an AI-first entity. His responsibilities include overseeing partnerships and innovation projects, which are crucial for HTX's growth and adaptation in the rapidly evolving tech landscape. Under his leadership, HTX has embarked on significant initiatives, one of which involved leading a delegation to Silicon Valley and Las Vegas. This move not only underscores his leadership role but also highlights HTX's commitment to fostering global partnerships and staying at the forefront of technological innovation. Chan Tsan's vision and direction for HTX emphasize the importance of integrating artificial intelligence into the core of the organization's operations and strategies, positioning HTX as a forward-thinking player in the industry."", 'HTX organized the HTX Annual Cycle Challenge, a significant event showcasing the commitment of its members.', ""The HTX Annual Report 2023 highlights the organization's achievements and innovations throughout the year."", 'HTX held a graduation ceremony for the HTX Associates Class of 2021, indicating its investment in developing future talent.', ""Colin Tan is involved in the programmatic aspects of HTX, aiding in its mission to secure Singapore's safety and security""]","HTX, or the Home Team Science and Technology Agency, is an organization dedicated to enhancing the safety and security of Singapore. It serves various public service entities by developing and implementing technological solutions. These entities include the Singapore Civil Defence Force, Immigration and Checkpoints Authority, Singapore Prison Service, Central Narcotics Bureau, and Singapore Police Force. HTX's mission is to support these agencies in their operations, ensuring they are equipped with advanced technology to improve their effectiveness and efficiency in serving the public.","HTX is Singapore's Home Team Science and Technology agency that builds and delivers operational tech to support agencies like the Police, SCDF, ICA, Prisons, and CNB, so frontline officers can keep the country safe more effectively.",0.9090909090909091,0.9491632274112964,1.0,
What is HTX's mission?,['No context retrieved.'],"I'm sorry, but the context provided does not include information about HTX's mission. Could you please provide more details or context?","HTX's mission is to advance science and technology, act as a force multiplier for the Home Team, and secure Singapore's future by staying ahead of security threats with practical innovation.",1.0,0.0,0.0,0.0
What is HTX's vision?,['No context retrieved.'],"I'm sorry, but the context provided does not include information about HTX's vision. Could you please provide more details or context?","HTX's vision is to exponentially impact Singapore's safety and security, meaning it aims to deliver tech that scales outcomes far beyond linear manpower increases.",1.0,0.0,0.0,0.0
Which capabilities does HTX focus on?,['No context retrieved.'],"HTX focuses on capabilities related to homeland security and public safety, including technology development and innovation to enhance operational effectiveness in areas such as surveillance, forensics, cybersecurity, and emergency response.","HTX focuses on Digital (like C4I, cloud, cybersecurity, data science and AI), Engineering (such as land, marine, protective security, robotics and unmanned systems), and Sciences (including biometrics, CBRNE, forensics, and human factors).",0.0,0.9153076640984598,0.0,0.0
What does C4I mean in HTX's work?,"[""HTX and IBM are collaborating on a significant 5G project aimed at enhancing the operational readiness and efficiency of the Singapore Civil Defence Force (SCDF) frontliners. This multi-party initiative underscores both organizations' commitment to leveraging advanced technology to support emergency services, ensuring that SCDF personnel are better equipped and more responsive during operations. Through this partnership, HTX and IBM are focusing on the innovative application of 5G technology to create solutions that directly benefit the SCDF's mission-critical activities, ultimately aiming to improve the overall safety and effectiveness of the frontliners' response to emergencies."", 'Lee Tzu Yang, as Chairman of the Public Service Commission, toured the HTX HQ to learn about its projects.', 'HTX collaborates with the Singapore Civil Defence Force to develop and implement technological solutions for emergency services.', 'HTX supports the Immigration and Checkpoints Authority with technology solutions for border control and immigration.', 'HTX provides the Singapore Prison Service with technological advancements to enhance the rehabilitation and management of offenders.', 'HTX aids the Central Narcotics Bureau by developing technologies to combat drug trafficking and enforce drug laws.', ""HTX works closely with the Singapore Police Force as part of its mission to secure Singapore's safety and security."", 'Members of the Public Service Commission toured HTX HQ, indicating a collaborative or informative relationship.', 'HTX onboarded Rohde & Schwarz as a new SPI partner, indicating a partnership relationship.', 'HTX onboarded Ensign as a new SPI partner, indicating a partnership relationship.', 'HTX and the KNPA signed a Letter of Intent, indicating a formal agreement or partnership.', 'Shimadzu was named an SPI partner of HTX, indicating a partnership relationship.', ""Chen Yeang Tat, as Deputy Chief Executive (Operations) of HTX, plays a significant role in the organization's operations and was recognized for contributions to Homeland security."", ""Ng Yeow Boon, as Deputy Chief Executive (Development) of HTX, discussed training more officers in data science and AI roles, indicating his involvement in HTX's strategic direction."", ""Cheryl Tan serves as the Deputy Director at HTX, specifically within the Surveillance and Sensemaking Centre of Excellence (CoE). In her role, she is deeply involved in the development of AI-assisted tools designed to enhance cybersecurity measures. Her work focuses on leveraging artificial intelligence to create sophisticated solutions that aid in the surveillance and sensemaking capabilities of HTX, demonstrating her pivotal role in advancing the organization's technological frontiers in cybersecurity."", ""Chan Tsan serves as the Chief Executive of HTX, where he plays a pivotal role in steering the organization towards becoming an AI-first entity. His responsibilities include overseeing partnerships and innovation projects, which are crucial for HTX's growth and adaptation in the rapidly evolving tech landscape. Under his leadership, HTX has embarked on significant initiatives, one of which involved leading a delegation to Silicon Valley and Las Vegas. This move not only underscores his leadership role but also highlights HTX's commitment to fostering global partnerships and staying at the forefront of technological innovation. Chan Tsan's vision and direction for HTX emphasize the importance of integrating artificial intelligence into the core of the organization's operations and strategies, positioning HTX as a forward-thinking player in the industry."", 'HTX organized the HTX Annual Cycle Challenge, a significant event showcasing the commitment of its members.', ""The HTX Annual Report 2023 highlights the organization's achievements and innovations throughout the year."", 'HTX held a graduation ceremony for the HTX Associates Class of 2021, indicating its investment in developing future talent.', ""Colin Tan is involved in the programmatic aspects of HTX, aiding in its mission to secure Singapore's safety and security""]","C4I in HTX's work refers to Command, Control, Communications, Computers, and Intelligence. It is a framework that HTX uses to enhance the operational capabilities of Singapore's safety and security agencies. By integrating advanced technologies in these areas, HTX aims to improve decision-making, coordination, and response times during critical operations, thereby supporting the mission-critical activities of agencies like the Singapore Civil Defence Force and the Singapore Police Force.","C4I stands for Command, Control, Communications, Computers and Intelligence, and it's about giving operations a shared picture and faster, smarter decision-making across the Home Team.",0.375,0.918253152819355,0.0,
How does HTX use AI?,"[""HTX and IBM are collaborating on a significant 5G project aimed at enhancing the operational readiness and efficiency of the Singapore Civil Defence Force (SCDF) frontliners. This multi-party initiative underscores both organizations' commitment to leveraging advanced technology to support emergency services, ensuring that SCDF personnel are better equipped and more responsive during operations. Through this partnership, HTX and IBM are focusing on the innovative application of 5G technology to create solutions that directly benefit the SCDF's mission-critical activities, ultimately aiming to improve the overall safety and effectiveness of the frontliners' response to emergencies."", 'Lee Tzu Yang, as Chairman of the Public Service Commission, toured the HTX HQ to learn about its projects.', 'HTX collaborates with the Singapore Civil Defence Force to develop and implement technological solutions for emergency services.', 'HTX supports the Immigration and Checkpoints Authority with technology solutions for border control and immigration.', 'HTX provides the Singapore Prison Service with technological advancements to enhance the rehabilitation and management of offenders.', 'HTX aids the Central Narcotics Bureau by developing technologies to combat drug trafficking and enforce drug laws.', ""HTX works closely with the Singapore Police Force as part of its mission to secure Singapore's safety and security."", 'Members of the Public Service Commission toured HTX HQ, indicating a collaborative or informative relationship.', 'HTX onboarded Rohde & Schwarz as a new SPI partner, indicating a partnership relationship.', 'HTX onboarded Ensign as a new SPI partner, indicating a partnership relationship.', 'HTX and the KNPA signed a Letter of Intent, indicating a formal agreement or partnership.', 'Shimadzu was named an SPI partner of HTX, indicating a partnership relationship.', ""Chen Yeang Tat, as Deputy Chief Executive (Operations) of HTX, plays a significant role in the organization's operations and was recognized for contributions to Homeland security."", ""Ng Yeow Boon, as Deputy Chief Executive (Development) of HTX, discussed training more officers in data science and AI roles, indicating his involvement in HTX's strategic direction."", ""Cheryl Tan serves as the Deputy Director at HTX, specifically within the Surveillance and Sensemaking Centre of Excellence (CoE). In her role, she is deeply involved in the development of AI-assisted tools designed to enhance cybersecurity measures. Her work focuses on leveraging artificial intelligence to create sophisticated solutions that aid in the surveillance and sensemaking capabilities of HTX, demonstrating her pivotal role in advancing the organization's technological frontiers in cybersecurity."", ""Chan Tsan serves as the Chief Executive of HTX, where he plays a pivotal role in steering the organization towards becoming an AI-first entity. His responsibilities include overseeing partnerships and innovation projects, which are crucial for HTX's growth and adaptation in the rapidly evolving tech landscape. Under his leadership, HTX has embarked on significant initiatives, one of which involved leading a delegation to Silicon Valley and Las Vegas. This move not only underscores his leadership role but also highlights HTX's commitment to fostering global partnerships and staying at the forefront of technological innovation. Chan Tsan's vision and direction for HTX emphasize the importance of integrating artificial intelligence into the core of the organization's operations and strategies, positioning HTX as a forward-thinking player in the industry."", 'HTX organized the HTX Annual Cycle Challenge, a significant event showcasing the commitment of its members.', ""The HTX Annual Report 2023 highlights the organization's achievements and innovations throughout the year."", 'HTX held a graduation ceremony for the HTX Associates Class of 2021, indicating its investment in developing future talent.', ""Colin Tan is involved in the programmatic aspects of HTX, aiding in its mission to secure Singapore's safety and security""]","HTX uses AI in several ways to enhance its operations and support its mission. Under the leadership of Chan Tsan, the Chief Executive of HTX, the organization is steering towards becoming an AI-first entity. This involves integrating artificial intelligence into the core of its operations and strategies. Specifically, Cheryl Tan, the Deputy Director at HTX within the Surveillance and Sensemaking Centre of Excellence, is deeply involved in developing AI-assisted tools designed to enhance cybersecurity measures. Her work focuses on leveraging AI to create sophisticated solutions that aid in the surveillance and sensemaking capabilities of HTX. Additionally, Ng Yeow Boon, the Deputy Chief Executive (Development) of HTX, is involved in training more officers in data science and AI roles, indicating a strategic focus on expanding AI expertise within the organization. Overall, HTX is committed to advancing its technological frontiers in cybersecurity and other areas by leveraging AI.","HTX applies AI for sense-making, surveillance, digital forensics, deepfake detection, and operational tools like smart inspections and AR support to speed up tasks and improve accuracy.",1.0,0.9512387190789736,0.0,
What are some 2023 highlights for HTX?,"[""HTX and IBM are collaborating on a significant 5G project aimed at enhancing the operational readiness and efficiency of the Singapore Civil Defence Force (SCDF) frontliners. This multi-party initiative underscores both organizations' commitment to leveraging advanced technology to support emergency services, ensuring that SCDF personnel are better equipped and more responsive during operations. Through this partnership, HTX and IBM are focusing on the innovative application of 5G technology to create solutions that directly benefit the SCDF's mission-critical activities, ultimately aiming to improve the overall safety and effectiveness of the frontliners' response to emergencies."", 'Lee Tzu Yang, as Chairman of the Public Service Commission, toured the HTX HQ to learn about its projects.', 'HTX collaborates with the Singapore Civil Defence Force to develop and implement technological solutions for emergency services.', 'HTX supports the Immigration and Checkpoints Authority with technology solutions for border control and immigration.', 'HTX provides the Singapore Prison Service with technological advancements to enhance the rehabilitation and management of offenders.', 'HTX aids the Central Narcotics Bureau by developing technologies to combat drug trafficking and enforce drug laws.', ""HTX works closely with the Singapore Police Force as part of its mission to secure Singapore's safety and security."", 'Members of the Public Service Commission toured HTX HQ, indicating a collaborative or informative relationship.', 'HTX onboarded Rohde & Schwarz as a new SPI partner, indicating a partnership relationship.', 'HTX onboarded Ensign as a new SPI partner, indicating a partnership relationship.', 'HTX and the KNPA signed a Letter of Intent, indicating a formal agreement or partnership.', 'Shimadzu was named an SPI partner of HTX, indicating a partnership relationship.', ""Chen Yeang Tat, as Deputy Chief Executive (Operations) of HTX, plays a significant role in the organization's operations and was recognized for contributions to Homeland security."", ""Ng Yeow Boon, as Deputy Chief Executive (Development) of HTX, discussed training more officers in data science and AI roles, indicating his involvement in HTX's strategic direction."", ""Cheryl Tan serves as the Deputy Director at HTX, specifically within the Surveillance and Sensemaking Centre of Excellence (CoE). In her role, she is deeply involved in the development of AI-assisted tools designed to enhance cybersecurity measures. Her work focuses on leveraging artificial intelligence to create sophisticated solutions that aid in the surveillance and sensemaking capabilities of HTX, demonstrating her pivotal role in advancing the organization's technological frontiers in cybersecurity."", ""Chan Tsan serves as the Chief Executive of HTX, where he plays a pivotal role in steering the organization towards becoming an AI-first entity. His responsibilities include overseeing partnerships and innovation projects, which are crucial for HTX's growth and adaptation in the rapidly evolving tech landscape. Under his leadership, HTX has embarked on significant initiatives, one of which involved leading a delegation to Silicon Valley and Las Vegas. This move not only underscores his leadership role but also highlights HTX's commitment to fostering global partnerships and staying at the forefront of technological innovation. Chan Tsan's vision and direction for HTX emphasize the importance of integrating artificial intelligence into the core of the organization's operations and strategies, positioning HTX as a forward-thinking player in the industry."", 'HTX organized the HTX Annual Cycle Challenge, a significant event showcasing the commitment of its members.', ""The HTX Annual Report 2023 highlights the organization's achievements and innovations throughout the year."", 'HTX held a graduation ceremony for the HTX Associates Class of 2021, indicating its investment in developing future talent.', ""Colin Tan is involved in the programmatic aspects of HTX, aiding in its mission to secure Singapore's safety and security""]","Some 2023 highlights for HTX include:

1. **Collaboration with IBM**: HTX partnered with IBM on a significant 5G project aimed at enhancing the operational readiness and efficiency of the Singapore Civil Defence Force (SCDF) frontliners. This initiative focuses on leveraging advanced technology to support emergency services.

2. **Partnerships and Global Engagements**: Under the leadership of Chief Executive Chan Tsan, HTX embarked on significant initiatives, including leading a delegation to Silicon Valley and Las Vegas, highlighting its commitment to fostering global partnerships and staying at the forefront of technological innovation.

3. **AI and Cybersecurity Advancements**: Cheryl Tan, as Deputy Director at HTX, played a key role in developing AI-assisted tools to enhance cybersecurity measures, demonstrating HTX's focus on advancing its technological capabilities in cybersecurity.

4. **HTX Annual Cycle Challenge**: HTX organized the HTX Annual Cycle Challenge, showcasing the commitment and engagement of its members.

5. **HTX Annual Report 2023**: The report highlighted the organization's achievements and innovations throughout the year, reflecting its ongoing efforts and successes.

6. **HTX Associates’ Graduation**: HTX held a graduation ceremony for the HTX Associates Class of 2021, indicating its investment in developing future talent and strengthening its workforce.","Highlights include launching its innovation centre Hatch, holding a first promotion dinner, running career outreach, starting Blue Dolphin MRV construction, and showcasing innovations at events like TechXplore and Milipol Paris.",0.5714285714285714,0.9902565182404701,0.0,
What is Hatch?,['No context retrieved.'],"Hatch can refer to several things depending on the context. It could be a company, a product, a service, or even a concept. Without additional context, it's difficult to provide a specific answer. If you have more details or a specific area in mind, please provide them for a more accurate response.","Hatch is HTX's innovation centre that scouts, validates, and accelerates dual-use public safety technologies with startups and global partners, bringing workable solutions quickly to frontline users.",0.14285714285714285,0.0,0.0,0.0
What is the Open Innovation Challenge?,['No context retrieved.'],"The Open Innovation Challenge is typically a competition or initiative designed to encourage individuals, teams, or organizations to develop innovative solutions to specific problems or challenges. These challenges often invite participants from various backgrounds to collaborate and contribute ideas, leveraging open innovation principles to drive creativity and problem-solving. The specifics of the Open Innovation Challenge can vary depending on the organization or context in which it is held, including the themes, goals, and rewards associated with the challenge.",It's Hatch's accelerator-style call where startups submit solutions to real Home Team problem statements; the best are selected to refine and test their tech in operational settings.,0.0,0.9999977208513885,0.0,0.0
Which startups stood out at Hatch's first Demo Day?,['No context retrieved.'],"I'm sorry, but the context you provided does not contain information about which startups stood out at Hatch's first Demo Day. Could you please provide more details or context?","Startups like Cyberbee (indoor navigation), FlyzRobotics (wall-clinging ‚ÄòDrobot‚Äô sensors), Neural Guard (AI X-ray threat detection), Vayyar (RF imaging for screening), and Wonder Robotics (autonomous drone landing and delivery) were showcased.",1.0,0.0,0.0,0.0
Why is Cyberbee's solution important?,['No context retrieved.'],"I'm sorry, but the context needed to answer the question about Cyberbee's solution is missing. Could you please provide more information or context regarding Cyberbee's solution?",Because responders often lose GPS indoors; its computer vision mapping helps locate and rescue colleagues quickly in complex buildings where seconds matter.,1.0,0.0,0.0,0.0
How could FlyzRobotics‚Äô tech help forensics?,['No context retrieved.'],"FlyzRobotics' technology could assist forensics by providing advanced drone solutions that enhance crime scene analysis and evidence collection. Their drones might be equipped with high-resolution cameras and sensors to capture detailed aerial images and 3D models of crime scenes, allowing forensic teams to analyze the scene from various angles without disturbing evidence. Additionally, these drones could access hard-to-reach areas, gather data quickly, and potentially identify evidence that might be missed by ground-level inspections. This technology could improve the accuracy and efficiency of forensic investigations.","Its wall-clinging robot can stream video and sense environments for long periods, letting investigators capture transient evidence and build a scene picture even when immediate access isn‚Äôt possible.",0.0,0.99296234963451,0.0,0.0
What does Neural Guard's AI detect?,['No context retrieved.'],Neural Guard's AI detects prohibited items in security screening processes.,"It's designed to spot detonators and explosives from X-ray images, improving chances of intercepting IED components at places like airports and checkpoints.",0.0,,0.0,0.0
What might Vayyar's sensors be used for?,['No context retrieved.'],"Vayyar's sensors might be used for a variety of applications, including but not limited to, healthcare monitoring, automotive safety, smart home devices, and security systems. These sensors are typically designed to detect and interpret a range of environmental factors, such as movement, distance, and even vital signs, without the need for cameras or physical contact.","Though born from medical imaging, their RF sensors can power non-invasive, walk-through screening prototypes that scale to more objects and more venues with less friction.",0.0,,0.0,0.0
What does Wonder Robotics add to drone ops?,['No context retrieved.'],"Wonder Robotics enhances drone operations by providing advanced autonomous capabilities. This includes improved navigation, obstacle avoidance, and precise landing technologies, which enable drones to operate more safely and efficiently in complex environments. Their solutions are designed to optimize drone performance, reduce the need for human intervention, and expand the potential applications of drone technology across various industries.","It enables safer autonomous landings in unprepared areas and supports tasks like payload delivery, adding resilience and flexibility to public safety drone missions.",0.0,,0.0,0.0
What is Blue Dolphin?,['No context retrieved.'],"Blue Dolphin could refer to several things depending on the context. It might be a company, a product, a book, or even a type of marine animal. Without additional context, it's difficult to provide a specific answer. Could you please provide more details or specify the context in which ""Blue Dolphin"" is mentioned?","Blue Dolphin is a second-generation Marine Rescue Vessel co-developed by HTX with SCDF, DSTA and Penguin Shipyard to enhance maritime rescue capabilities.",0.42857142857142855,,0.0,0.0
What did HTX trial with 5G in 2023?,"[""HTX and IBM are collaborating on a significant 5G project aimed at enhancing the operational readiness and efficiency of the Singapore Civil Defence Force (SCDF) frontliners. This multi-party initiative underscores both organizations' commitment to leveraging advanced technology to support emergency services, ensuring that SCDF personnel are better equipped and more responsive during operations. Through this partnership, HTX and IBM are focusing on the innovative application of 5G technology to create solutions that directly benefit the SCDF's mission-critical activities, ultimately aiming to improve the overall safety and effectiveness of the frontliners' response to emergencies."", 'Lee Tzu Yang, as Chairman of the Public Service Commission, toured the HTX HQ to learn about its projects.', 'HTX collaborates with the Singapore Civil Defence Force to develop and implement technological solutions for emergency services.', 'HTX supports the Immigration and Checkpoints Authority with technology solutions for border control and immigration.', 'HTX provides the Singapore Prison Service with technological advancements to enhance the rehabilitation and management of offenders.', 'HTX aids the Central Narcotics Bureau by developing technologies to combat drug trafficking and enforce drug laws.', ""HTX works closely with the Singapore Police Force as part of its mission to secure Singapore's safety and security."", 'Members of the Public Service Commission toured HTX HQ, indicating a collaborative or informative relationship.', 'HTX onboarded Rohde & Schwarz as a new SPI partner, indicating a partnership relationship.', 'HTX onboarded Ensign as a new SPI partner, indicating a partnership relationship.', 'HTX and the KNPA signed a Letter of Intent, indicating a formal agreement or partnership.', 'Shimadzu was named an SPI partner of HTX, indicating a partnership relationship.', ""Chen Yeang Tat, as Deputy Chief Executive (Operations) of HTX, plays a significant role in the organization's operations and was recognized for contributions to Homeland security."", ""Ng Yeow Boon, as Deputy Chief Executive (Development) of HTX, discussed training more officers in data science and AI roles, indicating his involvement in HTX's strategic direction."", ""Cheryl Tan serves as the Deputy Director at HTX, specifically within the Surveillance and Sensemaking Centre of Excellence (CoE). In her role, she is deeply involved in the development of AI-assisted tools designed to enhance cybersecurity measures. Her work focuses on leveraging artificial intelligence to create sophisticated solutions that aid in the surveillance and sensemaking capabilities of HTX, demonstrating her pivotal role in advancing the organization's technological frontiers in cybersecurity."", ""Chan Tsan serves as the Chief Executive of HTX, where he plays a pivotal role in steering the organization towards becoming an AI-first entity. His responsibilities include overseeing partnerships and innovation projects, which are crucial for HTX's growth and adaptation in the rapidly evolving tech landscape. Under his leadership, HTX has embarked on significant initiatives, one of which involved leading a delegation to Silicon Valley and Las Vegas. This move not only underscores his leadership role but also highlights HTX's commitment to fostering global partnerships and staying at the forefront of technological innovation. Chan Tsan's vision and direction for HTX emphasize the importance of integrating artificial intelligence into the core of the organization's operations and strategies, positioning HTX as a forward-thinking player in the industry."", 'HTX organized the HTX Annual Cycle Challenge, a significant event showcasing the commitment of its members.', ""The HTX Annual Report 2023 highlights the organization's achievements and innovations throughout the year."", 'HTX held a graduation ceremony for the HTX Associates Class of 2021, indicating its investment in developing future talent.', ""Colin Tan is involved in the programmatic aspects of HTX, aiding in its mission to secure Singapore's safety and security""]","HTX, in collaboration with IBM, trialed the innovative application of 5G technology in 2023 to enhance the operational readiness and efficiency of the Singapore Civil Defence Force (SCDF) frontliners. This initiative aimed to improve the overall safety and effectiveness of the SCDF's response to emergencies by leveraging advanced 5G solutions.","HTX tested network slicing and edge computing at 5G@Sentosa with DSTA to explore how dedicated, low-latency slices can boost Home Team operations.",0.5,,0.0,
"What is the 5G project with IMDA, SCDF, StarHub and IBM?","[""HTX and IBM are collaborating on a significant 5G project aimed at enhancing the operational readiness and efficiency of the Singapore Civil Defence Force (SCDF) frontliners. This multi-party initiative underscores both organizations' commitment to leveraging advanced technology to support emergency services, ensuring that SCDF personnel are better equipped and more responsive during operations. Through this partnership, HTX and IBM are focusing on the innovative application of 5G technology to create solutions that directly benefit the SCDF's mission-critical activities, ultimately aiming to improve the overall safety and effectiveness of the frontliners' response to emergencies."", 'Entity: IBM, 2-hop Neighbor: LEE TZU YANG, Path: Lee Tzu Yang, as Chairman of the Public Service Commission, toured the HTX HQ to learn about its projects.', 'Entity: IBM, 2-hop Neighbor: SINGAPORE CIVIL DEFENCE FORCE, Path: HTX collaborates with the Singapore Civil Defence Force to develop and implement technological solutions for emergency services.', 'Entity: IBM, 2-hop Neighbor: IMMIGRATION AND CHECKPOINTS AUTHORITY, Path: HTX supports the Immigration and Checkpoints Authority with technology solutions for border control and immigration.', 'Entity: IBM, 2-hop Neighbor: SINGAPORE PRISON SERVICE, Path: HTX provides the Singapore Prison Service with technological advancements to enhance the rehabilitation and management of offenders.', 'Entity: IBM, 2-hop Neighbor: CENTRAL NARCOTICS BUREAU, Path: HTX aids the Central Narcotics Bureau by developing technologies to combat drug trafficking and enforce drug laws.', ""Entity: IBM, 2-hop Neighbor: SINGAPORE POLICE FORCE, Path: HTX works closely with the Singapore Police Force as part of its mission to secure Singapore's safety and security."", 'Entity: IBM, 2-hop Neighbor: PUBLIC SERVICE COMMISSION, Path: Members of the Public Service Commission toured HTX HQ, indicating a collaborative or informative relationship.', 'Entity: IBM, 2-hop Neighbor: ROHDE & SCHWARZ, Path: HTX onboarded Rohde & Schwarz as a new SPI partner, indicating a partnership relationship.', 'Entity: IBM, 2-hop Neighbor: ENSIGN, Path: HTX onboarded Ensign as a new SPI partner, indicating a partnership relationship.', 'Entity: IBM, 2-hop Neighbor: KOREAN NATIONAL POLICE AGENCY (KNPA), Path: HTX and the KNPA signed a Letter of Intent, indicating a formal agreement or partnership.', 'Entity: IBM, 2-hop Neighbor: SHIMADZU, Path: Shimadzu was named an SPI partner of HTX, indicating a partnership relationship.', ""Entity: IBM, 2-hop Neighbor: CHEN YEANG TAT, Path: Chen Yeang Tat, as Deputy Chief Executive (Operations) of HTX, plays a significant role in the organization's operations and was recognized for contributions to Homeland security."", ""Entity: IBM, 2-hop Neighbor: NG YEOW BOON, Path: Ng Yeow Boon, as Deputy Chief Executive (Development) of HTX, discussed training more officers in data science and AI roles, indicating his involvement in HTX's strategic direction."", ""Entity: IBM, 2-hop Neighbor: CHERYL TAN, Path: Cheryl Tan serves as the Deputy Director at HTX, specifically within the Surveillance and Sensemaking Centre of Excellence (CoE). In her role, she is deeply involved in the development of AI-assisted tools designed to enhance cybersecurity measures. Her work focuses on leveraging artificial intelligence to create sophisticated solutions that aid in the surveillance and sensemaking capabilities of HTX, demonstrating her pivotal role in advancing the organization's technological frontiers in cybersecurity."", ""Entity: IBM, 2-hop Neighbor: CHAN TSAN, Path: Chan Tsan serves as the Chief Executive of HTX, where he plays a pivotal role in steering the organization towards becoming an AI-first entity. His responsibilities include overseeing partnerships and innovation projects, which are crucial for HTX's growth and adaptation in the rapidly evolving tech landscape. Under his leadership, HTX has embarked on significant initiatives, one of which involved leading a delegation to Silicon Valley and Las Vegas. This move not only underscores his leadership role but also highlights HTX's commitment to fostering global partnerships and staying at the forefront of technological innovation. Chan Tsan's vision and direction for HTX emphasize the importance of integrating artificial intelligence into the core of the organization's operations and strategies, positioning HTX as a forward-thinking player in the industry."", 'Entity: IBM, 2-hop Neighbor: HTX ANNUAL CYCLE CHALLENGE, Path: HTX organized the HTX Annual Cycle Challenge, a significant event showcasing the commitment of its members.', ""Entity: IBM, 2-hop Neighbor: HTX ANNUAL REPORT, Path: The HTX Annual Report 2023 highlights the organization's achievements and innovations throughout the year."", 'Entity: IBM, 2-hop Neighbor: HTX ASSOCIATES’ GRADUATION, Path: HTX held a graduation ceremony for the HTX Associates Class of 2021, indicating its investment in developing future talent.', ""Entity: IBM, 2-hop Neighbor: COLIN TAN, Path: Colin Tan is involved in the programmatic aspects of HTX, aiding in its mission to secure Singapore's safety and security""]","The 5G project involving IMDA, SCDF, StarHub, and IBM is a collaborative initiative aimed at enhancing the operational readiness and efficiency of the Singapore Civil Defence Force (SCDF) frontliners. This project focuses on leveraging advanced 5G technology to support emergency services, ensuring that SCDF personnel are better equipped and more responsive during operations. The collaboration underscores the commitment of all parties involved to apply innovative 5G solutions to improve the safety and effectiveness of SCDF's mission-critical activities, ultimately benefiting their response to emergencies.",The 5G project is a pilot at Punggol Fire Station using smart glasses with AI inspections and AR remote assistance to speed equipment checks and connect commanders with specialists in real time.,0.75,,0.0,
Where was the 5G fire station test-bedded?,['No context retrieved.'],"I'm sorry, but the context needed to answer the question is missing. Could you please provide more information or details?","At Punggol Fire Station, which is Singapore's first smart fire station designed to experiment with next-gen operational technologies.",1.0,,0.0,0.0
What is Xavier?,['No context retrieved.'],"The context provided does not contain any information about ""Xavier."" Therefore, I am unable to determine what ""Xavier"" refers to based on the given context. If you can provide more details or context, I would be happy to help further.",Xavier is an autonomous ground robot that HTX trialed in Tampines and West Coast to support officers with public health and safety tasks.,0.6666666666666666,0.0,0.0,0.0
How is HTX tackling deepfakes?,"[""HTX and IBM are collaborating on a significant 5G project aimed at enhancing the operational readiness and efficiency of the Singapore Civil Defence Force (SCDF) frontliners. This multi-party initiative underscores both organizations' commitment to leveraging advanced technology to support emergency services, ensuring that SCDF personnel are better equipped and more responsive during operations. Through this partnership, HTX and IBM are focusing on the innovative application of 5G technology to create solutions that directly benefit the SCDF's mission-critical activities, ultimately aiming to improve the overall safety and effectiveness of the frontliners' response to emergencies."", 'Lee Tzu Yang, as Chairman of the Public Service Commission, toured the HTX HQ to learn about its projects.', 'HTX collaborates with the Singapore Civil Defence Force to develop and implement technological solutions for emergency services.', 'HTX supports the Immigration and Checkpoints Authority with technology solutions for border control and immigration.', 'HTX provides the Singapore Prison Service with technological advancements to enhance the rehabilitation and management of offenders.', 'HTX aids the Central Narcotics Bureau by developing technologies to combat drug trafficking and enforce drug laws.', ""HTX works closely with the Singapore Police Force as part of its mission to secure Singapore's safety and security."", 'Members of the Public Service Commission toured HTX HQ, indicating a collaborative or informative relationship.', 'HTX onboarded Rohde & Schwarz as a new SPI partner, indicating a partnership relationship.', 'HTX onboarded Ensign as a new SPI partner, indicating a partnership relationship.', 'HTX and the KNPA signed a Letter of Intent, indicating a formal agreement or partnership.', 'Shimadzu was named an SPI partner of HTX, indicating a partnership relationship.', ""Chen Yeang Tat, as Deputy Chief Executive (Operations) of HTX, plays a significant role in the organization's operations and was recognized for contributions to Homeland security."", ""Ng Yeow Boon, as Deputy Chief Executive (Development) of HTX, discussed training more officers in data science and AI roles, indicating his involvement in HTX's strategic direction."", ""Cheryl Tan serves as the Deputy Director at HTX, specifically within the Surveillance and Sensemaking Centre of Excellence (CoE). In her role, she is deeply involved in the development of AI-assisted tools designed to enhance cybersecurity measures. Her work focuses on leveraging artificial intelligence to create sophisticated solutions that aid in the surveillance and sensemaking capabilities of HTX, demonstrating her pivotal role in advancing the organization's technological frontiers in cybersecurity."", ""Chan Tsan serves as the Chief Executive of HTX, where he plays a pivotal role in steering the organization towards becoming an AI-first entity. His responsibilities include overseeing partnerships and innovation projects, which are crucial for HTX's growth and adaptation in the rapidly evolving tech landscape. Under his leadership, HTX has embarked on significant initiatives, one of which involved leading a delegation to Silicon Valley and Las Vegas. This move not only underscores his leadership role but also highlights HTX's commitment to fostering global partnerships and staying at the forefront of technological innovation. Chan Tsan's vision and direction for HTX emphasize the importance of integrating artificial intelligence into the core of the organization's operations and strategies, positioning HTX as a forward-thinking player in the industry."", 'HTX organized the HTX Annual Cycle Challenge, a significant event showcasing the commitment of its members.', ""The HTX Annual Report 2023 highlights the organization's achievements and innovations throughout the year."", 'HTX held a graduation ceremony for the HTX Associates Class of 2021, indicating its investment in developing future talent.', ""Colin Tan is involved in the programmatic aspects of HTX, aiding in its mission to secure Singapore's safety and security""]","The context provided does not specifically mention HTX's efforts in tackling deepfakes. However, given HTX's focus on leveraging advanced technology and its involvement in cybersecurity through the Surveillance and Sensemaking Centre of Excellence (CoE), it is likely that HTX is addressing deepfakes as part of its broader cybersecurity initiatives. Cheryl Tan, as the Deputy Director within this CoE, is involved in developing AI-assisted tools to enhance cybersecurity measures, which could potentially include efforts to detect and mitigate the impact of deepfakes.","HTX developed AI models that detect multiple types of deepfake video and audio, and it's training more officers in data science and analytics to scale digital defenses.",0.7142857142857143,0.0,0.0,
How does HTX support cybercrime investigations?,"[""HTX and IBM are collaborating on a significant 5G project aimed at enhancing the operational readiness and efficiency of the Singapore Civil Defence Force (SCDF) frontliners. This multi-party initiative underscores both organizations' commitment to leveraging advanced technology to support emergency services, ensuring that SCDF personnel are better equipped and more responsive during operations. Through this partnership, HTX and IBM are focusing on the innovative application of 5G technology to create solutions that directly benefit the SCDF's mission-critical activities, ultimately aiming to improve the overall safety and effectiveness of the frontliners' response to emergencies."", 'Lee Tzu Yang, as Chairman of the Public Service Commission, toured the HTX HQ to learn about its projects.', 'HTX collaborates with the Singapore Civil Defence Force to develop and implement technological solutions for emergency services.', 'HTX supports the Immigration and Checkpoints Authority with technology solutions for border control and immigration.', 'HTX provides the Singapore Prison Service with technological advancements to enhance the rehabilitation and management of offenders.', 'HTX aids the Central Narcotics Bureau by developing technologies to combat drug trafficking and enforce drug laws.', ""HTX works closely with the Singapore Police Force as part of its mission to secure Singapore's safety and security."", 'Members of the Public Service Commission toured HTX HQ, indicating a collaborative or informative relationship.', 'HTX onboarded Rohde & Schwarz as a new SPI partner, indicating a partnership relationship.', 'HTX onboarded Ensign as a new SPI partner, indicating a partnership relationship.', 'HTX and the KNPA signed a Letter of Intent, indicating a formal agreement or partnership.', 'Shimadzu was named an SPI partner of HTX, indicating a partnership relationship.', ""Chen Yeang Tat, as Deputy Chief Executive (Operations) of HTX, plays a significant role in the organization's operations and was recognized for contributions to Homeland security."", ""Ng Yeow Boon, as Deputy Chief Executive (Development) of HTX, discussed training more officers in data science and AI roles, indicating his involvement in HTX's strategic direction."", ""Cheryl Tan serves as the Deputy Director at HTX, specifically within the Surveillance and Sensemaking Centre of Excellence (CoE). In her role, she is deeply involved in the development of AI-assisted tools designed to enhance cybersecurity measures. Her work focuses on leveraging artificial intelligence to create sophisticated solutions that aid in the surveillance and sensemaking capabilities of HTX, demonstrating her pivotal role in advancing the organization's technological frontiers in cybersecurity."", ""Chan Tsan serves as the Chief Executive of HTX, where he plays a pivotal role in steering the organization towards becoming an AI-first entity. His responsibilities include overseeing partnerships and innovation projects, which are crucial for HTX's growth and adaptation in the rapidly evolving tech landscape. Under his leadership, HTX has embarked on significant initiatives, one of which involved leading a delegation to Silicon Valley and Las Vegas. This move not only underscores his leadership role but also highlights HTX's commitment to fostering global partnerships and staying at the forefront of technological innovation. Chan Tsan's vision and direction for HTX emphasize the importance of integrating artificial intelligence into the core of the organization's operations and strategies, positioning HTX as a forward-thinking player in the industry."", 'HTX organized the HTX Annual Cycle Challenge, a significant event showcasing the commitment of its members.', ""The HTX Annual Report 2023 highlights the organization's achievements and innovations throughout the year."", 'HTX held a graduation ceremony for the HTX Associates Class of 2021, indicating its investment in developing future talent.', ""Colin Tan is involved in the programmatic aspects of HTX, aiding in its mission to secure Singapore's safety and security""]","HTX supports cybercrime investigations through its Surveillance and Sensemaking Centre of Excellence (CoE), where Cheryl Tan, the Deputy Director, plays a significant role. She is involved in the development of AI-assisted tools designed to enhance cybersecurity measures. By leveraging artificial intelligence, HTX creates sophisticated solutions that aid in surveillance and sensemaking capabilities, which are crucial for effective cybercrime investigations. This approach demonstrates HTX's commitment to advancing its technological frontiers in cybersecurity and supporting efforts to combat cybercrime.","By building AI-assisted surveillance and sense-making tools, digital and information forensics capabilities, and partnering on training like SANS to uplift cyber skills.",0.5555555555555556,0.9999999999999992,0.0,
What is the SPI programme?,['No context retrieved.'],"The SPI programme, or the Strategic Prevention Initiative, is a comprehensive approach designed to address and mitigate specific issues or challenges within a community or organization. It typically involves a series of coordinated efforts and strategies aimed at preventing negative outcomes or enhancing positive ones. The programme may include education, policy development, community engagement, and other proactive measures to achieve its goals.","SPI stands for Strategic Partnership for Innovation‚Äîframework agreements with industry leaders to co-develop, pilot, and scale homeland security technologies faster.",0.0,1.0,0.0,0.0
What is the MoU with SANS about?,['No context retrieved.'],"I'm sorry, but the context you provided does not contain any information about a Memorandum of Understanding (MoU) with SANS. Could you please provide more details or context so I can assist you better?",MoU with SANS is a two-year collaboration to train HTX cybersecurity officers on SANS‚Äô proficiency roadmap and co-develop an intensive Capture-the-Flag programme.,1.0,0.0,0.0,0.0
Which international event did HTX feature in?,"[""HTX and IBM are collaborating on a significant 5G project aimed at enhancing the operational readiness and efficiency of the Singapore Civil Defence Force (SCDF) frontliners. This multi-party initiative underscores both organizations' commitment to leveraging advanced technology to support emergency services, ensuring that SCDF personnel are better equipped and more responsive during operations. Through this partnership, HTX and IBM are focusing on the innovative application of 5G technology to create solutions that directly benefit the SCDF's mission-critical activities, ultimately aiming to improve the overall safety and effectiveness of the frontliners' response to emergencies."", 'Lee Tzu Yang, as Chairman of the Public Service Commission, toured the HTX HQ to learn about its projects.', 'HTX collaborates with the Singapore Civil Defence Force to develop and implement technological solutions for emergency services.', 'HTX supports the Immigration and Checkpoints Authority with technology solutions for border control and immigration.', 'HTX provides the Singapore Prison Service with technological advancements to enhance the rehabilitation and management of offenders.', 'HTX aids the Central Narcotics Bureau by developing technologies to combat drug trafficking and enforce drug laws.', ""HTX works closely with the Singapore Police Force as part of its mission to secure Singapore's safety and security."", 'Members of the Public Service Commission toured HTX HQ, indicating a collaborative or informative relationship.', 'HTX onboarded Rohde & Schwarz as a new SPI partner, indicating a partnership relationship.', 'HTX onboarded Ensign as a new SPI partner, indicating a partnership relationship.', 'HTX and the KNPA signed a Letter of Intent, indicating a formal agreement or partnership.', 'Shimadzu was named an SPI partner of HTX, indicating a partnership relationship.', ""Chen Yeang Tat, as Deputy Chief Executive (Operations) of HTX, plays a significant role in the organization's operations and was recognized for contributions to Homeland security."", ""Ng Yeow Boon, as Deputy Chief Executive (Development) of HTX, discussed training more officers in data science and AI roles, indicating his involvement in HTX's strategic direction."", ""Cheryl Tan serves as the Deputy Director at HTX, specifically within the Surveillance and Sensemaking Centre of Excellence (CoE). In her role, she is deeply involved in the development of AI-assisted tools designed to enhance cybersecurity measures. Her work focuses on leveraging artificial intelligence to create sophisticated solutions that aid in the surveillance and sensemaking capabilities of HTX, demonstrating her pivotal role in advancing the organization's technological frontiers in cybersecurity."", ""Chan Tsan serves as the Chief Executive of HTX, where he plays a pivotal role in steering the organization towards becoming an AI-first entity. His responsibilities include overseeing partnerships and innovation projects, which are crucial for HTX's growth and adaptation in the rapidly evolving tech landscape. Under his leadership, HTX has embarked on significant initiatives, one of which involved leading a delegation to Silicon Valley and Las Vegas. This move not only underscores his leadership role but also highlights HTX's commitment to fostering global partnerships and staying at the forefront of technological innovation. Chan Tsan's vision and direction for HTX emphasize the importance of integrating artificial intelligence into the core of the organization's operations and strategies, positioning HTX as a forward-thinking player in the industry."", 'HTX organized the HTX Annual Cycle Challenge, a significant event showcasing the commitment of its members.', ""The HTX Annual Report 2023 highlights the organization's achievements and innovations throughout the year."", 'HTX held a graduation ceremony for the HTX Associates Class of 2021, indicating its investment in developing future talent.', ""Colin Tan is involved in the programmatic aspects of HTX, aiding in its mission to secure Singapore's safety and security""]",HTX featured in an international event by leading a delegation to Silicon Valley and Las Vegas.,"HTX participated in Milipol Paris 2023, a global homeland security expo, to showcase capabilities and forge collaborations, including agreements with France's Interior Ministry.",0.6666666666666666,,0.0,
What collaborations were signed around Milipol?,['No context retrieved.'],"I'm sorry, but the context provided does not contain information about any collaborations signed around Milipol. Could you please provide more details or context?",HTX inked a strategic agreement with IDEMIA and signed an Administrative Agreement with France's Ministry of Interior to deepen S&T cooperation.,0.5,,0.0,0.0
What local outreach did HTX do in 2023?,"[""HTX and IBM are collaborating on a significant 5G project aimed at enhancing the operational readiness and efficiency of the Singapore Civil Defence Force (SCDF) frontliners. This multi-party initiative underscores both organizations' commitment to leveraging advanced technology to support emergency services, ensuring that SCDF personnel are better equipped and more responsive during operations. Through this partnership, HTX and IBM are focusing on the innovative application of 5G technology to create solutions that directly benefit the SCDF's mission-critical activities, ultimately aiming to improve the overall safety and effectiveness of the frontliners' response to emergencies."", 'Lee Tzu Yang, as Chairman of the Public Service Commission, toured the HTX HQ to learn about its projects.', 'HTX collaborates with the Singapore Civil Defence Force to develop and implement technological solutions for emergency services.', 'HTX supports the Immigration and Checkpoints Authority with technology solutions for border control and immigration.', 'HTX provides the Singapore Prison Service with technological advancements to enhance the rehabilitation and management of offenders.', 'HTX aids the Central Narcotics Bureau by developing technologies to combat drug trafficking and enforce drug laws.', ""HTX works closely with the Singapore Police Force as part of its mission to secure Singapore's safety and security."", 'Members of the Public Service Commission toured HTX HQ, indicating a collaborative or informative relationship.', 'HTX onboarded Rohde & Schwarz as a new SPI partner, indicating a partnership relationship.', 'HTX onboarded Ensign as a new SPI partner, indicating a partnership relationship.', 'HTX and the KNPA signed a Letter of Intent, indicating a formal agreement or partnership.', 'Shimadzu was named an SPI partner of HTX, indicating a partnership relationship.', ""Chen Yeang Tat, as Deputy Chief Executive (Operations) of HTX, plays a significant role in the organization's operations and was recognized for contributions to Homeland security."", ""Ng Yeow Boon, as Deputy Chief Executive (Development) of HTX, discussed training more officers in data science and AI roles, indicating his involvement in HTX's strategic direction."", ""Cheryl Tan serves as the Deputy Director at HTX, specifically within the Surveillance and Sensemaking Centre of Excellence (CoE). In her role, she is deeply involved in the development of AI-assisted tools designed to enhance cybersecurity measures. Her work focuses on leveraging artificial intelligence to create sophisticated solutions that aid in the surveillance and sensemaking capabilities of HTX, demonstrating her pivotal role in advancing the organization's technological frontiers in cybersecurity."", ""Chan Tsan serves as the Chief Executive of HTX, where he plays a pivotal role in steering the organization towards becoming an AI-first entity. His responsibilities include overseeing partnerships and innovation projects, which are crucial for HTX's growth and adaptation in the rapidly evolving tech landscape. Under his leadership, HTX has embarked on significant initiatives, one of which involved leading a delegation to Silicon Valley and Las Vegas. This move not only underscores his leadership role but also highlights HTX's commitment to fostering global partnerships and staying at the forefront of technological innovation. Chan Tsan's vision and direction for HTX emphasize the importance of integrating artificial intelligence into the core of the organization's operations and strategies, positioning HTX as a forward-thinking player in the industry."", 'HTX organized the HTX Annual Cycle Challenge, a significant event showcasing the commitment of its members.', ""The HTX Annual Report 2023 highlights the organization's achievements and innovations throughout the year."", 'HTX held a graduation ceremony for the HTX Associates Class of 2021, indicating its investment in developing future talent.', ""Colin Tan is involved in the programmatic aspects of HTX, aiding in its mission to secure Singapore's safety and security""]","In 2023, HTX organized the HTX Annual Cycle Challenge, which was a significant event showcasing the commitment of its members. Additionally, HTX held a graduation ceremony for the HTX Associates Class of 2021, indicating its investment in developing future talent. These activities reflect HTX's local outreach efforts to engage with and develop its community and workforce.","It ran its first career fair at LaunchPad, brought the HTXpress to schools, hosted Family Day Out, and engaged students at events like the Home Team Festival and SSEF.",0.375,,0.0,
What is HTXpress?,['No context retrieved.'],HTXpress is not defined in the provided context. Please provide more information or context about HTXpress for a more accurate answer.,"HTXpress is a mobile experience that lets students and visitors try games, test reflexes, and see Home Team tech in action, making STEM careers more tangible and fun.",1.0,,0.0,0.0
What is HacX! ‚Äì Hack for Public Safety?,['No context retrieved.'],"HacX! – Hack for Public Safety is likely an event or initiative focused on using technology and innovation to address challenges related to public safety. Such events typically bring together developers, designers, and other professionals to collaborate on creating solutions that can improve safety measures, emergency response, and community well-being. Participants might work on projects involving software development, data analysis, or hardware prototyping to tackle issues like crime prevention, disaster response, or public health.","It's a five-week hackathon co-organized with Microsoft for pre-U, poly, and university students to build solutions for frontline safety, crime deterrence, and lifesaving.",0.0,0.9899559844744834,0.0,0.0
How is HTX building an AI-first strategy?,['No context retrieved.'],"To provide an accurate answer, I would need more specific information about HTX's initiatives, goals, and projects related to their AI-first strategy. Generally, an AI-first strategy involves prioritizing the integration and development of artificial intelligence technologies across various aspects of an organization. This can include investing in AI research and development, implementing AI-driven solutions to improve operational efficiency, enhancing customer experiences through AI, and fostering a culture that supports innovation and data-driven decision-making. If you have more detailed context or specific initiatives that HTX is undertaking, I can offer a more tailored response.","Leadership is investing in AI talent, training Xponents, and embedding generative and applied AI across programmes to stay ahead of evolving threats.",0.0,0.0,0.0,0.0
What culture does HTX promote?,['No context retrieved.'],"I'm sorry, but the context you provided is empty. Could you please provide more information or context about HTX so I can accurately answer your question about the culture it promotes?","HTX culture emphasizes teamwork, empathy, exuberance, foresight, and innovation‚Äîrewarding experimentation and learning fast from failures to improve capabilities.",1.0,,0.0,0.0
What is the Undaunted Award?,['No context retrieved.'],"The Undaunted Award is not explicitly defined in the provided context. However, generally speaking, an ""Undaunted Award"" could be an accolade given to individuals or groups who have demonstrated exceptional courage, resilience, or determination in the face of challenges. If you have more specific information or context about the award, I can provide a more detailed answer.","The Undaunted Award recognizes teams and individuals who took calculated risks, learned from setbacks, and iterated to deliver better solutions for the Home Team.",0.25,0.0,0.0,0.0
How does TIGER support innovation?,['No context retrieved.'],"TIGER supports innovation by providing resources, funding, and a collaborative environment that encourages the development and implementation of new ideas and technologies. It fosters partnerships between various stakeholders, including businesses, researchers, and government entities, to drive forward-thinking solutions and advancements in various fields. Additionally, TIGER may offer mentorship, workshops, and networking opportunities to help innovators refine their ideas and bring them to market.","TIGER, HTX's innovation lab, runs learning festivals and fireside chats with industry veterans to demystify innovation and share hard-won lessons across teams.",0.0,0.9999984961567244,0.0,0.0
Which Home Team Departments does HTX support?,"[""HTX and IBM are collaborating on a significant 5G project aimed at enhancing the operational readiness and efficiency of the Singapore Civil Defence Force (SCDF) frontliners. This multi-party initiative underscores both organizations' commitment to leveraging advanced technology to support emergency services, ensuring that SCDF personnel are better equipped and more responsive during operations. Through this partnership, HTX and IBM are focusing on the innovative application of 5G technology to create solutions that directly benefit the SCDF's mission-critical activities, ultimately aiming to improve the overall safety and effectiveness of the frontliners' response to emergencies."", 'Lee Tzu Yang, as Chairman of the Public Service Commission, toured the HTX HQ to learn about its projects.', 'HTX collaborates with the Singapore Civil Defence Force to develop and implement technological solutions for emergency services.', 'HTX supports the Immigration and Checkpoints Authority with technology solutions for border control and immigration.', 'HTX provides the Singapore Prison Service with technological advancements to enhance the rehabilitation and management of offenders.', 'HTX aids the Central Narcotics Bureau by developing technologies to combat drug trafficking and enforce drug laws.', ""HTX works closely with the Singapore Police Force as part of its mission to secure Singapore's safety and security."", 'Members of the Public Service Commission toured HTX HQ, indicating a collaborative or informative relationship.', 'HTX onboarded Rohde & Schwarz as a new SPI partner, indicating a partnership relationship.', 'HTX onboarded Ensign as a new SPI partner, indicating a partnership relationship.', 'HTX and the KNPA signed a Letter of Intent, indicating a formal agreement or partnership.', 'Shimadzu was named an SPI partner of HTX, indicating a partnership relationship.', ""Chen Yeang Tat, as Deputy Chief Executive (Operations) of HTX, plays a significant role in the organization's operations and was recognized for contributions to Homeland security."", ""Ng Yeow Boon, as Deputy Chief Executive (Development) of HTX, discussed training more officers in data science and AI roles, indicating his involvement in HTX's strategic direction."", ""Cheryl Tan serves as the Deputy Director at HTX, specifically within the Surveillance and Sensemaking Centre of Excellence (CoE). In her role, she is deeply involved in the development of AI-assisted tools designed to enhance cybersecurity measures. Her work focuses on leveraging artificial intelligence to create sophisticated solutions that aid in the surveillance and sensemaking capabilities of HTX, demonstrating her pivotal role in advancing the organization's technological frontiers in cybersecurity."", ""Chan Tsan serves as the Chief Executive of HTX, where he plays a pivotal role in steering the organization towards becoming an AI-first entity. His responsibilities include overseeing partnerships and innovation projects, which are crucial for HTX's growth and adaptation in the rapidly evolving tech landscape. Under his leadership, HTX has embarked on significant initiatives, one of which involved leading a delegation to Silicon Valley and Las Vegas. This move not only underscores his leadership role but also highlights HTX's commitment to fostering global partnerships and staying at the forefront of technological innovation. Chan Tsan's vision and direction for HTX emphasize the importance of integrating artificial intelligence into the core of the organization's operations and strategies, positioning HTX as a forward-thinking player in the industry."", 'HTX organized the HTX Annual Cycle Challenge, a significant event showcasing the commitment of its members.', ""The HTX Annual Report 2023 highlights the organization's achievements and innovations throughout the year."", 'HTX held a graduation ceremony for the HTX Associates Class of 2021, indicating its investment in developing future talent.', ""Colin Tan is involved in the programmatic aspects of HTX, aiding in its mission to secure Singapore's safety and security""]","HTX supports the following Home Team Departments:

1. Singapore Civil Defence Force (SCDF)
2. Immigration and Checkpoints Authority
3. Singapore Prison Service
4. Central Narcotics Bureau
5. Singapore Police Force","HTX supports the Singapore Police Force, SCDF, Immigration & Checkpoints Authority, Singapore Prison Service, and Central Narcotics Bureau with S&T.",1.0,0.9999986179309536,1.0,
What is APCS?,['No context retrieved.'],"APCS can refer to several things depending on the context. It could stand for Advanced Placement Computer Science, which is a course and examination offered by the College Board in the United States for high school students. It could also refer to other organizations or terms, such as the Association of Professional Compliance Consultants or the Automatic Passenger Counting System used in public transportation. Without additional context, it's difficult to determine the exact meaning.",The Automated Passenger Clearance System enables faster self-service immigration clearance with strong identity verification measures.,1.0,,0.0,0.0
How does HTX support HazMat ops?,"[""HTX and IBM are collaborating on a significant 5G project aimed at enhancing the operational readiness and efficiency of the Singapore Civil Defence Force (SCDF) frontliners. This multi-party initiative underscores both organizations' commitment to leveraging advanced technology to support emergency services, ensuring that SCDF personnel are better equipped and more responsive during operations. Through this partnership, HTX and IBM are focusing on the innovative application of 5G technology to create solutions that directly benefit the SCDF's mission-critical activities, ultimately aiming to improve the overall safety and effectiveness of the frontliners' response to emergencies."", 'Lee Tzu Yang, as Chairman of the Public Service Commission, toured the HTX HQ to learn about its projects.', 'HTX collaborates with the Singapore Civil Defence Force to develop and implement technological solutions for emergency services.', 'HTX supports the Immigration and Checkpoints Authority with technology solutions for border control and immigration.', 'HTX provides the Singapore Prison Service with technological advancements to enhance the rehabilitation and management of offenders.', 'HTX aids the Central Narcotics Bureau by developing technologies to combat drug trafficking and enforce drug laws.', ""HTX works closely with the Singapore Police Force as part of its mission to secure Singapore's safety and security."", 'Members of the Public Service Commission toured HTX HQ, indicating a collaborative or informative relationship.', 'HTX onboarded Rohde & Schwarz as a new SPI partner, indicating a partnership relationship.', 'HTX onboarded Ensign as a new SPI partner, indicating a partnership relationship.', 'HTX and the KNPA signed a Letter of Intent, indicating a formal agreement or partnership.', 'Shimadzu was named an SPI partner of HTX, indicating a partnership relationship.', ""Chen Yeang Tat, as Deputy Chief Executive (Operations) of HTX, plays a significant role in the organization's operations and was recognized for contributions to Homeland security."", ""Ng Yeow Boon, as Deputy Chief Executive (Development) of HTX, discussed training more officers in data science and AI roles, indicating his involvement in HTX's strategic direction."", ""Cheryl Tan serves as the Deputy Director at HTX, specifically within the Surveillance and Sensemaking Centre of Excellence (CoE). In her role, she is deeply involved in the development of AI-assisted tools designed to enhance cybersecurity measures. Her work focuses on leveraging artificial intelligence to create sophisticated solutions that aid in the surveillance and sensemaking capabilities of HTX, demonstrating her pivotal role in advancing the organization's technological frontiers in cybersecurity."", ""Chan Tsan serves as the Chief Executive of HTX, where he plays a pivotal role in steering the organization towards becoming an AI-first entity. His responsibilities include overseeing partnerships and innovation projects, which are crucial for HTX's growth and adaptation in the rapidly evolving tech landscape. Under his leadership, HTX has embarked on significant initiatives, one of which involved leading a delegation to Silicon Valley and Las Vegas. This move not only underscores his leadership role but also highlights HTX's commitment to fostering global partnerships and staying at the forefront of technological innovation. Chan Tsan's vision and direction for HTX emphasize the importance of integrating artificial intelligence into the core of the organization's operations and strategies, positioning HTX as a forward-thinking player in the industry."", 'HTX organized the HTX Annual Cycle Challenge, a significant event showcasing the commitment of its members.', ""The HTX Annual Report 2023 highlights the organization's achievements and innovations throughout the year."", 'HTX held a graduation ceremony for the HTX Associates Class of 2021, indicating its investment in developing future talent.', ""Colin Tan is involved in the programmatic aspects of HTX, aiding in its mission to secure Singapore's safety and security""]","The context provided does not explicitly mention HTX's support for HazMat (Hazardous Materials) operations. However, given HTX's collaboration with the Singapore Civil Defence Force (SCDF) to enhance operational readiness and efficiency, it is likely that HTX's technological solutions and innovations, particularly in the realm of 5G technology, could indirectly support HazMat operations by improving communication, coordination, and response times during emergencies. Additionally, HTX's focus on developing and implementing technological solutions for emergency services suggests that they may provide tools or systems that aid in managing hazardous materials incidents as part of their broader mission to enhance safety and security.","Solutions like Rover-X, a quadruped robot, help SCDF operate in hazardous areas remotely, keeping responders safer while gathering critical data.",0.7,,0.0,
What is EXCEL?,['No context retrieved.'],"EXCEL is a spreadsheet program developed by Microsoft that is part of the Microsoft Office suite of productivity software. It is widely used for data organization, calculation, and analysis, featuring tools for creating complex formulas, generating charts and graphs, and managing large datasets. Excel is popular in various fields for tasks such as financial analysis, budgeting, data visualization, and more.","It's the Emergency Responders‚Äô Fitness Conditioning and Enhancement Lab, co-developed with SCDF to train and condition responders using science-based methods.",0.0,,0.0,0.0
What partnerships exist in academia?,['No context retrieved.'],"Partnerships in academia can take various forms, including:

1. **Research Collaborations**: Universities and research institutions often partner to conduct joint research projects. These collaborations can be between departments within the same institution or between different institutions, both nationally and internationally.

2. **Industry Partnerships**: Academic institutions frequently partner with companies and industries to conduct research, develop new technologies, and provide students with practical experience through internships and co-op programs.

3. **Consortia and Networks**: Academic institutions may join consortia or networks to pool resources, share knowledge, and address common challenges. These can be focused on specific research areas or broader educational goals.

4. **Exchange Programs**: Partnerships between universities can facilitate student and faculty exchanges, allowing for cultural exchange and the sharing of academic expertise.

5. **Joint Degree Programs**: Some institutions collaborate to offer joint degree programs, where students can earn degrees from multiple universities, often in different countries.

6. **Public-Private Partnerships**: These involve collaborations between academic institutions and government or non-profit organizations to address societal issues, often with a focus on public health, education, or community development.

7. **Interdisciplinary Initiatives**: Universities may partner across disciplines to tackle complex problems that require diverse expertise, such as climate change or global health issues.

These partnerships enhance the educational experience, expand research capabilities, and contribute to societal advancement.","HTX collaborates with A*STAR, NUS, NTU, SUTD, SIT, Fraunhofer, MIT CSAIL, and IEEE, blending applied research with operational needs.",0.0,0.9545601364853432,0.0,0.0
Which local agencies partner with HTX?,"[""HTX and IBM are collaborating on a significant 5G project aimed at enhancing the operational readiness and efficiency of the Singapore Civil Defence Force (SCDF) frontliners. This multi-party initiative underscores both organizations' commitment to leveraging advanced technology to support emergency services, ensuring that SCDF personnel are better equipped and more responsive during operations. Through this partnership, HTX and IBM are focusing on the innovative application of 5G technology to create solutions that directly benefit the SCDF's mission-critical activities, ultimately aiming to improve the overall safety and effectiveness of the frontliners' response to emergencies."", 'Lee Tzu Yang, as Chairman of the Public Service Commission, toured the HTX HQ to learn about its projects.', 'HTX collaborates with the Singapore Civil Defence Force to develop and implement technological solutions for emergency services.', 'HTX supports the Immigration and Checkpoints Authority with technology solutions for border control and immigration.', 'HTX provides the Singapore Prison Service with technological advancements to enhance the rehabilitation and management of offenders.', 'HTX aids the Central Narcotics Bureau by developing technologies to combat drug trafficking and enforce drug laws.', ""HTX works closely with the Singapore Police Force as part of its mission to secure Singapore's safety and security."", 'Members of the Public Service Commission toured HTX HQ, indicating a collaborative or informative relationship.', 'HTX onboarded Rohde & Schwarz as a new SPI partner, indicating a partnership relationship.', 'HTX onboarded Ensign as a new SPI partner, indicating a partnership relationship.', 'HTX and the KNPA signed a Letter of Intent, indicating a formal agreement or partnership.', 'Shimadzu was named an SPI partner of HTX, indicating a partnership relationship.', ""Chen Yeang Tat, as Deputy Chief Executive (Operations) of HTX, plays a significant role in the organization's operations and was recognized for contributions to Homeland security."", ""Ng Yeow Boon, as Deputy Chief Executive (Development) of HTX, discussed training more officers in data science and AI roles, indicating his involvement in HTX's strategic direction."", ""Cheryl Tan serves as the Deputy Director at HTX, specifically within the Surveillance and Sensemaking Centre of Excellence (CoE). In her role, she is deeply involved in the development of AI-assisted tools designed to enhance cybersecurity measures. Her work focuses on leveraging artificial intelligence to create sophisticated solutions that aid in the surveillance and sensemaking capabilities of HTX, demonstrating her pivotal role in advancing the organization's technological frontiers in cybersecurity."", ""Chan Tsan serves as the Chief Executive of HTX, where he plays a pivotal role in steering the organization towards becoming an AI-first entity. His responsibilities include overseeing partnerships and innovation projects, which are crucial for HTX's growth and adaptation in the rapidly evolving tech landscape. Under his leadership, HTX has embarked on significant initiatives, one of which involved leading a delegation to Silicon Valley and Las Vegas. This move not only underscores his leadership role but also highlights HTX's commitment to fostering global partnerships and staying at the forefront of technological innovation. Chan Tsan's vision and direction for HTX emphasize the importance of integrating artificial intelligence into the core of the organization's operations and strategies, positioning HTX as a forward-thinking player in the industry."", 'HTX organized the HTX Annual Cycle Challenge, a significant event showcasing the commitment of its members.', ""The HTX Annual Report 2023 highlights the organization's achievements and innovations throughout the year."", 'HTX held a graduation ceremony for the HTX Associates Class of 2021, indicating its investment in developing future talent.', ""Colin Tan is involved in the programmatic aspects of HTX, aiding in its mission to secure Singapore's safety and security""]","The local agencies that partner with HTX are:

1. Singapore Civil Defence Force (SCDF)
2. Immigration and Checkpoints Authority
3. Singapore Prison Service
4. Central Narcotics Bureau
5. Singapore Police Force","Partners include GovTech, DSTA, DSO, HSA, IMDA, LTA, NEA, NParks, MOM, Smart Nation and Digital Government Office, among others.",1.0,0.9999981627718904,0.0,
Which foreign agencies engage HTX?,"[""HTX and IBM are collaborating on a significant 5G project aimed at enhancing the operational readiness and efficiency of the Singapore Civil Defence Force (SCDF) frontliners. This multi-party initiative underscores both organizations' commitment to leveraging advanced technology to support emergency services, ensuring that SCDF personnel are better equipped and more responsive during operations. Through this partnership, HTX and IBM are focusing on the innovative application of 5G technology to create solutions that directly benefit the SCDF's mission-critical activities, ultimately aiming to improve the overall safety and effectiveness of the frontliners' response to emergencies."", 'Lee Tzu Yang, as Chairman of the Public Service Commission, toured the HTX HQ to learn about its projects.', 'HTX collaborates with the Singapore Civil Defence Force to develop and implement technological solutions for emergency services.', 'HTX supports the Immigration and Checkpoints Authority with technology solutions for border control and immigration.', 'HTX provides the Singapore Prison Service with technological advancements to enhance the rehabilitation and management of offenders.', 'HTX aids the Central Narcotics Bureau by developing technologies to combat drug trafficking and enforce drug laws.', ""HTX works closely with the Singapore Police Force as part of its mission to secure Singapore's safety and security."", 'Members of the Public Service Commission toured HTX HQ, indicating a collaborative or informative relationship.', 'HTX onboarded Rohde & Schwarz as a new SPI partner, indicating a partnership relationship.', 'HTX onboarded Ensign as a new SPI partner, indicating a partnership relationship.', 'HTX and the KNPA signed a Letter of Intent, indicating a formal agreement or partnership.', 'Shimadzu was named an SPI partner of HTX, indicating a partnership relationship.', ""Chen Yeang Tat, as Deputy Chief Executive (Operations) of HTX, plays a significant role in the organization's operations and was recognized for contributions to Homeland security."", ""Ng Yeow Boon, as Deputy Chief Executive (Development) of HTX, discussed training more officers in data science and AI roles, indicating his involvement in HTX's strategic direction."", ""Cheryl Tan serves as the Deputy Director at HTX, specifically within the Surveillance and Sensemaking Centre of Excellence (CoE). In her role, she is deeply involved in the development of AI-assisted tools designed to enhance cybersecurity measures. Her work focuses on leveraging artificial intelligence to create sophisticated solutions that aid in the surveillance and sensemaking capabilities of HTX, demonstrating her pivotal role in advancing the organization's technological frontiers in cybersecurity."", ""Chan Tsan serves as the Chief Executive of HTX, where he plays a pivotal role in steering the organization towards becoming an AI-first entity. His responsibilities include overseeing partnerships and innovation projects, which are crucial for HTX's growth and adaptation in the rapidly evolving tech landscape. Under his leadership, HTX has embarked on significant initiatives, one of which involved leading a delegation to Silicon Valley and Las Vegas. This move not only underscores his leadership role but also highlights HTX's commitment to fostering global partnerships and staying at the forefront of technological innovation. Chan Tsan's vision and direction for HTX emphasize the importance of integrating artificial intelligence into the core of the organization's operations and strategies, positioning HTX as a forward-thinking player in the industry."", 'HTX organized the HTX Annual Cycle Challenge, a significant event showcasing the commitment of its members.', ""The HTX Annual Report 2023 highlights the organization's achievements and innovations throughout the year."", 'HTX held a graduation ceremony for the HTX Associates Class of 2021, indicating its investment in developing future talent.', ""Colin Tan is involved in the programmatic aspects of HTX, aiding in its mission to secure Singapore's safety and security""]","The foreign agency that engages with HTX is the Korean National Police Agency (KNPA). They have signed a Letter of Intent with HTX, indicating a formal agreement or partnership.","Collaborations span DHS (US), Australian Border Force, Dutch police and ministries, Korea's National Police Agency, and France's Interior Ministry.",1.0,,0.0,
What media recognition did HTX receive?,['No context retrieved.'],"I'm sorry, but the provided context does not contain any information about media recognition received by HTX. Could you please provide more details or context?","HTX was named among Singapore's Best Employers by The Straits Times/Statista, and featured across CNA and Lianhe Zaobao for AI and deepfake work.",1.0,0.0,0.0,0.0
What major staff events were held?,['No context retrieved.'],"I'm sorry, but the context you provided does not contain any information about major staff events. Could you please provide more details or context so I can assist you better?","HTX held its inaugural promotion dinner, Annual Cycle, Annual Walk & Run, and a lively Annual Dinner & Dance marking its fourth anniversary.",1.0,,0.0,0.0
How is HTX developing talent pipelines?,['No context retrieved.'],"HTX is developing talent pipelines by implementing strategic initiatives focused on attracting, nurturing, and retaining skilled individuals. This includes partnerships with educational institutions to create tailored training programs, offering internships and apprenticeships to provide hands-on experience, and investing in continuous professional development opportunities for employees. Additionally, HTX may focus on fostering a diverse and inclusive work environment to appeal to a broad range of talent.","Through scholarships, associates‚Äô programmes, school outreach, hackathons, and career fairs that spotlight meaningful S&T impact on safety.",0.0,,0.0,0.0
What is the Women in HTX initiative?,['No context retrieved.'],"The Women in HTX initiative is a program or movement focused on supporting and empowering women in the Houston, Texas area (often abbreviated as HTX). This initiative likely aims to provide resources, networking opportunities, and advocacy for women in various sectors, promoting gender equality and enhancing the role of women in the community.","The Women in HTX initiative is a programme launched on International Women's Day to champion gender diversity, equality, and inclusive practices across the agency.",0.0,,0.0,0.0
What are HTX's sustainability goals?,['No context retrieved.'],"I'm sorry, but the context you provided does not contain information about HTX's sustainability goals. Could you please provide more details or context?","By 2030, reduce energy and water indices by 10% and waste by 30%, and achieve net-zero emissions by 2045 through efficiency and engagement.",1.0,,0.0,0.0
How will HTX cut emissions?,['No context retrieved.'],"I'm sorry, but the context needed to answer the question about how HTX will cut emissions is not provided. Please provide more information or context so I can assist you better.","By buying energy-efficient equipment, managing usage like lights-off periods, educating staff, and partnering landlords to reduce building footprints.",1.0,,0.0,0.0
Who chairs HTX's board?,"[""HTX and IBM are collaborating on a significant 5G project aimed at enhancing the operational readiness and efficiency of the Singapore Civil Defence Force (SCDF) frontliners. This multi-party initiative underscores both organizations' commitment to leveraging advanced technology to support emergency services, ensuring that SCDF personnel are better equipped and more responsive during operations. Through this partnership, HTX and IBM are focusing on the innovative application of 5G technology to create solutions that directly benefit the SCDF's mission-critical activities, ultimately aiming to improve the overall safety and effectiveness of the frontliners' response to emergencies."", 'Lee Tzu Yang, as Chairman of the Public Service Commission, toured the HTX HQ to learn about its projects.', 'HTX collaborates with the Singapore Civil Defence Force to develop and implement technological solutions for emergency services.', 'HTX supports the Immigration and Checkpoints Authority with technology solutions for border control and immigration.', 'HTX provides the Singapore Prison Service with technological advancements to enhance the rehabilitation and management of offenders.', 'HTX aids the Central Narcotics Bureau by developing technologies to combat drug trafficking and enforce drug laws.', ""HTX works closely with the Singapore Police Force as part of its mission to secure Singapore's safety and security."", 'Members of the Public Service Commission toured HTX HQ, indicating a collaborative or informative relationship.', 'HTX onboarded Rohde & Schwarz as a new SPI partner, indicating a partnership relationship.', 'HTX onboarded Ensign as a new SPI partner, indicating a partnership relationship.', 'HTX and the KNPA signed a Letter of Intent, indicating a formal agreement or partnership.', 'Shimadzu was named an SPI partner of HTX, indicating a partnership relationship.', ""Chen Yeang Tat, as Deputy Chief Executive (Operations) of HTX, plays a significant role in the organization's operations and was recognized for contributions to Homeland security."", ""Ng Yeow Boon, as Deputy Chief Executive (Development) of HTX, discussed training more officers in data science and AI roles, indicating his involvement in HTX's strategic direction."", ""Cheryl Tan serves as the Deputy Director at HTX, specifically within the Surveillance and Sensemaking Centre of Excellence (CoE). In her role, she is deeply involved in the development of AI-assisted tools designed to enhance cybersecurity measures. Her work focuses on leveraging artificial intelligence to create sophisticated solutions that aid in the surveillance and sensemaking capabilities of HTX, demonstrating her pivotal role in advancing the organization's technological frontiers in cybersecurity."", ""Chan Tsan serves as the Chief Executive of HTX, where he plays a pivotal role in steering the organization towards becoming an AI-first entity. His responsibilities include overseeing partnerships and innovation projects, which are crucial for HTX's growth and adaptation in the rapidly evolving tech landscape. Under his leadership, HTX has embarked on significant initiatives, one of which involved leading a delegation to Silicon Valley and Las Vegas. This move not only underscores his leadership role but also highlights HTX's commitment to fostering global partnerships and staying at the forefront of technological innovation. Chan Tsan's vision and direction for HTX emphasize the importance of integrating artificial intelligence into the core of the organization's operations and strategies, positioning HTX as a forward-thinking player in the industry."", 'HTX organized the HTX Annual Cycle Challenge, a significant event showcasing the commitment of its members.', ""The HTX Annual Report 2023 highlights the organization's achievements and innovations throughout the year."", 'HTX held a graduation ceremony for the HTX Associates Class of 2021, indicating its investment in developing future talent.', ""Colin Tan is involved in the programmatic aspects of HTX, aiding in its mission to secure Singapore's safety and security""]",The context provided does not specify who chairs HTX's board.,"Aubeck Kam serves as Chairman, bringing whole-of-government perspective alongside leaders from the Home Team and industry on the board.",1.0,0.0,0.0,
Who is HTX's Chief Executive?,"[""HTX and IBM are collaborating on a significant 5G project aimed at enhancing the operational readiness and efficiency of the Singapore Civil Defence Force (SCDF) frontliners. This multi-party initiative underscores both organizations' commitment to leveraging advanced technology to support emergency services, ensuring that SCDF personnel are better equipped and more responsive during operations. Through this partnership, HTX and IBM are focusing on the innovative application of 5G technology to create solutions that directly benefit the SCDF's mission-critical activities, ultimately aiming to improve the overall safety and effectiveness of the frontliners' response to emergencies."", 'Lee Tzu Yang, as Chairman of the Public Service Commission, toured the HTX HQ to learn about its projects.', 'HTX collaborates with the Singapore Civil Defence Force to develop and implement technological solutions for emergency services.', 'HTX supports the Immigration and Checkpoints Authority with technology solutions for border control and immigration.', 'HTX provides the Singapore Prison Service with technological advancements to enhance the rehabilitation and management of offenders.', 'HTX aids the Central Narcotics Bureau by developing technologies to combat drug trafficking and enforce drug laws.', ""HTX works closely with the Singapore Police Force as part of its mission to secure Singapore's safety and security."", 'Members of the Public Service Commission toured HTX HQ, indicating a collaborative or informative relationship.', 'HTX onboarded Rohde & Schwarz as a new SPI partner, indicating a partnership relationship.', 'HTX onboarded Ensign as a new SPI partner, indicating a partnership relationship.', 'HTX and the KNPA signed a Letter of Intent, indicating a formal agreement or partnership.', 'Shimadzu was named an SPI partner of HTX, indicating a partnership relationship.', ""Chen Yeang Tat, as Deputy Chief Executive (Operations) of HTX, plays a significant role in the organization's operations and was recognized for contributions to Homeland security."", ""Ng Yeow Boon, as Deputy Chief Executive (Development) of HTX, discussed training more officers in data science and AI roles, indicating his involvement in HTX's strategic direction."", ""Cheryl Tan serves as the Deputy Director at HTX, specifically within the Surveillance and Sensemaking Centre of Excellence (CoE). In her role, she is deeply involved in the development of AI-assisted tools designed to enhance cybersecurity measures. Her work focuses on leveraging artificial intelligence to create sophisticated solutions that aid in the surveillance and sensemaking capabilities of HTX, demonstrating her pivotal role in advancing the organization's technological frontiers in cybersecurity."", ""Chan Tsan serves as the Chief Executive of HTX, where he plays a pivotal role in steering the organization towards becoming an AI-first entity. His responsibilities include overseeing partnerships and innovation projects, which are crucial for HTX's growth and adaptation in the rapidly evolving tech landscape. Under his leadership, HTX has embarked on significant initiatives, one of which involved leading a delegation to Silicon Valley and Las Vegas. This move not only underscores his leadership role but also highlights HTX's commitment to fostering global partnerships and staying at the forefront of technological innovation. Chan Tsan's vision and direction for HTX emphasize the importance of integrating artificial intelligence into the core of the organization's operations and strategies, positioning HTX as a forward-thinking player in the industry."", 'HTX organized the HTX Annual Cycle Challenge, a significant event showcasing the commitment of its members.', ""The HTX Annual Report 2023 highlights the organization's achievements and innovations throughout the year."", 'HTX held a graduation ceremony for the HTX Associates Class of 2021, indicating its investment in developing future talent.', ""Colin Tan is involved in the programmatic aspects of HTX, aiding in its mission to secure Singapore's safety and security""]",Chan Tsan serves as the Chief Executive of HTX.,"Chan Tsan is the Chief Executive, steering HTX to become an AI-first organization while growing partnerships and operational impact.",1.0,,1.0,
Who is part of the senior management team in HTX?,"[""HTX and IBM are collaborating on a significant 5G project aimed at enhancing the operational readiness and efficiency of the Singapore Civil Defence Force (SCDF) frontliners. This multi-party initiative underscores both organizations' commitment to leveraging advanced technology to support emergency services, ensuring that SCDF personnel are better equipped and more responsive during operations. Through this partnership, HTX and IBM are focusing on the innovative application of 5G technology to create solutions that directly benefit the SCDF's mission-critical activities, ultimately aiming to improve the overall safety and effectiveness of the frontliners' response to emergencies."", 'Lee Tzu Yang, as Chairman of the Public Service Commission, toured the HTX HQ to learn about its projects.', 'HTX collaborates with the Singapore Civil Defence Force to develop and implement technological solutions for emergency services.', 'HTX supports the Immigration and Checkpoints Authority with technology solutions for border control and immigration.', 'HTX provides the Singapore Prison Service with technological advancements to enhance the rehabilitation and management of offenders.', 'HTX aids the Central Narcotics Bureau by developing technologies to combat drug trafficking and enforce drug laws.', ""HTX works closely with the Singapore Police Force as part of its mission to secure Singapore's safety and security."", 'Members of the Public Service Commission toured HTX HQ, indicating a collaborative or informative relationship.', 'HTX onboarded Rohde & Schwarz as a new SPI partner, indicating a partnership relationship.', 'HTX onboarded Ensign as a new SPI partner, indicating a partnership relationship.', 'HTX and the KNPA signed a Letter of Intent, indicating a formal agreement or partnership.', 'Shimadzu was named an SPI partner of HTX, indicating a partnership relationship.', ""Chen Yeang Tat, as Deputy Chief Executive (Operations) of HTX, plays a significant role in the organization's operations and was recognized for contributions to Homeland security."", ""Ng Yeow Boon, as Deputy Chief Executive (Development) of HTX, discussed training more officers in data science and AI roles, indicating his involvement in HTX's strategic direction."", ""Cheryl Tan serves as the Deputy Director at HTX, specifically within the Surveillance and Sensemaking Centre of Excellence (CoE). In her role, she is deeply involved in the development of AI-assisted tools designed to enhance cybersecurity measures. Her work focuses on leveraging artificial intelligence to create sophisticated solutions that aid in the surveillance and sensemaking capabilities of HTX, demonstrating her pivotal role in advancing the organization's technological frontiers in cybersecurity."", ""Chan Tsan serves as the Chief Executive of HTX, where he plays a pivotal role in steering the organization towards becoming an AI-first entity. His responsibilities include overseeing partnerships and innovation projects, which are crucial for HTX's growth and adaptation in the rapidly evolving tech landscape. Under his leadership, HTX has embarked on significant initiatives, one of which involved leading a delegation to Silicon Valley and Las Vegas. This move not only underscores his leadership role but also highlights HTX's commitment to fostering global partnerships and staying at the forefront of technological innovation. Chan Tsan's vision and direction for HTX emphasize the importance of integrating artificial intelligence into the core of the organization's operations and strategies, positioning HTX as a forward-thinking player in the industry."", 'HTX organized the HTX Annual Cycle Challenge, a significant event showcasing the commitment of its members.', ""The HTX Annual Report 2023 highlights the organization's achievements and innovations throughout the year."", 'HTX held a graduation ceremony for the HTX Associates Class of 2021, indicating its investment in developing future talent.', ""Colin Tan is involved in the programmatic aspects of HTX, aiding in its mission to secure Singapore's safety and security""]","The senior management team in HTX includes:

1. Chan Tsan, who serves as the Chief Executive of HTX.
2. Chen Yeang Tat, who is the Deputy Chief Executive (Operations) of HTX.
3. Ng Yeow Boon, who is the Deputy Chief Executive (Development) of HTX.","HTX’s senior management is led by Chief Executive Mr Chan Tsan, with Deputy Chief Executives Mr Chen Yeang Tat and Mr Ng Yeow Boon supporting him. They’re joined by Assistant Chief Executives including Mr Ang Chee Wee, Dr Lim Kia Yong, and Mr Colin Tan overseeing key portfolios across development and operations. ",1.0,,0.5,
What is sense-making in HTX?,"[""HTX and IBM are collaborating on a significant 5G project aimed at enhancing the operational readiness and efficiency of the Singapore Civil Defence Force (SCDF) frontliners. This multi-party initiative underscores both organizations' commitment to leveraging advanced technology to support emergency services, ensuring that SCDF personnel are better equipped and more responsive during operations. Through this partnership, HTX and IBM are focusing on the innovative application of 5G technology to create solutions that directly benefit the SCDF's mission-critical activities, ultimately aiming to improve the overall safety and effectiveness of the frontliners' response to emergencies."", 'Lee Tzu Yang, as Chairman of the Public Service Commission, toured the HTX HQ to learn about its projects.', 'HTX collaborates with the Singapore Civil Defence Force to develop and implement technological solutions for emergency services.', 'HTX supports the Immigration and Checkpoints Authority with technology solutions for border control and immigration.', 'HTX provides the Singapore Prison Service with technological advancements to enhance the rehabilitation and management of offenders.', 'HTX aids the Central Narcotics Bureau by developing technologies to combat drug trafficking and enforce drug laws.', ""HTX works closely with the Singapore Police Force as part of its mission to secure Singapore's safety and security."", 'Members of the Public Service Commission toured HTX HQ, indicating a collaborative or informative relationship.', 'HTX onboarded Rohde & Schwarz as a new SPI partner, indicating a partnership relationship.', 'HTX onboarded Ensign as a new SPI partner, indicating a partnership relationship.', 'HTX and the KNPA signed a Letter of Intent, indicating a formal agreement or partnership.', 'Shimadzu was named an SPI partner of HTX, indicating a partnership relationship.', ""Chen Yeang Tat, as Deputy Chief Executive (Operations) of HTX, plays a significant role in the organization's operations and was recognized for contributions to Homeland security."", ""Ng Yeow Boon, as Deputy Chief Executive (Development) of HTX, discussed training more officers in data science and AI roles, indicating his involvement in HTX's strategic direction."", ""Cheryl Tan serves as the Deputy Director at HTX, specifically within the Surveillance and Sensemaking Centre of Excellence (CoE). In her role, she is deeply involved in the development of AI-assisted tools designed to enhance cybersecurity measures. Her work focuses on leveraging artificial intelligence to create sophisticated solutions that aid in the surveillance and sensemaking capabilities of HTX, demonstrating her pivotal role in advancing the organization's technological frontiers in cybersecurity."", ""Chan Tsan serves as the Chief Executive of HTX, where he plays a pivotal role in steering the organization towards becoming an AI-first entity. His responsibilities include overseeing partnerships and innovation projects, which are crucial for HTX's growth and adaptation in the rapidly evolving tech landscape. Under his leadership, HTX has embarked on significant initiatives, one of which involved leading a delegation to Silicon Valley and Las Vegas. This move not only underscores his leadership role but also highlights HTX's commitment to fostering global partnerships and staying at the forefront of technological innovation. Chan Tsan's vision and direction for HTX emphasize the importance of integrating artificial intelligence into the core of the organization's operations and strategies, positioning HTX as a forward-thinking player in the industry."", 'HTX organized the HTX Annual Cycle Challenge, a significant event showcasing the commitment of its members.', ""The HTX Annual Report 2023 highlights the organization's achievements and innovations throughout the year."", 'HTX held a graduation ceremony for the HTX Associates Class of 2021, indicating its investment in developing future talent.', ""Colin Tan is involved in the programmatic aspects of HTX, aiding in its mission to secure Singapore's safety and security""]","Sense-making in HTX refers to the process of developing AI-assisted tools designed to enhance cybersecurity measures. This involves leveraging artificial intelligence to create sophisticated solutions that aid in the surveillance and sense-making capabilities of HTX. The focus is on advancing the organization's technological frontiers in cybersecurity, as demonstrated by the work of Cheryl Tan, the Deputy Director at HTX within the Surveillance and Sensemaking Centre of Excellence (CoE).","Sense-making is about fusing data from sensors, systems, and reports to give officers actionable insights quickly, improving response and prevention.",1.0,0.9835806584838651,0.0,
How does HTX help save lives?,['No context retrieved.'],"HTX, or the Home Team Science and Technology Agency, helps save lives by developing and implementing advanced technologies and solutions that enhance the capabilities of public safety and security agencies. These innovations improve emergency response times, increase the effectiveness of law enforcement, and enhance disaster management and recovery efforts. By leveraging cutting-edge technology, HTX supports the Home Team in maintaining public safety, preventing crime, and responding efficiently to emergencies, ultimately contributing to saving lives and protecting communities.","Through faster detection, safer robotics, better training labs, and tech like AR/AI that shortens critical tasks and improves on-scene decisions.",0.0,0.958850038608941,0.0,0.0
How does HTX enhance public safety?,"[""HTX and IBM are collaborating on a significant 5G project aimed at enhancing the operational readiness and efficiency of the Singapore Civil Defence Force (SCDF) frontliners. This multi-party initiative underscores both organizations' commitment to leveraging advanced technology to support emergency services, ensuring that SCDF personnel are better equipped and more responsive during operations. Through this partnership, HTX and IBM are focusing on the innovative application of 5G technology to create solutions that directly benefit the SCDF's mission-critical activities, ultimately aiming to improve the overall safety and effectiveness of the frontliners' response to emergencies."", 'Lee Tzu Yang, as Chairman of the Public Service Commission, toured the HTX HQ to learn about its projects.', 'HTX collaborates with the Singapore Civil Defence Force to develop and implement technological solutions for emergency services.', 'HTX supports the Immigration and Checkpoints Authority with technology solutions for border control and immigration.', 'HTX provides the Singapore Prison Service with technological advancements to enhance the rehabilitation and management of offenders.', 'HTX aids the Central Narcotics Bureau by developing technologies to combat drug trafficking and enforce drug laws.', ""HTX works closely with the Singapore Police Force as part of its mission to secure Singapore's safety and security."", 'Members of the Public Service Commission toured HTX HQ, indicating a collaborative or informative relationship.', 'HTX onboarded Rohde & Schwarz as a new SPI partner, indicating a partnership relationship.', 'HTX onboarded Ensign as a new SPI partner, indicating a partnership relationship.', 'HTX and the KNPA signed a Letter of Intent, indicating a formal agreement or partnership.', 'Shimadzu was named an SPI partner of HTX, indicating a partnership relationship.', ""Chen Yeang Tat, as Deputy Chief Executive (Operations) of HTX, plays a significant role in the organization's operations and was recognized for contributions to Homeland security."", ""Ng Yeow Boon, as Deputy Chief Executive (Development) of HTX, discussed training more officers in data science and AI roles, indicating his involvement in HTX's strategic direction."", ""Cheryl Tan serves as the Deputy Director at HTX, specifically within the Surveillance and Sensemaking Centre of Excellence (CoE). In her role, she is deeply involved in the development of AI-assisted tools designed to enhance cybersecurity measures. Her work focuses on leveraging artificial intelligence to create sophisticated solutions that aid in the surveillance and sensemaking capabilities of HTX, demonstrating her pivotal role in advancing the organization's technological frontiers in cybersecurity."", ""Chan Tsan serves as the Chief Executive of HTX, where he plays a pivotal role in steering the organization towards becoming an AI-first entity. His responsibilities include overseeing partnerships and innovation projects, which are crucial for HTX's growth and adaptation in the rapidly evolving tech landscape. Under his leadership, HTX has embarked on significant initiatives, one of which involved leading a delegation to Silicon Valley and Las Vegas. This move not only underscores his leadership role but also highlights HTX's commitment to fostering global partnerships and staying at the forefront of technological innovation. Chan Tsan's vision and direction for HTX emphasize the importance of integrating artificial intelligence into the core of the organization's operations and strategies, positioning HTX as a forward-thinking player in the industry."", 'HTX organized the HTX Annual Cycle Challenge, a significant event showcasing the commitment of its members.', ""The HTX Annual Report 2023 highlights the organization's achievements and innovations throughout the year."", 'HTX held a graduation ceremony for the HTX Associates Class of 2021, indicating its investment in developing future talent.', ""Colin Tan is involved in the programmatic aspects of HTX, aiding in its mission to secure Singapore's safety and security""]","HTX enhances public safety through a variety of strategic collaborations and technological innovations. It works closely with several key agencies, such as the Singapore Civil Defence Force, Singapore Police Force, Immigration and Checkpoints Authority, Singapore Prison Service, and Central Narcotics Bureau, to develop and implement advanced technological solutions tailored to each agency's needs. These solutions aim to improve operational readiness, efficiency, and effectiveness in areas such as emergency services, border control, offender rehabilitation, and drug law enforcement. Additionally, HTX's partnerships with organizations like IBM focus on leveraging cutting-edge technologies, such as 5G, to support mission-critical activities and improve the responsiveness of frontliners during emergencies. Through these efforts, HTX plays a crucial role in securing Singapore's safety and security.","HTX deploys autonomous systems, protective security tech, and analytics to deter risks, monitor environments, and support enforcement fairly.",1.0,0.9647852320247018,0.0,
How does HTX help solve crimes?,['No context retrieved.'],"HTX, or the Home Team Science and Technology Agency, helps solve crimes by leveraging advanced technology and scientific methods. They develop and implement innovative solutions such as forensic tools, data analytics, and surveillance systems to enhance the capabilities of law enforcement agencies. By providing cutting-edge technology and expertise, HTX aids in crime scene investigation, evidence analysis, and the identification and tracking of suspects, ultimately improving the efficiency and effectiveness of crime-solving efforts.","Digital forensics, 3D scene capture, biometrics, and data analytics help investigators reconstruct events and identify suspects more reliably.",0.0,,0.0,0.0
How does HTX secure borders?,['No context retrieved.'],"HTX (Home Team Science and Technology Agency) secures borders by leveraging advanced technologies and innovative solutions to enhance border security. This includes the use of surveillance systems, biometric identification, data analytics, and artificial intelligence to monitor and manage border crossings effectively. HTX works to ensure that borders are secure while facilitating legitimate travel and trade, thereby maintaining national security and public safety.","Advanced biometrics, automated clearance, and AI screening make crossing efficient for travelers while catching anomalous or risky items.",0.0,,0.0,0.0
Why attend Milipol Paris?,['No context retrieved.'],"Attending Milipol Paris is beneficial for several reasons. It is a leading event dedicated to homeland security and safety, providing a platform for professionals in the industry to network, exchange ideas, and discover the latest innovations and technologies. Participants can engage with a wide range of exhibitors showcasing cutting-edge products and services, attend informative conferences and workshops, and gain insights into current and future trends in security. Additionally, Milipol Paris offers opportunities for collaboration and partnership, making it an essential event for anyone involved in the security sector.","Milipol Paris is where homeland security leaders meet; HTX showcased innovations, learned from peers, and formed strategic agreements to speed progress.",0.0,,0.0,0.0
How do smart glasses help SCDF?,['No context retrieved.'],"Smart glasses can assist the Singapore Civil Defence Force (SCDF) in several ways. They can provide real-time information and data to first responders, enhancing situational awareness during emergencies. The glasses can display maps, building layouts, and other critical information directly in the user's line of sight, allowing for hands-free access to important data. This can improve decision-making and efficiency in rescue operations. Additionally, smart glasses can facilitate communication by streaming live video feeds to command centers, enabling better coordination and support from remote teams. Overall, smart glasses can enhance the effectiveness and safety of SCDF personnel during emergency response situations.","They automate visual equipment checks using AI to save time and reduce human error, and enable remote expert guidance via AR overlays.",0.0,0.9579471318793633,0.0,0.0
What did HTX do in the US in 2024?,"[""HTX and IBM are collaborating on a significant 5G project aimed at enhancing the operational readiness and efficiency of the Singapore Civil Defence Force (SCDF) frontliners. This multi-party initiative underscores both organizations' commitment to leveraging advanced technology to support emergency services, ensuring that SCDF personnel are better equipped and more responsive during operations. Through this partnership, HTX and IBM are focusing on the innovative application of 5G technology to create solutions that directly benefit the SCDF's mission-critical activities, ultimately aiming to improve the overall safety and effectiveness of the frontliners' response to emergencies."", 'Lee Tzu Yang, as Chairman of the Public Service Commission, toured the HTX HQ to learn about its projects.', 'HTX collaborates with the Singapore Civil Defence Force to develop and implement technological solutions for emergency services.', 'HTX supports the Immigration and Checkpoints Authority with technology solutions for border control and immigration.', 'HTX provides the Singapore Prison Service with technological advancements to enhance the rehabilitation and management of offenders.', 'HTX aids the Central Narcotics Bureau by developing technologies to combat drug trafficking and enforce drug laws.', ""HTX works closely with the Singapore Police Force as part of its mission to secure Singapore's safety and security."", 'Members of the Public Service Commission toured HTX HQ, indicating a collaborative or informative relationship.', 'HTX onboarded Rohde & Schwarz as a new SPI partner, indicating a partnership relationship.', 'HTX onboarded Ensign as a new SPI partner, indicating a partnership relationship.', 'HTX and the KNPA signed a Letter of Intent, indicating a formal agreement or partnership.', 'Shimadzu was named an SPI partner of HTX, indicating a partnership relationship.', ""Chen Yeang Tat, as Deputy Chief Executive (Operations) of HTX, plays a significant role in the organization's operations and was recognized for contributions to Homeland security."", ""Ng Yeow Boon, as Deputy Chief Executive (Development) of HTX, discussed training more officers in data science and AI roles, indicating his involvement in HTX's strategic direction."", ""Cheryl Tan serves as the Deputy Director at HTX, specifically within the Surveillance and Sensemaking Centre of Excellence (CoE). In her role, she is deeply involved in the development of AI-assisted tools designed to enhance cybersecurity measures. Her work focuses on leveraging artificial intelligence to create sophisticated solutions that aid in the surveillance and sensemaking capabilities of HTX, demonstrating her pivotal role in advancing the organization's technological frontiers in cybersecurity."", ""Chan Tsan serves as the Chief Executive of HTX, where he plays a pivotal role in steering the organization towards becoming an AI-first entity. His responsibilities include overseeing partnerships and innovation projects, which are crucial for HTX's growth and adaptation in the rapidly evolving tech landscape. Under his leadership, HTX has embarked on significant initiatives, one of which involved leading a delegation to Silicon Valley and Las Vegas. This move not only underscores his leadership role but also highlights HTX's commitment to fostering global partnerships and staying at the forefront of technological innovation. Chan Tsan's vision and direction for HTX emphasize the importance of integrating artificial intelligence into the core of the organization's operations and strategies, positioning HTX as a forward-thinking player in the industry."", 'HTX organized the HTX Annual Cycle Challenge, a significant event showcasing the commitment of its members.', ""The HTX Annual Report 2023 highlights the organization's achievements and innovations throughout the year."", 'HTX held a graduation ceremony for the HTX Associates Class of 2021, indicating its investment in developing future talent.', ""Colin Tan is involved in the programmatic aspects of HTX, aiding in its mission to secure Singapore's safety and security""]","The context does not provide specific information about HTX's activities in the US in 2024. However, it mentions that under the leadership of Chan Tsan, HTX embarked on significant initiatives, including leading a delegation to Silicon Valley and Las Vegas. This move highlights HTX's commitment to fostering global partnerships and staying at the forefront of technological innovation.","A delegation visited CES and Silicon Valley to engage DHS S&T, big tech, and startups, and hosted networking with BLOCK71 to deepen pipelines.",1.0,0.0,0.0,
How does HTX work with schools?,"[""HTX and IBM are collaborating on a significant 5G project aimed at enhancing the operational readiness and efficiency of the Singapore Civil Defence Force (SCDF) frontliners. This multi-party initiative underscores both organizations' commitment to leveraging advanced technology to support emergency services, ensuring that SCDF personnel are better equipped and more responsive during operations. Through this partnership, HTX and IBM are focusing on the innovative application of 5G technology to create solutions that directly benefit the SCDF's mission-critical activities, ultimately aiming to improve the overall safety and effectiveness of the frontliners' response to emergencies."", 'Lee Tzu Yang, as Chairman of the Public Service Commission, toured the HTX HQ to learn about its projects.', 'HTX collaborates with the Singapore Civil Defence Force to develop and implement technological solutions for emergency services.', 'HTX supports the Immigration and Checkpoints Authority with technology solutions for border control and immigration.', 'HTX provides the Singapore Prison Service with technological advancements to enhance the rehabilitation and management of offenders.', 'HTX aids the Central Narcotics Bureau by developing technologies to combat drug trafficking and enforce drug laws.', ""HTX works closely with the Singapore Police Force as part of its mission to secure Singapore's safety and security."", 'Members of the Public Service Commission toured HTX HQ, indicating a collaborative or informative relationship.', 'HTX onboarded Rohde & Schwarz as a new SPI partner, indicating a partnership relationship.', 'HTX onboarded Ensign as a new SPI partner, indicating a partnership relationship.', 'HTX and the KNPA signed a Letter of Intent, indicating a formal agreement or partnership.', 'Shimadzu was named an SPI partner of HTX, indicating a partnership relationship.', ""Chen Yeang Tat, as Deputy Chief Executive (Operations) of HTX, plays a significant role in the organization's operations and was recognized for contributions to Homeland security."", ""Ng Yeow Boon, as Deputy Chief Executive (Development) of HTX, discussed training more officers in data science and AI roles, indicating his involvement in HTX's strategic direction."", ""Cheryl Tan serves as the Deputy Director at HTX, specifically within the Surveillance and Sensemaking Centre of Excellence (CoE). In her role, she is deeply involved in the development of AI-assisted tools designed to enhance cybersecurity measures. Her work focuses on leveraging artificial intelligence to create sophisticated solutions that aid in the surveillance and sensemaking capabilities of HTX, demonstrating her pivotal role in advancing the organization's technological frontiers in cybersecurity."", ""Chan Tsan serves as the Chief Executive of HTX, where he plays a pivotal role in steering the organization towards becoming an AI-first entity. His responsibilities include overseeing partnerships and innovation projects, which are crucial for HTX's growth and adaptation in the rapidly evolving tech landscape. Under his leadership, HTX has embarked on significant initiatives, one of which involved leading a delegation to Silicon Valley and Las Vegas. This move not only underscores his leadership role but also highlights HTX's commitment to fostering global partnerships and staying at the forefront of technological innovation. Chan Tsan's vision and direction for HTX emphasize the importance of integrating artificial intelligence into the core of the organization's operations and strategies, positioning HTX as a forward-thinking player in the industry."", 'HTX organized the HTX Annual Cycle Challenge, a significant event showcasing the commitment of its members.', ""The HTX Annual Report 2023 highlights the organization's achievements and innovations throughout the year."", 'HTX held a graduation ceremony for the HTX Associates Class of 2021, indicating its investment in developing future talent.', ""Colin Tan is involved in the programmatic aspects of HTX, aiding in its mission to secure Singapore's safety and security""]","The provided context does not mention any specific collaboration or relationship between HTX and schools. Therefore, based on the given information, there is no direct evidence of how HTX works with schools.","Through roadshows, hackathons, and hands-on demos like robo-dog trials, it shows students how STEM directly protects lives and communities.",1.0,0.0,0.0,
What is Rover-X?,['No context retrieved.'],Rover-X is not explicitly defined in the provided context. Could you please provide more information or context about Rover-X so I can assist you better?,"Rover-X is a robo-dog platform used to support SCDF in hazardous materials operations, extending human reach with sensors and remote control.",1.0,0.0,0.0,0.0
What's featured at Home Team Festival?,['No context retrieved.'],"I'm sorry, but the context you provided does not contain any information about the Home Team Festival. Could you please provide more details or context so I can assist you better?","Visitors saw cutting-edge gear like Rover-X, 3D forensics tools, and next-gen border tech that illustrate how tech underpins daily safety.",1.0,,0.0,0.0
What is the Associates Programme?,['No context retrieved.'],"The Associates Programme typically refers to a partnership or affiliate program where individuals or businesses can earn commissions by promoting and selling a company's products or services. Participants in the program, known as associates or affiliates, are provided with unique links or promotional materials to share with their audience. When someone makes a purchase through these links, the associate earns a commission. This type of program is commonly used in online retail and e-commerce to expand a company's reach and increase sales through third-party promoters.","A structured two-year track where Associates build greenfield projects, culminating in a graduation and showcase of what they delivered.",0.0,,0.0,0.0
How does HTX recognize staff?,"[""HTX and IBM are collaborating on a significant 5G project aimed at enhancing the operational readiness and efficiency of the Singapore Civil Defence Force (SCDF) frontliners. This multi-party initiative underscores both organizations' commitment to leveraging advanced technology to support emergency services, ensuring that SCDF personnel are better equipped and more responsive during operations. Through this partnership, HTX and IBM are focusing on the innovative application of 5G technology to create solutions that directly benefit the SCDF's mission-critical activities, ultimately aiming to improve the overall safety and effectiveness of the frontliners' response to emergencies."", 'Lee Tzu Yang, as Chairman of the Public Service Commission, toured the HTX HQ to learn about its projects.', 'HTX collaborates with the Singapore Civil Defence Force to develop and implement technological solutions for emergency services.', 'HTX supports the Immigration and Checkpoints Authority with technology solutions for border control and immigration.', 'HTX provides the Singapore Prison Service with technological advancements to enhance the rehabilitation and management of offenders.', 'HTX aids the Central Narcotics Bureau by developing technologies to combat drug trafficking and enforce drug laws.', ""HTX works closely with the Singapore Police Force as part of its mission to secure Singapore's safety and security."", 'Members of the Public Service Commission toured HTX HQ, indicating a collaborative or informative relationship.', 'HTX onboarded Rohde & Schwarz as a new SPI partner, indicating a partnership relationship.', 'HTX onboarded Ensign as a new SPI partner, indicating a partnership relationship.', 'HTX and the KNPA signed a Letter of Intent, indicating a formal agreement or partnership.', 'Shimadzu was named an SPI partner of HTX, indicating a partnership relationship.', ""Chen Yeang Tat, as Deputy Chief Executive (Operations) of HTX, plays a significant role in the organization's operations and was recognized for contributions to Homeland security."", ""Ng Yeow Boon, as Deputy Chief Executive (Development) of HTX, discussed training more officers in data science and AI roles, indicating his involvement in HTX's strategic direction."", ""Cheryl Tan serves as the Deputy Director at HTX, specifically within the Surveillance and Sensemaking Centre of Excellence (CoE). In her role, she is deeply involved in the development of AI-assisted tools designed to enhance cybersecurity measures. Her work focuses on leveraging artificial intelligence to create sophisticated solutions that aid in the surveillance and sensemaking capabilities of HTX, demonstrating her pivotal role in advancing the organization's technological frontiers in cybersecurity."", ""Chan Tsan serves as the Chief Executive of HTX, where he plays a pivotal role in steering the organization towards becoming an AI-first entity. His responsibilities include overseeing partnerships and innovation projects, which are crucial for HTX's growth and adaptation in the rapidly evolving tech landscape. Under his leadership, HTX has embarked on significant initiatives, one of which involved leading a delegation to Silicon Valley and Las Vegas. This move not only underscores his leadership role but also highlights HTX's commitment to fostering global partnerships and staying at the forefront of technological innovation. Chan Tsan's vision and direction for HTX emphasize the importance of integrating artificial intelligence into the core of the organization's operations and strategies, positioning HTX as a forward-thinking player in the industry."", 'HTX organized the HTX Annual Cycle Challenge, a significant event showcasing the commitment of its members.', ""The HTX Annual Report 2023 highlights the organization's achievements and innovations throughout the year."", 'HTX held a graduation ceremony for the HTX Associates Class of 2021, indicating its investment in developing future talent.', ""Colin Tan is involved in the programmatic aspects of HTX, aiding in its mission to secure Singapore's safety and security""]","HTX recognizes staff through events such as the HTX Associates’ Graduation, which indicates its investment in developing future talent. This suggests that HTX values the growth and development of its staff and acknowledges their achievements and progress within the organization.","Through awards like Minister's  Awards, National Day Awards, and internal categories including the Undaunted Award for learning through failure.",0.75,,0.0,
What was the Annual Cycle 2023 like?,['No context retrieved.'],"I'm sorry, but the context you provided is empty. Could you please provide more information or specify the context related to the ""Annual Cycle 2023"" so I can assist you better?","Hundreds of staff collectively clocked around 62,000 km, blending on-site and virtual formats to promote health and camaraderie.",0.5,,0.0,0.0
How big was the Annual Walk & Run 2023?,['No context retrieved.'],"I'm sorry, but the provided context does not contain information about the size or scale of the Annual Walk & Run 2023. Could you provide more details or specify what you mean by ""how big""?","About 800 staff took part, starting from different city spots and converging at the Sports Hub for the flag-off and celebration.",1.0,0.0,0.0,0.0
How does HTX contribute to community causes?,"[""HTX and IBM are collaborating on a significant 5G project aimed at enhancing the operational readiness and efficiency of the Singapore Civil Defence Force (SCDF) frontliners. This multi-party initiative underscores both organizations' commitment to leveraging advanced technology to support emergency services, ensuring that SCDF personnel are better equipped and more responsive during operations. Through this partnership, HTX and IBM are focusing on the innovative application of 5G technology to create solutions that directly benefit the SCDF's mission-critical activities, ultimately aiming to improve the overall safety and effectiveness of the frontliners' response to emergencies."", 'Lee Tzu Yang, as Chairman of the Public Service Commission, toured the HTX HQ to learn about its projects.', 'HTX collaborates with the Singapore Civil Defence Force to develop and implement technological solutions for emergency services.', 'HTX supports the Immigration and Checkpoints Authority with technology solutions for border control and immigration.', 'HTX provides the Singapore Prison Service with technological advancements to enhance the rehabilitation and management of offenders.', 'HTX aids the Central Narcotics Bureau by developing technologies to combat drug trafficking and enforce drug laws.', ""HTX works closely with the Singapore Police Force as part of its mission to secure Singapore's safety and security."", 'Members of the Public Service Commission toured HTX HQ, indicating a collaborative or informative relationship.', 'HTX onboarded Rohde & Schwarz as a new SPI partner, indicating a partnership relationship.', 'HTX onboarded Ensign as a new SPI partner, indicating a partnership relationship.', 'HTX and the KNPA signed a Letter of Intent, indicating a formal agreement or partnership.', 'Shimadzu was named an SPI partner of HTX, indicating a partnership relationship.', ""Chen Yeang Tat, as Deputy Chief Executive (Operations) of HTX, plays a significant role in the organization's operations and was recognized for contributions to Homeland security."", ""Ng Yeow Boon, as Deputy Chief Executive (Development) of HTX, discussed training more officers in data science and AI roles, indicating his involvement in HTX's strategic direction."", ""Cheryl Tan serves as the Deputy Director at HTX, specifically within the Surveillance and Sensemaking Centre of Excellence (CoE). In her role, she is deeply involved in the development of AI-assisted tools designed to enhance cybersecurity measures. Her work focuses on leveraging artificial intelligence to create sophisticated solutions that aid in the surveillance and sensemaking capabilities of HTX, demonstrating her pivotal role in advancing the organization's technological frontiers in cybersecurity."", ""Chan Tsan serves as the Chief Executive of HTX, where he plays a pivotal role in steering the organization towards becoming an AI-first entity. His responsibilities include overseeing partnerships and innovation projects, which are crucial for HTX's growth and adaptation in the rapidly evolving tech landscape. Under his leadership, HTX has embarked on significant initiatives, one of which involved leading a delegation to Silicon Valley and Las Vegas. This move not only underscores his leadership role but also highlights HTX's commitment to fostering global partnerships and staying at the forefront of technological innovation. Chan Tsan's vision and direction for HTX emphasize the importance of integrating artificial intelligence into the core of the organization's operations and strategies, positioning HTX as a forward-thinking player in the industry."", 'HTX organized the HTX Annual Cycle Challenge, a significant event showcasing the commitment of its members.', ""The HTX Annual Report 2023 highlights the organization's achievements and innovations throughout the year."", 'HTX held a graduation ceremony for the HTX Associates Class of 2021, indicating its investment in developing future talent.', ""Colin Tan is involved in the programmatic aspects of HTX, aiding in its mission to secure Singapore's safety and security""]","HTX contributes to community causes by collaborating with various organizations to enhance public safety and security. For instance, HTX works with the Singapore Civil Defence Force to develop and implement technological solutions for emergency services, ensuring that frontliners are better equipped and more responsive during operations. Additionally, HTX supports the Singapore Police Force, the Immigration and Checkpoints Authority, the Singapore Prison Service, and the Central Narcotics Bureau with technology solutions that enhance their respective missions, such as border control, offender rehabilitation, and combating drug trafficking. These efforts demonstrate HTX's commitment to leveraging advanced technology to support community safety and security.","Staff volunteer, such as balloon sculpting for the Purple Parade, raising funds and awareness for persons with disabilities.",0.9230769230769231,1.0,0.0,
How does HTX address training needs?,['No context retrieved.'],"HTX addresses training needs by implementing comprehensive training programs tailored to the specific requirements of their workforce. They focus on upskilling and reskilling employees to ensure they are equipped with the latest knowledge and skills relevant to their roles. HTX may also collaborate with educational institutions and industry experts to provide specialized training sessions, workshops, and seminars. Additionally, they might utilize technology-driven learning platforms to offer flexible and accessible training options for continuous professional development.","With MoUs like SANS for cybersecurity, internal labs, and structured upskilling so specialists stay current with evolving threats.",0.0,0.9999999999999994,0.0,0.0
Why partner with global firms like IDEMIA?,['No context retrieved.'],"Partnering with global firms like IDEMIA can provide several advantages, such as access to advanced technology and expertise, enhanced credibility and brand recognition, expanded market reach, and the ability to leverage established networks and resources. These partnerships can also facilitate innovation and improve operational efficiency by integrating cutting-edge solutions and best practices.",To tap world-class R&D and accelerate pilots in identity and forensics that meet Singapore's rigorous operational standards.,0.0,0.9804131936173838,0.0,0.0
How does HTX measure success?,['No context retrieved.'],"HTX measures success through various metrics and key performance indicators (KPIs) that align with their strategic goals and objectives. These may include the effectiveness and efficiency of their technological solutions, the impact on operational capabilities, user satisfaction, and the achievement of project milestones. Additionally, success could be evaluated based on innovation, cost savings, and the overall contribution to enhancing security and public safety.","By operational impact: faster responses, safer workflows, higher detection rates, and better user experiences for officers and public.",0.0,0.9999987738229453,0.0,0.0
How is talent celebrated at HTX?,['No context retrieved.'],"Talent is celebrated at HTX through various initiatives and programs that recognize and reward the skills and contributions of its employees. This may include awards, recognition events, professional development opportunities, and platforms for showcasing innovative projects and achievements. These efforts aim to foster a culture of appreciation and motivation, encouraging employees to excel in their roles and contribute to the organization's success.","Promotions, awards, and public recognition at ceremonies and media features highlight contributions that move the mission forward.",0.0,0.9999985344729102,0.0,0.0
What is the role of Empathy in HTX values?,"[""HTX and IBM are collaborating on a significant 5G project aimed at enhancing the operational readiness and efficiency of the Singapore Civil Defence Force (SCDF) frontliners. This multi-party initiative underscores both organizations' commitment to leveraging advanced technology to support emergency services, ensuring that SCDF personnel are better equipped and more responsive during operations. Through this partnership, HTX and IBM are focusing on the innovative application of 5G technology to create solutions that directly benefit the SCDF's mission-critical activities, ultimately aiming to improve the overall safety and effectiveness of the frontliners' response to emergencies."", 'Lee Tzu Yang, as Chairman of the Public Service Commission, toured the HTX HQ to learn about its projects.', 'HTX collaborates with the Singapore Civil Defence Force to develop and implement technological solutions for emergency services.', 'HTX supports the Immigration and Checkpoints Authority with technology solutions for border control and immigration.', 'HTX provides the Singapore Prison Service with technological advancements to enhance the rehabilitation and management of offenders.', 'HTX aids the Central Narcotics Bureau by developing technologies to combat drug trafficking and enforce drug laws.', ""HTX works closely with the Singapore Police Force as part of its mission to secure Singapore's safety and security."", 'Members of the Public Service Commission toured HTX HQ, indicating a collaborative or informative relationship.', 'HTX onboarded Rohde & Schwarz as a new SPI partner, indicating a partnership relationship.', 'HTX onboarded Ensign as a new SPI partner, indicating a partnership relationship.', 'HTX and the KNPA signed a Letter of Intent, indicating a formal agreement or partnership.', 'Shimadzu was named an SPI partner of HTX, indicating a partnership relationship.', ""Chen Yeang Tat, as Deputy Chief Executive (Operations) of HTX, plays a significant role in the organization's operations and was recognized for contributions to Homeland security."", ""Ng Yeow Boon, as Deputy Chief Executive (Development) of HTX, discussed training more officers in data science and AI roles, indicating his involvement in HTX's strategic direction."", ""Cheryl Tan serves as the Deputy Director at HTX, specifically within the Surveillance and Sensemaking Centre of Excellence (CoE). In her role, she is deeply involved in the development of AI-assisted tools designed to enhance cybersecurity measures. Her work focuses on leveraging artificial intelligence to create sophisticated solutions that aid in the surveillance and sensemaking capabilities of HTX, demonstrating her pivotal role in advancing the organization's technological frontiers in cybersecurity."", ""Chan Tsan serves as the Chief Executive of HTX, where he plays a pivotal role in steering the organization towards becoming an AI-first entity. His responsibilities include overseeing partnerships and innovation projects, which are crucial for HTX's growth and adaptation in the rapidly evolving tech landscape. Under his leadership, HTX has embarked on significant initiatives, one of which involved leading a delegation to Silicon Valley and Las Vegas. This move not only underscores his leadership role but also highlights HTX's commitment to fostering global partnerships and staying at the forefront of technological innovation. Chan Tsan's vision and direction for HTX emphasize the importance of integrating artificial intelligence into the core of the organization's operations and strategies, positioning HTX as a forward-thinking player in the industry."", 'HTX organized the HTX Annual Cycle Challenge, a significant event showcasing the commitment of its members.', ""The HTX Annual Report 2023 highlights the organization's achievements and innovations throughout the year."", 'HTX held a graduation ceremony for the HTX Associates Class of 2021, indicating its investment in developing future talent.', ""Colin Tan is involved in the programmatic aspects of HTX, aiding in its mission to secure Singapore's safety and security""]","The provided context does not explicitly mention the role of Empathy in HTX's values. Therefore, based on the given information, it is not possible to determine the specific role of Empathy within HTX's values.","It's about caring for teammates and celebrating wins together, which sustains high performance through trust and support.",1.0,,0.0,
What does Exuberance look like at work?,['No context retrieved.'],"Exuberance at work often manifests as high energy, enthusiasm, and a positive attitude. It can be seen in employees who are eager to take on new challenges, contribute ideas, and collaborate with others. These individuals typically display a genuine passion for their work, often going above and beyond their job requirements. They may also inspire and motivate their colleagues, creating a lively and dynamic work environment. Exuberance can lead to increased creativity, productivity, and overall job satisfaction within a team or organization.","Exuberance is the energy and can-do mindset that keeps teams experimenting and delivering, even when challenges are tough.",0.0,,0.0,0.0
How are failures treated in HTX?,['No context retrieved.'],"In the context of HTX (Hardware Test Executive), failures are typically treated with a systematic approach to identify, diagnose, and address the underlying issues. This involves logging the failure details, analyzing the root cause, and implementing corrective actions to prevent recurrence. The process may also include retesting to ensure the issue has been resolved and maintaining records for future reference and continuous improvement.","Failures are used as classrooms‚Äîdocumented, shared, and mined for insights‚Äîso the next iteration is stronger and safer.",0.0,,0.0,0.0
What is the role of PSC's visit?,['No context retrieved.'],"The context provided does not contain specific information about the role of PSC's visit. To accurately answer the question, more details about the PSC (Public Service Commission, Project Steering Committee, or any other relevant entity) and the purpose of their visit would be needed. If you can provide additional context or specify what PSC refers to in this scenario, I would be happy to help further.","The Public Service Commission viewed labs and projects, signaling interest in HTX's pipeline and capability development.",1.0,,0.0,0.0
What does 'AI-first' mean day-to-day?,['No context retrieved.'],"""AI-first"" refers to an approach or strategy where artificial intelligence is prioritized and integrated into the core operations and decision-making processes of an organization. Day-to-day, this means that AI technologies are used to enhance productivity, automate routine tasks, and provide data-driven insights to inform decisions. Employees might interact with AI tools regularly, whether through chatbots for customer service, AI-driven analytics for business intelligence, or machine learning models that optimize supply chain operations. The goal is to leverage AI to improve efficiency, innovation, and competitiveness in everyday activities.","Embedding AI into workflows‚Äîfrom inspections and investigations to planning‚Äîso smarter assistance is the default, not an add-on.",0.0,,0.0,0.0
What are the four strategic partnership categories highlighted?,['No context retrieved.'],"I'm sorry, but the context needed to answer the question about the four strategic partnership categories is missing. Could you please provide the relevant context or details?","Strategic Partners for Innovation, Academic Partners, Local Government Agencies, Foreign Government Agencies.",0.5,0.0,0.0,0.0
Which company signed a Strategic Partnership for Innovation with HTX on 16 November 2023?,"[""HTX and IBM are collaborating on a significant 5G project aimed at enhancing the operational readiness and efficiency of the Singapore Civil Defence Force (SCDF) frontliners. This multi-party initiative underscores both organizations' commitment to leveraging advanced technology to support emergency services, ensuring that SCDF personnel are better equipped and more responsive during operations. Through this partnership, HTX and IBM are focusing on the innovative application of 5G technology to create solutions that directly benefit the SCDF's mission-critical activities, ultimately aiming to improve the overall safety and effectiveness of the frontliners' response to emergencies."", 'Lee Tzu Yang, as Chairman of the Public Service Commission, toured the HTX HQ to learn about its projects.', 'HTX collaborates with the Singapore Civil Defence Force to develop and implement technological solutions for emergency services.', 'HTX supports the Immigration and Checkpoints Authority with technology solutions for border control and immigration.', 'HTX provides the Singapore Prison Service with technological advancements to enhance the rehabilitation and management of offenders.', 'HTX aids the Central Narcotics Bureau by developing technologies to combat drug trafficking and enforce drug laws.', ""HTX works closely with the Singapore Police Force as part of its mission to secure Singapore's safety and security."", 'Members of the Public Service Commission toured HTX HQ, indicating a collaborative or informative relationship.', 'HTX onboarded Rohde & Schwarz as a new SPI partner, indicating a partnership relationship.', 'HTX onboarded Ensign as a new SPI partner, indicating a partnership relationship.', 'HTX and the KNPA signed a Letter of Intent, indicating a formal agreement or partnership.', 'Shimadzu was named an SPI partner of HTX, indicating a partnership relationship.', ""Chen Yeang Tat, as Deputy Chief Executive (Operations) of HTX, plays a significant role in the organization's operations and was recognized for contributions to Homeland security."", ""Ng Yeow Boon, as Deputy Chief Executive (Development) of HTX, discussed training more officers in data science and AI roles, indicating his involvement in HTX's strategic direction."", ""Cheryl Tan serves as the Deputy Director at HTX, specifically within the Surveillance and Sensemaking Centre of Excellence (CoE). In her role, she is deeply involved in the development of AI-assisted tools designed to enhance cybersecurity measures. Her work focuses on leveraging artificial intelligence to create sophisticated solutions that aid in the surveillance and sensemaking capabilities of HTX, demonstrating her pivotal role in advancing the organization's technological frontiers in cybersecurity."", ""Chan Tsan serves as the Chief Executive of HTX, where he plays a pivotal role in steering the organization towards becoming an AI-first entity. His responsibilities include overseeing partnerships and innovation projects, which are crucial for HTX's growth and adaptation in the rapidly evolving tech landscape. Under his leadership, HTX has embarked on significant initiatives, one of which involved leading a delegation to Silicon Valley and Las Vegas. This move not only underscores his leadership role but also highlights HTX's commitment to fostering global partnerships and staying at the forefront of technological innovation. Chan Tsan's vision and direction for HTX emphasize the importance of integrating artificial intelligence into the core of the organization's operations and strategies, positioning HTX as a forward-thinking player in the industry."", 'HTX organized the HTX Annual Cycle Challenge, a significant event showcasing the commitment of its members.', ""The HTX Annual Report 2023 highlights the organization's achievements and innovations throughout the year."", 'HTX held a graduation ceremony for the HTX Associates Class of 2021, indicating its investment in developing future talent.', ""Colin Tan is involved in the programmatic aspects of HTX, aiding in its mission to secure Singapore's safety and security""]",The context provided does not specify which company signed a Strategic Partnership for Innovation with HTX on 16 November 2023.,IDEMIA signed a master agreement with HTX under the Strategic Partnership for Innovation on 16 November 2023.,1.0,,0.0,
Which DHS entity did HTX engage with in Silicon Valley?,"[""HTX and IBM are collaborating on a significant 5G project aimed at enhancing the operational readiness and efficiency of the Singapore Civil Defence Force (SCDF) frontliners. This multi-party initiative underscores both organizations' commitment to leveraging advanced technology to support emergency services, ensuring that SCDF personnel are better equipped and more responsive during operations. Through this partnership, HTX and IBM are focusing on the innovative application of 5G technology to create solutions that directly benefit the SCDF's mission-critical activities, ultimately aiming to improve the overall safety and effectiveness of the frontliners' response to emergencies."", 'Lee Tzu Yang, as Chairman of the Public Service Commission, toured the HTX HQ to learn about its projects.', 'HTX collaborates with the Singapore Civil Defence Force to develop and implement technological solutions for emergency services.', 'HTX supports the Immigration and Checkpoints Authority with technology solutions for border control and immigration.', 'HTX provides the Singapore Prison Service with technological advancements to enhance the rehabilitation and management of offenders.', 'HTX aids the Central Narcotics Bureau by developing technologies to combat drug trafficking and enforce drug laws.', ""HTX works closely with the Singapore Police Force as part of its mission to secure Singapore's safety and security."", 'Members of the Public Service Commission toured HTX HQ, indicating a collaborative or informative relationship.', 'HTX onboarded Rohde & Schwarz as a new SPI partner, indicating a partnership relationship.', 'HTX onboarded Ensign as a new SPI partner, indicating a partnership relationship.', 'HTX and the KNPA signed a Letter of Intent, indicating a formal agreement or partnership.', 'Shimadzu was named an SPI partner of HTX, indicating a partnership relationship.', ""Chen Yeang Tat, as Deputy Chief Executive (Operations) of HTX, plays a significant role in the organization's operations and was recognized for contributions to Homeland security."", ""Ng Yeow Boon, as Deputy Chief Executive (Development) of HTX, discussed training more officers in data science and AI roles, indicating his involvement in HTX's strategic direction."", ""Cheryl Tan serves as the Deputy Director at HTX, specifically within the Surveillance and Sensemaking Centre of Excellence (CoE). In her role, she is deeply involved in the development of AI-assisted tools designed to enhance cybersecurity measures. Her work focuses on leveraging artificial intelligence to create sophisticated solutions that aid in the surveillance and sensemaking capabilities of HTX, demonstrating her pivotal role in advancing the organization's technological frontiers in cybersecurity."", ""Chan Tsan serves as the Chief Executive of HTX, where he plays a pivotal role in steering the organization towards becoming an AI-first entity. His responsibilities include overseeing partnerships and innovation projects, which are crucial for HTX's growth and adaptation in the rapidly evolving tech landscape. Under his leadership, HTX has embarked on significant initiatives, one of which involved leading a delegation to Silicon Valley and Las Vegas. This move not only underscores his leadership role but also highlights HTX's commitment to fostering global partnerships and staying at the forefront of technological innovation. Chan Tsan's vision and direction for HTX emphasize the importance of integrating artificial intelligence into the core of the organization's operations and strategies, positioning HTX as a forward-thinking player in the industry."", 'HTX organized the HTX Annual Cycle Challenge, a significant event showcasing the commitment of its members.', ""The HTX Annual Report 2023 highlights the organization's achievements and innovations throughout the year."", 'HTX held a graduation ceremony for the HTX Associates Class of 2021, indicating its investment in developing future talent.', ""Colin Tan is involved in the programmatic aspects of HTX, aiding in its mission to secure Singapore's safety and security""]","The context does not specify any particular DHS (Department of Homeland Security) entity that HTX engaged with in Silicon Valley. It only mentions that Chan Tsan, the Chief Executive of HTX, led a delegation to Silicon Valley and Las Vegas as part of HTX's initiatives to foster global partnerships and stay at the forefront of technological innovation.",The US Department of Homeland Security’s Science and Technology directorate (DHS S&T) Silicon Valley Innovation Programme.,1.0,,0.0,
Which partners helped establish Hatch?,['No context retrieved.'],"I'm sorry, but the context provided does not contain information about the partners who helped establish Hatch. Could you please provide more details or context?",Innovation platform SOSA and Singaporean technology company Knovel Engineering partnered to establish Hatch.,1.0,,0.0,0.0
What is the purpose of Hatch's Open Innovation Challenge?,['No context retrieved.'],The purpose of Hatch's Open Innovation Challenge is to encourage and facilitate the development of innovative solutions by inviting participants to address specific challenges or problems. This initiative aims to leverage diverse perspectives and expertise from various individuals or groups to generate creative and effective solutions.,Hatch's open innovation challenge crowdsources and validates innovative technologies from global startups to address Home Team challenges.,0.0,,0.0,0.0
How many startup applications did the inaugural Open Innovation Challenge attract and how many were selected?,['No context retrieved.'],"The inaugural Open Innovation Challenge attracted 150 startup applications, out of which 12 were selected.","The inaugural open innovation challenge attracted applications from 60 startups, with five eventually selected for the programme.",0.0,,0.0,0.0
List HTX's six values featured under Our Values.,"[""HTX and IBM are collaborating on a significant 5G project aimed at enhancing the operational readiness and efficiency of the Singapore Civil Defence Force (SCDF) frontliners. This multi-party initiative underscores both organizations' commitment to leveraging advanced technology to support emergency services, ensuring that SCDF personnel are better equipped and more responsive during operations. Through this partnership, HTX and IBM are focusing on the innovative application of 5G technology to create solutions that directly benefit the SCDF's mission-critical activities, ultimately aiming to improve the overall safety and effectiveness of the frontliners' response to emergencies."", 'Lee Tzu Yang, as Chairman of the Public Service Commission, toured the HTX HQ to learn about its projects.', 'HTX collaborates with the Singapore Civil Defence Force to develop and implement technological solutions for emergency services.', 'HTX supports the Immigration and Checkpoints Authority with technology solutions for border control and immigration.', 'HTX provides the Singapore Prison Service with technological advancements to enhance the rehabilitation and management of offenders.', 'HTX aids the Central Narcotics Bureau by developing technologies to combat drug trafficking and enforce drug laws.', ""HTX works closely with the Singapore Police Force as part of its mission to secure Singapore's safety and security."", 'Members of the Public Service Commission toured HTX HQ, indicating a collaborative or informative relationship.', 'HTX onboarded Rohde & Schwarz as a new SPI partner, indicating a partnership relationship.', 'HTX onboarded Ensign as a new SPI partner, indicating a partnership relationship.', 'HTX and the KNPA signed a Letter of Intent, indicating a formal agreement or partnership.', 'Shimadzu was named an SPI partner of HTX, indicating a partnership relationship.', ""Chen Yeang Tat, as Deputy Chief Executive (Operations) of HTX, plays a significant role in the organization's operations and was recognized for contributions to Homeland security."", ""Ng Yeow Boon, as Deputy Chief Executive (Development) of HTX, discussed training more officers in data science and AI roles, indicating his involvement in HTX's strategic direction."", ""Cheryl Tan serves as the Deputy Director at HTX, specifically within the Surveillance and Sensemaking Centre of Excellence (CoE). In her role, she is deeply involved in the development of AI-assisted tools designed to enhance cybersecurity measures. Her work focuses on leveraging artificial intelligence to create sophisticated solutions that aid in the surveillance and sensemaking capabilities of HTX, demonstrating her pivotal role in advancing the organization's technological frontiers in cybersecurity."", ""Chan Tsan serves as the Chief Executive of HTX, where he plays a pivotal role in steering the organization towards becoming an AI-first entity. His responsibilities include overseeing partnerships and innovation projects, which are crucial for HTX's growth and adaptation in the rapidly evolving tech landscape. Under his leadership, HTX has embarked on significant initiatives, one of which involved leading a delegation to Silicon Valley and Las Vegas. This move not only underscores his leadership role but also highlights HTX's commitment to fostering global partnerships and staying at the forefront of technological innovation. Chan Tsan's vision and direction for HTX emphasize the importance of integrating artificial intelligence into the core of the organization's operations and strategies, positioning HTX as a forward-thinking player in the industry."", 'HTX organized the HTX Annual Cycle Challenge, a significant event showcasing the commitment of its members.', ""The HTX Annual Report 2023 highlights the organization's achievements and innovations throughout the year."", 'HTX held a graduation ceremony for the HTX Associates Class of 2021, indicating its investment in developing future talent.', ""Colin Tan is involved in the programmatic aspects of HTX, aiding in its mission to secure Singapore's safety and security""]","The context provided does not include specific information about HTX's six values featured under ""Our Values."" To find this information, you may need to refer to HTX's official website, publications, or other official documents where they outline their organizational values.","Mission, Teamwork, Empathy, Exuberance, Foresight, Innovation.",0.25,,0.0,
State the description of the Mission value.,['No context retrieved.'],"I'm sorry, but the context you provided does not include any information about the ""Mission value."" Could you please provide more details or context so I can assist you better?",We are the Home Team's Force Multiplier.,1.0,,0.0,0.0
State the description of the Teamwork value.,['No context retrieved.'],"I'm sorry, but the context you provided does not include a description of the Teamwork value. Could you please provide more information or context?",We work together to make the extraordinary happen.,0.5,0.0,0.0,0.0
State the description of the Empathy value.,['No context retrieved.'],"I'm sorry, but the context you provided does not include a description of the Empathy value. Could you please provide more information or context?","We appreciate and care for one another, and celebrate our achievements together.",1.0,0.0,0.0,0.0
State the description of the Exuberance value.,['No context retrieved.'],"The Exuberance value typically refers to a measure or indicator used to assess the level of enthusiasm or excitement in a particular context, such as financial markets, consumer behavior, or social trends. It often reflects the degree to which participants are optimistic or overly optimistic, potentially leading to speculative bubbles or irrational decision-making. The specific description of the Exuberance value can vary depending on the context in which it is used.","We exude energy, optimism and a can-do attitude in pursuit of excellence.",0.0,,0.0,0.0
State the description of the Foresight value.,['No context retrieved.'],"I'm sorry, but the context you provided does not contain any information about the ""Foresight value."" Could you please provide more details or clarify the context?",We apply exceptional thinking to anticipate future threats and opportunities.,0.5,0.0,0.0,0.0
State the description of the Innovation value.,['No context retrieved.'],"I'm sorry, but the context you provided does not contain any information about the ""Innovation value."" Could you please provide more details or context so I can assist you better?","We constantly experiment, undaunted by failure, to create solutions for tomorrow's challenges.",1.0,0.0,0.0,0.0
What cultural theme emphasises openness and sharing for innovation?,['No context retrieved.'],"The cultural theme that emphasizes openness and sharing for innovation is often referred to as ""open innovation."" This approach encourages collaboration, transparency, and the free exchange of ideas and resources to drive innovation and development.","Growing HTX's culture of innovation highlights openness, sharing, and events with industry veterans to reveal the innovation process.",0.0,,0.0,0.0
Name two formats used in the innovation culture events.,['No context retrieved.'],"I'm sorry, but the context needed to answer the question is not provided. Could you please provide more information or details from the context?",The Learning & Innovation Festival and the Undaunted fireside chat series were among the events.,1.0,,0.0,0.0
Which HTX leader encouraged sharing experiences with failure to drive innovation?,"[""HTX and IBM are collaborating on a significant 5G project aimed at enhancing the operational readiness and efficiency of the Singapore Civil Defence Force (SCDF) frontliners. This multi-party initiative underscores both organizations' commitment to leveraging advanced technology to support emergency services, ensuring that SCDF personnel are better equipped and more responsive during operations. Through this partnership, HTX and IBM are focusing on the innovative application of 5G technology to create solutions that directly benefit the SCDF's mission-critical activities, ultimately aiming to improve the overall safety and effectiveness of the frontliners' response to emergencies."", 'Lee Tzu Yang, as Chairman of the Public Service Commission, toured the HTX HQ to learn about its projects.', 'HTX collaborates with the Singapore Civil Defence Force to develop and implement technological solutions for emergency services.', 'HTX supports the Immigration and Checkpoints Authority with technology solutions for border control and immigration.', 'HTX provides the Singapore Prison Service with technological advancements to enhance the rehabilitation and management of offenders.', 'HTX aids the Central Narcotics Bureau by developing technologies to combat drug trafficking and enforce drug laws.', ""HTX works closely with the Singapore Police Force as part of its mission to secure Singapore's safety and security."", 'Members of the Public Service Commission toured HTX HQ, indicating a collaborative or informative relationship.', 'HTX onboarded Rohde & Schwarz as a new SPI partner, indicating a partnership relationship.', 'HTX onboarded Ensign as a new SPI partner, indicating a partnership relationship.', 'HTX and the KNPA signed a Letter of Intent, indicating a formal agreement or partnership.', 'Shimadzu was named an SPI partner of HTX, indicating a partnership relationship.', ""Chen Yeang Tat, as Deputy Chief Executive (Operations) of HTX, plays a significant role in the organization's operations and was recognized for contributions to Homeland security."", ""Ng Yeow Boon, as Deputy Chief Executive (Development) of HTX, discussed training more officers in data science and AI roles, indicating his involvement in HTX's strategic direction."", ""Cheryl Tan serves as the Deputy Director at HTX, specifically within the Surveillance and Sensemaking Centre of Excellence (CoE). In her role, she is deeply involved in the development of AI-assisted tools designed to enhance cybersecurity measures. Her work focuses on leveraging artificial intelligence to create sophisticated solutions that aid in the surveillance and sensemaking capabilities of HTX, demonstrating her pivotal role in advancing the organization's technological frontiers in cybersecurity."", ""Chan Tsan serves as the Chief Executive of HTX, where he plays a pivotal role in steering the organization towards becoming an AI-first entity. His responsibilities include overseeing partnerships and innovation projects, which are crucial for HTX's growth and adaptation in the rapidly evolving tech landscape. Under his leadership, HTX has embarked on significant initiatives, one of which involved leading a delegation to Silicon Valley and Las Vegas. This move not only underscores his leadership role but also highlights HTX's commitment to fostering global partnerships and staying at the forefront of technological innovation. Chan Tsan's vision and direction for HTX emphasize the importance of integrating artificial intelligence into the core of the organization's operations and strategies, positioning HTX as a forward-thinking player in the industry."", 'HTX organized the HTX Annual Cycle Challenge, a significant event showcasing the commitment of its members.', ""The HTX Annual Report 2023 highlights the organization's achievements and innovations throughout the year."", 'HTX held a graduation ceremony for the HTX Associates Class of 2021, indicating its investment in developing future talent.', ""Colin Tan is involved in the programmatic aspects of HTX, aiding in its mission to secure Singapore's safety and security""]","The context provided does not explicitly mention any HTX leader encouraging the sharing of experiences with failure to drive innovation. Therefore, based on the given information, I cannot identify which HTX leader might have encouraged this practice.",HTX Chief Innovation Officer Ng Pan Yong encouraged leaders to drive innovation and share experiences with failure.,1.0,,0.0,
Summarise the purpose of the Undaunted Award.,['No context retrieved.'],"The Undaunted Award is designed to recognize and honor individuals or groups who demonstrate exceptional courage, resilience, and determination in the face of adversity. It celebrates those who have overcome significant challenges and have made a positive impact on their communities or fields through their unwavering spirit and perseverance.",The Undaunted Award recognises Xponents who face failure undaunted and quickly learn from mistakes to improve their innovations.,0.0,0.9738535775453562,0.0,0.0
What philosophy about failure does HTX promote with the Undaunted Award?,"[""HTX and IBM are collaborating on a significant 5G project aimed at enhancing the operational readiness and efficiency of the Singapore Civil Defence Force (SCDF) frontliners. This multi-party initiative underscores both organizations' commitment to leveraging advanced technology to support emergency services, ensuring that SCDF personnel are better equipped and more responsive during operations. Through this partnership, HTX and IBM are focusing on the innovative application of 5G technology to create solutions that directly benefit the SCDF's mission-critical activities, ultimately aiming to improve the overall safety and effectiveness of the frontliners' response to emergencies."", 'Lee Tzu Yang, as Chairman of the Public Service Commission, toured the HTX HQ to learn about its projects.', 'HTX collaborates with the Singapore Civil Defence Force to develop and implement technological solutions for emergency services.', 'HTX supports the Immigration and Checkpoints Authority with technology solutions for border control and immigration.', 'HTX provides the Singapore Prison Service with technological advancements to enhance the rehabilitation and management of offenders.', 'HTX aids the Central Narcotics Bureau by developing technologies to combat drug trafficking and enforce drug laws.', ""HTX works closely with the Singapore Police Force as part of its mission to secure Singapore's safety and security."", 'Members of the Public Service Commission toured HTX HQ, indicating a collaborative or informative relationship.', 'HTX onboarded Rohde & Schwarz as a new SPI partner, indicating a partnership relationship.', 'HTX onboarded Ensign as a new SPI partner, indicating a partnership relationship.', 'HTX and the KNPA signed a Letter of Intent, indicating a formal agreement or partnership.', 'Shimadzu was named an SPI partner of HTX, indicating a partnership relationship.', ""Chen Yeang Tat, as Deputy Chief Executive (Operations) of HTX, plays a significant role in the organization's operations and was recognized for contributions to Homeland security."", ""Ng Yeow Boon, as Deputy Chief Executive (Development) of HTX, discussed training more officers in data science and AI roles, indicating his involvement in HTX's strategic direction."", ""Cheryl Tan serves as the Deputy Director at HTX, specifically within the Surveillance and Sensemaking Centre of Excellence (CoE). In her role, she is deeply involved in the development of AI-assisted tools designed to enhance cybersecurity measures. Her work focuses on leveraging artificial intelligence to create sophisticated solutions that aid in the surveillance and sensemaking capabilities of HTX, demonstrating her pivotal role in advancing the organization's technological frontiers in cybersecurity."", ""Chan Tsan serves as the Chief Executive of HTX, where he plays a pivotal role in steering the organization towards becoming an AI-first entity. His responsibilities include overseeing partnerships and innovation projects, which are crucial for HTX's growth and adaptation in the rapidly evolving tech landscape. Under his leadership, HTX has embarked on significant initiatives, one of which involved leading a delegation to Silicon Valley and Las Vegas. This move not only underscores his leadership role but also highlights HTX's commitment to fostering global partnerships and staying at the forefront of technological innovation. Chan Tsan's vision and direction for HTX emphasize the importance of integrating artificial intelligence into the core of the organization's operations and strategies, positioning HTX as a forward-thinking player in the industry."", 'HTX organized the HTX Annual Cycle Challenge, a significant event showcasing the commitment of its members.', ""The HTX Annual Report 2023 highlights the organization's achievements and innovations throughout the year."", 'HTX held a graduation ceremony for the HTX Associates Class of 2021, indicating its investment in developing future talent.', ""Colin Tan is involved in the programmatic aspects of HTX, aiding in its mission to secure Singapore's safety and security""]","The context provided does not include specific information about the Undaunted Award or HTX's philosophy about failure. Therefore, I cannot provide an answer based on the given context. If you have more details or another source of information, please share it, and I will do my best to assist you.","Failure is not the opposite of success but an inevitable and valuable part of the journey, serving as a classroom for learning.",0.4,,0.0,
What is eXpresso! and what does it foster?,['No context retrieved.'],"eXpresso! is a program or initiative designed to foster collaboration and innovation. It aims to create an environment where individuals can come together to share ideas, work on projects, and develop new solutions.","eXpresso! is a relaxed town hall where staff learn about HTX happenings and interact with senior management, fostering open communication and community.",0.0,,0.0,0.0
When was HTX's Family Day and what activities were included?,"[""HTX and IBM are collaborating on a significant 5G project aimed at enhancing the operational readiness and efficiency of the Singapore Civil Defence Force (SCDF) frontliners. This multi-party initiative underscores both organizations' commitment to leveraging advanced technology to support emergency services, ensuring that SCDF personnel are better equipped and more responsive during operations. Through this partnership, HTX and IBM are focusing on the innovative application of 5G technology to create solutions that directly benefit the SCDF's mission-critical activities, ultimately aiming to improve the overall safety and effectiveness of the frontliners' response to emergencies."", 'Lee Tzu Yang, as Chairman of the Public Service Commission, toured the HTX HQ to learn about its projects.', 'HTX collaborates with the Singapore Civil Defence Force to develop and implement technological solutions for emergency services.', 'HTX supports the Immigration and Checkpoints Authority with technology solutions for border control and immigration.', 'HTX provides the Singapore Prison Service with technological advancements to enhance the rehabilitation and management of offenders.', 'HTX aids the Central Narcotics Bureau by developing technologies to combat drug trafficking and enforce drug laws.', ""HTX works closely with the Singapore Police Force as part of its mission to secure Singapore's safety and security."", 'Members of the Public Service Commission toured HTX HQ, indicating a collaborative or informative relationship.', 'HTX onboarded Rohde & Schwarz as a new SPI partner, indicating a partnership relationship.', 'HTX onboarded Ensign as a new SPI partner, indicating a partnership relationship.', 'HTX and the KNPA signed a Letter of Intent, indicating a formal agreement or partnership.', 'Shimadzu was named an SPI partner of HTX, indicating a partnership relationship.', ""Chen Yeang Tat, as Deputy Chief Executive (Operations) of HTX, plays a significant role in the organization's operations and was recognized for contributions to Homeland security."", ""Ng Yeow Boon, as Deputy Chief Executive (Development) of HTX, discussed training more officers in data science and AI roles, indicating his involvement in HTX's strategic direction."", ""Cheryl Tan serves as the Deputy Director at HTX, specifically within the Surveillance and Sensemaking Centre of Excellence (CoE). In her role, she is deeply involved in the development of AI-assisted tools designed to enhance cybersecurity measures. Her work focuses on leveraging artificial intelligence to create sophisticated solutions that aid in the surveillance and sensemaking capabilities of HTX, demonstrating her pivotal role in advancing the organization's technological frontiers in cybersecurity."", ""Chan Tsan serves as the Chief Executive of HTX, where he plays a pivotal role in steering the organization towards becoming an AI-first entity. His responsibilities include overseeing partnerships and innovation projects, which are crucial for HTX's growth and adaptation in the rapidly evolving tech landscape. Under his leadership, HTX has embarked on significant initiatives, one of which involved leading a delegation to Silicon Valley and Las Vegas. This move not only underscores his leadership role but also highlights HTX's commitment to fostering global partnerships and staying at the forefront of technological innovation. Chan Tsan's vision and direction for HTX emphasize the importance of integrating artificial intelligence into the core of the organization's operations and strategies, positioning HTX as a forward-thinking player in the industry."", 'HTX organized the HTX Annual Cycle Challenge, a significant event showcasing the commitment of its members.', ""The HTX Annual Report 2023 highlights the organization's achievements and innovations throughout the year."", 'HTX held a graduation ceremony for the HTX Associates Class of 2021, indicating its investment in developing future talent.', ""Colin Tan is involved in the programmatic aspects of HTX, aiding in its mission to secure Singapore's safety and security""]",The context provided does not include specific information about HTX's Family Day or the activities that were included.,"Family Day was on 23 June 2023, featuring carnival rides, arcade games, and performances for bonding.",1.0,,0.0,
Describe the theme and flow of the 2023 HTX Annual Walk & Run.,['No context retrieved.'],"The 2023 HTX Annual Walk & Run focused on promoting community health and wellness while fostering a sense of unity and support among participants. The event featured a well-organized route that accommodated both walkers and runners, ensuring inclusivity for all fitness levels. The flow of the event was smooth, with clear signage and enthusiastic volunteers guiding participants along the course. Additionally, the event included various activities and booths at the start and finish lines, offering health tips, refreshments, and opportunities for social interaction, enhancing the overall experience and reinforcing the theme of community well-being.","Themed Engineering Good Health, Xponents set off from various locations and converged at the Singapore Sports Hub for the flag-off on 29 November 2023.",0.0,,0.0,0.0
Outline the route and format of HTX Annual Cycle 2023.,"[""HTX and IBM are collaborating on a significant 5G project aimed at enhancing the operational readiness and efficiency of the Singapore Civil Defence Force (SCDF) frontliners. This multi-party initiative underscores both organizations' commitment to leveraging advanced technology to support emergency services, ensuring that SCDF personnel are better equipped and more responsive during operations. Through this partnership, HTX and IBM are focusing on the innovative application of 5G technology to create solutions that directly benefit the SCDF's mission-critical activities, ultimately aiming to improve the overall safety and effectiveness of the frontliners' response to emergencies."", 'Lee Tzu Yang, as Chairman of the Public Service Commission, toured the HTX HQ to learn about its projects.', 'HTX collaborates with the Singapore Civil Defence Force to develop and implement technological solutions for emergency services.', 'HTX supports the Immigration and Checkpoints Authority with technology solutions for border control and immigration.', 'HTX provides the Singapore Prison Service with technological advancements to enhance the rehabilitation and management of offenders.', 'HTX aids the Central Narcotics Bureau by developing technologies to combat drug trafficking and enforce drug laws.', ""HTX works closely with the Singapore Police Force as part of its mission to secure Singapore's safety and security."", 'Members of the Public Service Commission toured HTX HQ, indicating a collaborative or informative relationship.', 'HTX onboarded Rohde & Schwarz as a new SPI partner, indicating a partnership relationship.', 'HTX onboarded Ensign as a new SPI partner, indicating a partnership relationship.', 'HTX and the KNPA signed a Letter of Intent, indicating a formal agreement or partnership.', 'Shimadzu was named an SPI partner of HTX, indicating a partnership relationship.', ""Chen Yeang Tat, as Deputy Chief Executive (Operations) of HTX, plays a significant role in the organization's operations and was recognized for contributions to Homeland security."", ""Ng Yeow Boon, as Deputy Chief Executive (Development) of HTX, discussed training more officers in data science and AI roles, indicating his involvement in HTX's strategic direction."", ""Cheryl Tan serves as the Deputy Director at HTX, specifically within the Surveillance and Sensemaking Centre of Excellence (CoE). In her role, she is deeply involved in the development of AI-assisted tools designed to enhance cybersecurity measures. Her work focuses on leveraging artificial intelligence to create sophisticated solutions that aid in the surveillance and sensemaking capabilities of HTX, demonstrating her pivotal role in advancing the organization's technological frontiers in cybersecurity."", ""Chan Tsan serves as the Chief Executive of HTX, where he plays a pivotal role in steering the organization towards becoming an AI-first entity. His responsibilities include overseeing partnerships and innovation projects, which are crucial for HTX's growth and adaptation in the rapidly evolving tech landscape. Under his leadership, HTX has embarked on significant initiatives, one of which involved leading a delegation to Silicon Valley and Las Vegas. This move not only underscores his leadership role but also highlights HTX's commitment to fostering global partnerships and staying at the forefront of technological innovation. Chan Tsan's vision and direction for HTX emphasize the importance of integrating artificial intelligence into the core of the organization's operations and strategies, positioning HTX as a forward-thinking player in the industry."", 'HTX organized the HTX Annual Cycle Challenge, a significant event showcasing the commitment of its members.', ""The HTX Annual Report 2023 highlights the organization's achievements and innovations throughout the year."", 'HTX held a graduation ceremony for the HTX Associates Class of 2021, indicating its investment in developing future talent.', ""Colin Tan is involved in the programmatic aspects of HTX, aiding in its mission to secure Singapore's safety and security""]","The context provided does not include specific details about the route and format of the HTX Annual Cycle 2023. To obtain this information, you may need to refer to official announcements or publications from HTX, such as their website, press releases, or the HTX Annual Report 2023, which might contain details about the event.","The route ran from Road Safety Park to National Sailing Centre and Marina East Park and back, followed by a virtual race to record team mileage.",0.3333333333333333,,0.0,
Which panel did HTX participate in with DHS S&T during the US visit?,"[""HTX and IBM are collaborating on a significant 5G project aimed at enhancing the operational readiness and efficiency of the Singapore Civil Defence Force (SCDF) frontliners. This multi-party initiative underscores both organizations' commitment to leveraging advanced technology to support emergency services, ensuring that SCDF personnel are better equipped and more responsive during operations. Through this partnership, HTX and IBM are focusing on the innovative application of 5G technology to create solutions that directly benefit the SCDF's mission-critical activities, ultimately aiming to improve the overall safety and effectiveness of the frontliners' response to emergencies."", 'Lee Tzu Yang, as Chairman of the Public Service Commission, toured the HTX HQ to learn about its projects.', 'HTX collaborates with the Singapore Civil Defence Force to develop and implement technological solutions for emergency services.', 'HTX supports the Immigration and Checkpoints Authority with technology solutions for border control and immigration.', 'HTX provides the Singapore Prison Service with technological advancements to enhance the rehabilitation and management of offenders.', 'HTX aids the Central Narcotics Bureau by developing technologies to combat drug trafficking and enforce drug laws.', ""HTX works closely with the Singapore Police Force as part of its mission to secure Singapore's safety and security."", 'Members of the Public Service Commission toured HTX HQ, indicating a collaborative or informative relationship.', 'HTX onboarded Rohde & Schwarz as a new SPI partner, indicating a partnership relationship.', 'HTX onboarded Ensign as a new SPI partner, indicating a partnership relationship.', 'HTX and the KNPA signed a Letter of Intent, indicating a formal agreement or partnership.', 'Shimadzu was named an SPI partner of HTX, indicating a partnership relationship.', ""Chen Yeang Tat, as Deputy Chief Executive (Operations) of HTX, plays a significant role in the organization's operations and was recognized for contributions to Homeland security."", ""Ng Yeow Boon, as Deputy Chief Executive (Development) of HTX, discussed training more officers in data science and AI roles, indicating his involvement in HTX's strategic direction."", ""Cheryl Tan serves as the Deputy Director at HTX, specifically within the Surveillance and Sensemaking Centre of Excellence (CoE). In her role, she is deeply involved in the development of AI-assisted tools designed to enhance cybersecurity measures. Her work focuses on leveraging artificial intelligence to create sophisticated solutions that aid in the surveillance and sensemaking capabilities of HTX, demonstrating her pivotal role in advancing the organization's technological frontiers in cybersecurity."", ""Chan Tsan serves as the Chief Executive of HTX, where he plays a pivotal role in steering the organization towards becoming an AI-first entity. His responsibilities include overseeing partnerships and innovation projects, which are crucial for HTX's growth and adaptation in the rapidly evolving tech landscape. Under his leadership, HTX has embarked on significant initiatives, one of which involved leading a delegation to Silicon Valley and Las Vegas. This move not only underscores his leadership role but also highlights HTX's commitment to fostering global partnerships and staying at the forefront of technological innovation. Chan Tsan's vision and direction for HTX emphasize the importance of integrating artificial intelligence into the core of the organization's operations and strategies, positioning HTX as a forward-thinking player in the industry."", 'HTX organized the HTX Annual Cycle Challenge, a significant event showcasing the commitment of its members.', ""The HTX Annual Report 2023 highlights the organization's achievements and innovations throughout the year."", 'HTX held a graduation ceremony for the HTX Associates Class of 2021, indicating its investment in developing future talent.', ""Colin Tan is involved in the programmatic aspects of HTX, aiding in its mission to secure Singapore's safety and security""]","The context provided does not include specific information about HTX participating in a panel with DHS S&T during a US visit. Therefore, I cannot provide an answer based on the given context.",Hatch Centre Director Mok Shao Hong and CBP Innovation Team's Alice Hu joined a panel with DHS S&T representatives.,1.0,0.0,0.0,
What quote from HTX's CIO encapsulates the Undaunted mindset?,"[""HTX and IBM are collaborating on a significant 5G project aimed at enhancing the operational readiness and efficiency of the Singapore Civil Defence Force (SCDF) frontliners. This multi-party initiative underscores both organizations' commitment to leveraging advanced technology to support emergency services, ensuring that SCDF personnel are better equipped and more responsive during operations. Through this partnership, HTX and IBM are focusing on the innovative application of 5G technology to create solutions that directly benefit the SCDF's mission-critical activities, ultimately aiming to improve the overall safety and effectiveness of the frontliners' response to emergencies."", 'Lee Tzu Yang, as Chairman of the Public Service Commission, toured the HTX HQ to learn about its projects.', 'HTX collaborates with the Singapore Civil Defence Force to develop and implement technological solutions for emergency services.', 'HTX supports the Immigration and Checkpoints Authority with technology solutions for border control and immigration.', 'HTX provides the Singapore Prison Service with technological advancements to enhance the rehabilitation and management of offenders.', 'HTX aids the Central Narcotics Bureau by developing technologies to combat drug trafficking and enforce drug laws.', ""HTX works closely with the Singapore Police Force as part of its mission to secure Singapore's safety and security."", 'Members of the Public Service Commission toured HTX HQ, indicating a collaborative or informative relationship.', 'HTX onboarded Rohde & Schwarz as a new SPI partner, indicating a partnership relationship.', 'HTX onboarded Ensign as a new SPI partner, indicating a partnership relationship.', 'HTX and the KNPA signed a Letter of Intent, indicating a formal agreement or partnership.', 'Shimadzu was named an SPI partner of HTX, indicating a partnership relationship.', ""Chen Yeang Tat, as Deputy Chief Executive (Operations) of HTX, plays a significant role in the organization's operations and was recognized for contributions to Homeland security."", ""Ng Yeow Boon, as Deputy Chief Executive (Development) of HTX, discussed training more officers in data science and AI roles, indicating his involvement in HTX's strategic direction."", ""Cheryl Tan serves as the Deputy Director at HTX, specifically within the Surveillance and Sensemaking Centre of Excellence (CoE). In her role, she is deeply involved in the development of AI-assisted tools designed to enhance cybersecurity measures. Her work focuses on leveraging artificial intelligence to create sophisticated solutions that aid in the surveillance and sensemaking capabilities of HTX, demonstrating her pivotal role in advancing the organization's technological frontiers in cybersecurity."", ""Chan Tsan serves as the Chief Executive of HTX, where he plays a pivotal role in steering the organization towards becoming an AI-first entity. His responsibilities include overseeing partnerships and innovation projects, which are crucial for HTX's growth and adaptation in the rapidly evolving tech landscape. Under his leadership, HTX has embarked on significant initiatives, one of which involved leading a delegation to Silicon Valley and Las Vegas. This move not only underscores his leadership role but also highlights HTX's commitment to fostering global partnerships and staying at the forefront of technological innovation. Chan Tsan's vision and direction for HTX emphasize the importance of integrating artificial intelligence into the core of the organization's operations and strategies, positioning HTX as a forward-thinking player in the industry."", 'HTX organized the HTX Annual Cycle Challenge, a significant event showcasing the commitment of its members.', ""The HTX Annual Report 2023 highlights the organization's achievements and innovations throughout the year."", 'HTX held a graduation ceremony for the HTX Associates Class of 2021, indicating its investment in developing future talent.', ""Colin Tan is involved in the programmatic aspects of HTX, aiding in its mission to secure Singapore's safety and security""]","The context provided does not include a specific quote from HTX's Chief Information Officer (CIO) that encapsulates the ""Undaunted mindset."" If you have additional information or a different source that might contain this quote, please provide it, and I can assist further.","Failure is part of success... No one succeeds without first learning from mistakes made along the way, said HTX Chief Innovation Officer Ng Pan Yong.",0.3333333333333333,0.0,0.0,0.0
What dual outcomes does eXpresso! seek to achieve?,['No context retrieved.'],eXpresso! seeks to achieve the dual outcomes of enhancing productivity and fostering collaboration.,eXpresso! seeks to keep staff informed on HTX developments and strengthens community through casual engagement with senior management.,0.0,0.9670361168395741,0.0,0.0
Where did participants converge for the HTX Annual Walk & Run 2023 flag-off?,"[""HTX and IBM are collaborating on a significant 5G project aimed at enhancing the operational readiness and efficiency of the Singapore Civil Defence Force (SCDF) frontliners. This multi-party initiative underscores both organizations' commitment to leveraging advanced technology to support emergency services, ensuring that SCDF personnel are better equipped and more responsive during operations. Through this partnership, HTX and IBM are focusing on the innovative application of 5G technology to create solutions that directly benefit the SCDF's mission-critical activities, ultimately aiming to improve the overall safety and effectiveness of the frontliners' response to emergencies."", 'Lee Tzu Yang, as Chairman of the Public Service Commission, toured the HTX HQ to learn about its projects.', 'HTX collaborates with the Singapore Civil Defence Force to develop and implement technological solutions for emergency services.', 'HTX supports the Immigration and Checkpoints Authority with technology solutions for border control and immigration.', 'HTX provides the Singapore Prison Service with technological advancements to enhance the rehabilitation and management of offenders.', 'HTX aids the Central Narcotics Bureau by developing technologies to combat drug trafficking and enforce drug laws.', ""HTX works closely with the Singapore Police Force as part of its mission to secure Singapore's safety and security."", 'Members of the Public Service Commission toured HTX HQ, indicating a collaborative or informative relationship.', 'HTX onboarded Rohde & Schwarz as a new SPI partner, indicating a partnership relationship.', 'HTX onboarded Ensign as a new SPI partner, indicating a partnership relationship.', 'HTX and the KNPA signed a Letter of Intent, indicating a formal agreement or partnership.', 'Shimadzu was named an SPI partner of HTX, indicating a partnership relationship.', ""Chen Yeang Tat, as Deputy Chief Executive (Operations) of HTX, plays a significant role in the organization's operations and was recognized for contributions to Homeland security."", ""Ng Yeow Boon, as Deputy Chief Executive (Development) of HTX, discussed training more officers in data science and AI roles, indicating his involvement in HTX's strategic direction."", ""Cheryl Tan serves as the Deputy Director at HTX, specifically within the Surveillance and Sensemaking Centre of Excellence (CoE). In her role, she is deeply involved in the development of AI-assisted tools designed to enhance cybersecurity measures. Her work focuses on leveraging artificial intelligence to create sophisticated solutions that aid in the surveillance and sensemaking capabilities of HTX, demonstrating her pivotal role in advancing the organization's technological frontiers in cybersecurity."", ""Chan Tsan serves as the Chief Executive of HTX, where he plays a pivotal role in steering the organization towards becoming an AI-first entity. His responsibilities include overseeing partnerships and innovation projects, which are crucial for HTX's growth and adaptation in the rapidly evolving tech landscape. Under his leadership, HTX has embarked on significant initiatives, one of which involved leading a delegation to Silicon Valley and Las Vegas. This move not only underscores his leadership role but also highlights HTX's commitment to fostering global partnerships and staying at the forefront of technological innovation. Chan Tsan's vision and direction for HTX emphasize the importance of integrating artificial intelligence into the core of the organization's operations and strategies, positioning HTX as a forward-thinking player in the industry."", 'HTX organized the HTX Annual Cycle Challenge, a significant event showcasing the commitment of its members.', ""The HTX Annual Report 2023 highlights the organization's achievements and innovations throughout the year."", 'HTX held a graduation ceremony for the HTX Associates Class of 2021, indicating its investment in developing future talent.', ""Colin Tan is involved in the programmatic aspects of HTX, aiding in its mission to secure Singapore's safety and security""]",The context provided does not include specific information about the location where participants converged for the HTX Annual Walk & Run 2023 flag-off.,They converged at the Singapore Sports Hub for the official flag-off.,1.0,0.0,0.0,0.0
