question,gt_answer,Context,response,retrieved_contexts,answer_relevancy,faithfulness,context_recall,context_precision
What were the top five digital platforms used in e-commerce scams and their percentages in 2020?,"The top five digital platforms used in e-commerce scams and their corresponding percentages are Carousell (40.4%), Shopee (21.2%), Facebook (16.6%), Lazada (6.4%),  and Telegram (2.9%)","Carousell (40.4%), Shopee (21.2%), Facebook (16.6%), Lazada (6.4%),  and Telegram (2.9%)","The top five digital platforms used in e-commerce scams were Carousell, Facebook, Shopee, Instagram, and Telegram.","TOP FIVE DIGITAL PLATFORMS USED IN E-COMMERCE SCAMS 
 
 
 
 
 
 
 
 
 
 
 
 
CAROUSELL
1001
37%
FACEBOOK
566
21%
SHOPEE
376
14%
INSTAGRAM
182
7%
TELEGRAM
104
4%
OTHERS
2021
Total: 2729",0.0,0.0,0.0,0.0
What percentage of reported crimes in 2020 were scams?,Scams made up 42.0% of all reported crimes in 2020.,"The total number of scam cases reported increased by 64.0% to 15,651 cases in 2020, from 9,545 cases in 2019. It made up 42.0% of Overall Crime in 2020, up from 27.2% in 2019.",42.,"Page 2 of 13 
2019. Housebreaking and related crimes decreased by 25.3% to 210 cases in 2020, 
from 281 cases in 2019. Both these crime classes recorded a 36-year low.  
 
Scam Situation in Singapore 
 
6. The total number of scam cases reported increased by 64.0% to 15,651 cases 
in 2020, from 9,545 cases in 2019. It made up 42.0% of Overall Crime in 2020, up from 
27.2% in 2019. 
 
7. Among the top ten scam types, e-commerce scams, social media impersonation 
scams, loan scams and banking related phishing scams are of particular concern, as 
they constituted 67.9% of the top ten scam types reported in 2020. Furthermore, the 
total number of reported cases for these scams increased sharply by 76.7%, compared 
to the same period in 2019. 
 
E-commerce scams remains the top scam 
 
8. E-commerce scams remains the top scam type, with the highest number of 
reported cases in 2020.   
a) E-commerce scam cases increased by 19.3% to 3,359 cases in 2020, from 
2,816 cases in 2019. 
b) The total amount cheated increased to S$7.1 million in 2020, from S$2.3 
million in 2019. The largest sum cheated in a single case in 2020 was S$1.9 
million. 
c) The number of e-commerce scams involving transactions on Shopee 
recorded the highest increase of 155.0% to 709 cases in 2020, from 278 
cases in 2019. Carousell continues to have the largest number of e-
commerce scams with 1,344 cases (40.0%) reported on its platform. 
Common scam transactions involved sales of electronic gadgets, COVID-19 
related items and personal accessories (see Annex B for the breakdown of 
e-commerce scams on the various digital platforms). 
 
Significant increase in social media impersonation scams, banking related 
phishing scams and non-banking related phishing scams 
 
9. Social media impersonation scams, banking-related phishing scams and non-
banking related phishing scams recorded the second, fourth and eighth highest number 
of reported cases respectively amongst all scam types. All three have registered 
significant increases in 2020 as compared to 2019.  
 
a) Social media impersonation scams 
• The number of cases increased by 271.4% to 2,919 cases in 2020, from 
786 in 2019. 
• The total amount cheated increased to at least S$5.5 million in 2020, 
from at least S$3.1 million in 2019.",0.0,1.0,1.0,0.99999999995
Which scam type had the highest number of cases in 2020?,"E-commerce scams were the top scam type in 2020, with 3,359 reported cases.","E-commerce scams remains the top scam type, with the highest number of reported cases in 2020. E-commerce scam cases increased by 19.3% to 3,359 cases in 2020, from 2,816 cases in 2019.",E-commerce scams.,"Page 2 of 13 
2019. Housebreaking and related crimes decreased by 25.3% to 210 cases in 2020, 
from 281 cases in 2019. Both these crime classes recorded a 36-year low.  
 
Scam Situation in Singapore 
 
6. The total number of scam cases reported increased by 64.0% to 15,651 cases 
in 2020, from 9,545 cases in 2019. It made up 42.0% of Overall Crime in 2020, up from 
27.2% in 2019. 
 
7. Among the top ten scam types, e-commerce scams, social media impersonation 
scams, loan scams and banking related phishing scams are of particular concern, as 
they constituted 67.9% of the top ten scam types reported in 2020. Furthermore, the 
total number of reported cases for these scams increased sharply by 76.7%, compared 
to the same period in 2019. 
 
E-commerce scams remains the top scam 
 
8. E-commerce scams remains the top scam type, with the highest number of 
reported cases in 2020.   
a) E-commerce scam cases increased by 19.3% to 3,359 cases in 2020, from 
2,816 cases in 2019. 
b) The total amount cheated increased to S$7.1 million in 2020, from S$2.3 
million in 2019. The largest sum cheated in a single case in 2020 was S$1.9 
million. 
c) The number of e-commerce scams involving transactions on Shopee 
recorded the highest increase of 155.0% to 709 cases in 2020, from 278 
cases in 2019. Carousell continues to have the largest number of e-
commerce scams with 1,344 cases (40.0%) reported on its platform. 
Common scam transactions involved sales of electronic gadgets, COVID-19 
related items and personal accessories (see Annex B for the breakdown of 
e-commerce scams on the various digital platforms). 
 
Significant increase in social media impersonation scams, banking related 
phishing scams and non-banking related phishing scams 
 
9. Social media impersonation scams, banking-related phishing scams and non-
banking related phishing scams recorded the second, fourth and eighth highest number 
of reported cases respectively amongst all scam types. All three have registered 
significant increases in 2020 as compared to 2019.  
 
a) Social media impersonation scams 
• The number of cases increased by 271.4% to 2,919 cases in 2020, from 
786 in 2019. 
• The total amount cheated increased to at least S$5.5 million in 2020, 
from at least S$3.1 million in 2019.",0.0,1.0,1.0,0.9999999999
How much was lost to e-commerce scams in 2020?,The total amount lost to e-commerce scams in 2020 was at least S$7.1 million.,"E-commerce scam cases increased by 19.3% to 3,359 cases in 2020, from 2,816 cases in 2019. The total amount cheated increased to S$7.1 million in 2020, from S$2.3 million in 2019.","15,651.","Page 2 of 32 
 
 
 
 
 
4. The average amount lost to each of the top five scam types, i.e. job scams, 
e-commerce scams, fake friend call scams, phishing scams, and investment 
scams, has generally decreased. Overall, the average amount lost per scam case 
for all reported scam cases has also decreased, by about 32.8% from $20,824 in 2022 
to $13,999 in 2023. 55.6% of scam cases have losses less than or equal to $2,000.  
 
5. The slight improvement in losses may be due in part to the proactive and 
coordinated efforts by the Singapore Police Force (SPF) , the Infocomm Media 
Development Authority  (IMDA), Cyber Security Agency of Singapore  (CSA), Smart 
Nation Group  (SNG), Monetary Authority of Singapore  (MAS), and private  sector 
stakeholders to prevent scams and stop or mitigate losses during ongoing scams, as 
well as to raise public awareness on measures that individuals can take to avoid being 
scammed.  
 
6. However, the amount lost to scams involving the use of social engineering and 
deception to induce victims to transfer monies to scammers, continues to be high. We 
9,545
15,651
23,933
31,728
46,563
0
10,000
20,000
30,000
40,000
50,000
60,000
2019 2020 2021 2022 2023
+64.0%
+52.9%
+32.6%
+46.8%
170.8
265.7
632.0 660.7 651.8
0.0
100.0
200.0
300.0
400.0
500.0
600.0
700.0
800.0
900.0
2019 2020 2021 2022 2023
Total Scam Cases 
Total Amount Lost to All Scams (in millions) 
+55.6% 
+137.9% 
+4.5% -1.3%",0.0,0.0,0.0,0.0
What was the largest sum cheated in a single e-commerce scam in 2020?,The largest sum cheated in a single e-commerce scam case during 2020 was S$1.9 million.,"E-commerce scam cases increased by 19.3% to 3,359 cases in 2020, from 2,816 cases in 2019. The total amount cheated increased to S$7.1 million in 2020, from S$2.3 million in 2019.The largest sum cheated in a single case in 2020 was S$1.9 million.",S$1.,"• The total amount cheated decreased to at least $5.9 million in 2021, 
from at least $7.1 million in 2020. 
• The largest sum cheated in a single case in 2021 was $400,000. 
• The most common platforms where these scams took place include 
Carousell, Facebook, and Shopee, while the common items involved in 
the transactions were electronic goods and gaming-related items (see 
Annex B for the breakdown of e-commerce scams on the various 
platforms). 
 
d) Investment scams 
• The number of investment scam cases more than doubled to 2,467 
cases in 2021, from 1,096 cases in 2020.  
• The total amount cheated increased to at least $190.2 million in 2021, 
from at least $68.8 million in 2020.  
• The largest sum cheated in a single case in 2021 was $6.4 million. 
• Common platforms used by scammers to communicate with victims 
included Facebook, Tinder, and Instagram. 
 
e) Loan scams 
• The number of loan scam cases increased by 14.9% to 2,273 cases in 
2021, from 1,978 cases in 2020.  
• The total amount cheated increased to at least $18.3 million in 2021, 
from at least $14.3 million in 2020. 
• The largest sum cheated in a single case in 2021 was $361,000. 
• Websites, SMSes, WhatsApp messages, and advertisements on social 
media or e-commerce sites were the more common channels used by 
the scammers to reach out to potential victims. 
 
f) Banking related phishing scams 
• The number of cases increased by 66.9% to 2,236 cases in 2021, from 
1,340 cases in 2020. 
• The total amount cheated more than tripled to at least $19.4 million in 
2021, from at least $5.3 million in 2020. 
• The largest sum cheated in a single case in 2021 was $1 million. 
• In these cases, culprits impersonated banks or government officials. 
They approached victims via calls (phone call/in-app calls e.g. 
WhatsApp), and convinced the victims to provide bank card or account 
details and OTP, by pretending to assist the victims with issues 
concerning the victims’ bank card or account. They also sent unsolicited 
SMSes claiming that there were issues with the victims’ banking account, 
and the victims were asked to click on a link embedded in the text 
message to resolve the issue. Upon clicking on the link, the victims were 
redirected to fake bank websites and asked to key in their internet 
banking account login details. In some cases, the SMSes would state a 
phone number, belonging to the scammers, that the victims could call to 
seek help with their suspended bank card. Subsequently, victims found 
unauthorised transactions made to their bank account. 
• Calls and SMSes were the most common channels used by the 
scammers to approach the victims.",0.0,0.0,1.0,0.49999999995
Which platform had the most e-commerce scam cases in 2020?,"In 2020, Carousell had the largest number of e-commerce scam cases, with 1,344 cases reported on its platform.","Carousell continues to have the largest number of e-commerce scams with 1,344 cases (40.0%) reported on its platform.",There is no information about e-commerce scam cases in 2020 in the provided context.,"Page 5 of 22 
 
• The most common platforms which victims encountered scammers  
included Carousell, Facebook, and Shopee, while the common items 
involved in the transactions were electronic goods, rental (residential unit) 
and gaming-related items. The breakdown of e-commerce scams on the 
various platforms are as follows: 
 
Top Five Digital Platforms Used In E-Commerce Scams in 2022 
 
 
• 65.7% of victims were aged between 20 and 39.  
 
d) Investment scams 
• Victims of investment scams usually come across “good” investment 
offers via their own internet searches or via recommendations from 
online friends. Victims would be enticed to invest by transferring money 
to unknown bank accounts. In some cases, victims would initially earn a 
small profit from their investme nt, and therefore  would be  enticed to 
transfer even more funds. After larger sums of money are transferred to 
the scammers, the victims would realise they could not cash out their 
earnings.  
• There were 3,108 investment scam cases reported in 2022, compared 
to 2,467 cases in 2021, an increase of 26.0%.  
• The total amount reported to have been cheated increased by 4.3% to 
at least $198.3 million in 2022, from at least $190.2 million in 2021.  
• Common platforms used by scammers to contact victims include d 
Instagram, Facebook and Telegram. 
• 54.9% of victims were aged between 20 and 39.  
 
e) Fake friend call scams 
• Fake friend call scams typically involve scammers contacting victims via 
phone calls, pretending to be the victims’ friend or acquaintance. After 
establishing contact, scammers would capitalise on the friendship 
element, and use various reasons to request for money from the victims. 
Carousell
1,834
38.5%
Facebook
1,138
23.9%
Shopee
311
6.5%
Telegram
288
6.0%
Other 
Websites
218
4.6%
Others
2022
Total: 4,762",0.0,1.0,0.0,0.0
By how much did social media impersonation scams increase in 2020?,Social media impersonation scams increased by 271.4% in 2020.,"Social media impersonation scams • The number of cases increased by 271.4% to 2,919 cases in 2020, from 786 in 2019.",271.,"Page 2 of 13 
2019. Housebreaking and related crimes decreased by 25.3% to 210 cases in 2020, 
from 281 cases in 2019. Both these crime classes recorded a 36-year low.  
 
Scam Situation in Singapore 
 
6. The total number of scam cases reported increased by 64.0% to 15,651 cases 
in 2020, from 9,545 cases in 2019. It made up 42.0% of Overall Crime in 2020, up from 
27.2% in 2019. 
 
7. Among the top ten scam types, e-commerce scams, social media impersonation 
scams, loan scams and banking related phishing scams are of particular concern, as 
they constituted 67.9% of the top ten scam types reported in 2020. Furthermore, the 
total number of reported cases for these scams increased sharply by 76.7%, compared 
to the same period in 2019. 
 
E-commerce scams remains the top scam 
 
8. E-commerce scams remains the top scam type, with the highest number of 
reported cases in 2020.   
a) E-commerce scam cases increased by 19.3% to 3,359 cases in 2020, from 
2,816 cases in 2019. 
b) The total amount cheated increased to S$7.1 million in 2020, from S$2.3 
million in 2019. The largest sum cheated in a single case in 2020 was S$1.9 
million. 
c) The number of e-commerce scams involving transactions on Shopee 
recorded the highest increase of 155.0% to 709 cases in 2020, from 278 
cases in 2019. Carousell continues to have the largest number of e-
commerce scams with 1,344 cases (40.0%) reported on its platform. 
Common scam transactions involved sales of electronic gadgets, COVID-19 
related items and personal accessories (see Annex B for the breakdown of 
e-commerce scams on the various digital platforms). 
 
Significant increase in social media impersonation scams, banking related 
phishing scams and non-banking related phishing scams 
 
9. Social media impersonation scams, banking-related phishing scams and non-
banking related phishing scams recorded the second, fourth and eighth highest number 
of reported cases respectively amongst all scam types. All three have registered 
significant increases in 2020 as compared to 2019.  
 
a) Social media impersonation scams 
• The number of cases increased by 271.4% to 2,919 cases in 2020, from 
786 in 2019. 
• The total amount cheated increased to at least S$5.5 million in 2020, 
from at least S$3.1 million in 2019.",0.7532588225135806,0.0,1.0,0.9999999999
How many banking-related phishing scam cases were reported in 2020?,"There were 1,340 banking-related phishing scam cases reported in 2020.","Banking-related phishing scams • The number of cases increased by 1,575.0% to 1,340 in 2020, from 80 in 2019.","1,340.","Page 3 of 13 
• The largest sum cheated in a single case in 2020 was S$367,000. 
• In the majority of these cases, victims were tricked into disclosing their 
mobile numbers or credit card information and One-Time Passwords 
(OTPs) to scammers who used compromised or spoofed social media 
accounts to impersonate their victims’ friends or followers on social 
media platforms. Scammers would often claim to help their victims sign 
up for online contests or promotions which turned out to be fake. Their 
victims would later discover that unauthorised transactions had been 
made from their bank accounts or mobile wallets. 
• Instagram and Facebook were the most common social media platforms 
where such scams took place, with 873 cases and 1,833 cases 
respectively. 
 
b) Banking-related phishing scams 
• The number of cases increased by 1,575.0% to 1,340 in 2020, from 80 
in 2019. 
• The total amount cheated increased to at least S$5.3 million in 2020, 
from at least S$491,000 in 2019. The largest sum cheated in a single 
case in 2020 was S$199,000. 
• In the majority of these cases, victims were tricked into disclosing Internet 
banking usernames, Personal Identification Numbers (PIN) and OTPs to 
scammers posing as bank staff. The scammers would then access 
victims’ bank accounts or their bank card information, and perform 
unauthorised transactions. 
• IMO, Viber and WhatsApp were the most common platforms used by the 
scammers to communicate with the victims. 
 
c) Non-banking related phishing scams 
• The number of cases increased by 1,214.3% to 644 in 2020, from 49 in 
2019. 
• The total amount cheated increased to at least S$984,000 in 2020, from 
at least S$72,000 in 2019. 
• The largest sum cheated in a single case in 2020 was S$66,000. 
• In the majority of these cases, culprits used non-banking related reasons 
such as checks on the delivery status of a parcel to persuade victims to 
give up their banking credentials/card details and OTPs. The victims 
subsequently discovered that unauthorised charges were made on their 
credit or debit cards. 
• Social media ads, emails and Short Messages Service (SMSes) were 
the most common platforms used by the scammers to approach the 
victims. 
 
Loan scams remain a concern 
 
10. Loan scams are the third highest type of scam in 2020. The total number of cases 
and total amount cheated from loan scams also increased in 2020 as compared to 2019.",0.0,1.0,1.0,0.99999999995
What measure did the National Crime Prevention Council launch in Nov 2020 to block scam messages?,"In November 2020, the National Crime Prevention Council launched the ScamShield mobile app to filter out SMSes and phone calls from scammers.","To filter out SMSes and phone calls sent and made by scammers, the National Crime Prevention Council (NCPC) launched ScamShield - a new mobile application (app) - on 20 November 2020.",The ScamShield app filters and blocks scam SMSes.,"Page 32 of 32 
 
Annex D 
 
Quote by Vice-Chairman, National Crime Prevention Council 
 
 
With more sophisticated scams emerging, it is critical for all of us to take precautionary 
measures to protect ourselves and our loved ones. Simple yet effective actions include 
downloading the ScamShield app; activating the Money Lock feature to further secure 
your bank savings; exercising caution before responding to any requests for personal 
info, and reporting to the Police immediately if you have been scammed. By taking 
ACTions, we can collectively prevent the scourge of scams on our community. 
 
 
- Mr. Tan Puay Kern 
Vice-Chairman, National Crime Prevention Council",0.0,0.6666666666666666,0.0,0.9999999999666667
How many bank accounts did the Anti-Scam Centre freeze in 2020?,"The Anti-Scam Centre froze more than 9,015 bank accounts in 2020.","The Anti-Scam Centre (ASC) uses technology to track island-wide scam trends and make sense of the voluminous crime data that the centre processes every day. In 2020, the ASC received more than 11,190 reports involving losses of more than S$164.6 million. In the same period, the ASC froze more than 9,015 bank accounts and recovered 35% of the total amount scammed, or about S$57.6 million.","12,600.","Page 20 of 22 
 
 
Annex B 
 
Quote by Director of Commercial Affairs Department 
 
To combat the rise in scam cases, the Police have collaborated with other Ministries 
and agencies in a whole -of-government effort to roll out various upstream and 
downstream initiatives. 
 
Since the operationalisation of the Anti -Scam Command in March 2022, we have 
frozen more than 16,700 bank accounts, and recovered more than S$146 million of 
scam proceeds in 2022 alone.  
 
I would also like to thank the community for their support in combatting scams. In 2022, 
we recognised 45 organisations for their swift intervention as well as their close 
collaboration with the Police in developing and implementing enforcement and crime 
prevention initiatives to combat scams. 
 
Fighting scams is a community effort. The Police will continue to work closely with 
other Government agencies and private stakeholders to strengthen our public 
education and awareness efforts, to better protect the public against scams. 
 
 
– Mr. David Chew 
Director of Commercial Affairs Department",0.0,0.0,0.0,0.0
What percentage of scam losses was recovered by the Anti-Scam Centre in 2020?,"In 2020, the Anti-Scam Centre recovered about 35% of total scam losses, which amounted to approximately S$57.6 million.","The Anti-Scam Centre (ASC) uses technology to track island-wide scam trends and make sense of the voluminous crime data that the centre processes every day. In 2020, the ASC received more than 11,190 reports involving losses of more than S$164.6 million. In the same period, the ASC froze more than 9,015 bank accounts and recovered 35% of the total amount scammed, or about S$57.6 million.",16.,"Page 2 of 32 
 
 
 
 
 
4. The average amount lost to each of the top five scam types, i.e. job scams, 
e-commerce scams, fake friend call scams, phishing scams, and investment 
scams, has generally decreased. Overall, the average amount lost per scam case 
for all reported scam cases has also decreased, by about 32.8% from $20,824 in 2022 
to $13,999 in 2023. 55.6% of scam cases have losses less than or equal to $2,000.  
 
5. The slight improvement in losses may be due in part to the proactive and 
coordinated efforts by the Singapore Police Force (SPF) , the Infocomm Media 
Development Authority  (IMDA), Cyber Security Agency of Singapore  (CSA), Smart 
Nation Group  (SNG), Monetary Authority of Singapore  (MAS), and private  sector 
stakeholders to prevent scams and stop or mitigate losses during ongoing scams, as 
well as to raise public awareness on measures that individuals can take to avoid being 
scammed.  
 
6. However, the amount lost to scams involving the use of social engineering and 
deception to induce victims to transfer monies to scammers, continues to be high. We 
9,545
15,651
23,933
31,728
46,563
0
10,000
20,000
30,000
40,000
50,000
60,000
2019 2020 2021 2022 2023
+64.0%
+52.9%
+32.6%
+46.8%
170.8
265.7
632.0 660.7 651.8
0.0
100.0
200.0
300.0
400.0
500.0
600.0
700.0
800.0
900.0
2019 2020 2021 2022 2023
Total Scam Cases 
Total Amount Lost to All Scams (in millions) 
+55.6% 
+137.9% 
+4.5% -1.3%",0.0,0.0,0.0,0.0
How many UML harassment cases were recorded in 2020?,"There were 3,336 unlicensed moneylending (UML) harassment cases recorded in 2020.","The total number of UML-related harassment cases, such as placing harassment notes in letter boxes and at residential units and splashing of paint, decreased by 36.8% to 3,336 cases in 2020, from 5,281 cases in 2019.","1,321.","Page 7 of 13 
30. The SPF will also continue to work closely with relevant stakeholders, such as 
the Infocomm Media Development Authority and the Ministry of Law’s Registry of 
Moneylenders, to disrupt UML syndicate operations and increase public outreach efforts 
against UML. 
 
Decrease in Outrage of Modesty 
 
31. The number of outrage of modesty (OM) cases decreased by 17.7% to 1,321 in 
2020 from 1,605 in 2019. This decrease is likely due to the low ridership on public 
transport, low footfall at shopping malls and the closure of public entertainment outlets 
during the Circuit Breaker. 
 
32. Despite the COVID-19 situation, the SPF continues to work closely with the Land 
Transport Authority, public transport operators, and partners such as NCPC to reach 
out to commuters by distributing anti-OM advisories. Public education videos with anti-
OM messages are also screened at MRT stations and bus interchanges. These 
advisories and videos educate the public on what they can do when they encounter 
such crimes and remind them to stay vigilant. 
 
33. The Public Transport Security Command launched the Riders-on-Watch (ROW) 
scheme on 2 July 2019. The scheme augments  the SPF’s policing efforts by tapping 
on the collective effort of public transport commuters to keep Singapore’s public 
transport network safe and secure. 
 
34. As at 31 December 2020, about 50,000 members of the public have signed up 
as ROW volunteers to receive the latest crime trend and advisories, such as one issued 
in December 2020 reminding ROW volunteers to be vigilant of their surroundings during 
the festive season. The SPF would like to thank the ROW volunteers for their strong 
support, and encourage more commuters to join us in keeping our public transport safe 
by signing up
. 
 
35. Interested commuters can sign up to be ROW volunteers via the QR code on the 
ROW deterrence posters located on in-train cabins and platform screen doors in the 
public transport network, or apply on the SPF website. 
 
Rise in Cyber Extortion Cases  
 
36. The number of cyber extortion cases increased by 260.3% to 245 cases in 2020, 
from 68 cases in 2019. In these cases, criminals typically befriend victims online and 
subsequently coax them into performing compromising or indecent acts in front of a 
camera. Thereafter, the criminals would use the video footage or images to extort 
money or online credits from these victims. The total amount lost by victims of cyber 
extortion cases was more than S$793,000. The highest amount lost by a victim in a 
single case was about S$200,000. The most common social media platforms where 
these cases took place were on Tinder, Facebook and MiChat.",0.0,0.0,0.0,0.0
How many cyber extortion cases occurred in 2020?,There were 245 cyber extortion cases in 2020.,"The number of cyber extortion cases increased by 260.3% to 245 cases in 2020, from 68 cases in 2019.",0.,"Page 2 of 13 
2019. Housebreaking and related crimes decreased by 25.3% to 210 cases in 2020, 
from 281 cases in 2019. Both these crime classes recorded a 36-year low.  
 
Scam Situation in Singapore 
 
6. The total number of scam cases reported increased by 64.0% to 15,651 cases 
in 2020, from 9,545 cases in 2019. It made up 42.0% of Overall Crime in 2020, up from 
27.2% in 2019. 
 
7. Among the top ten scam types, e-commerce scams, social media impersonation 
scams, loan scams and banking related phishing scams are of particular concern, as 
they constituted 67.9% of the top ten scam types reported in 2020. Furthermore, the 
total number of reported cases for these scams increased sharply by 76.7%, compared 
to the same period in 2019. 
 
E-commerce scams remains the top scam 
 
8. E-commerce scams remains the top scam type, with the highest number of 
reported cases in 2020.   
a) E-commerce scam cases increased by 19.3% to 3,359 cases in 2020, from 
2,816 cases in 2019. 
b) The total amount cheated increased to S$7.1 million in 2020, from S$2.3 
million in 2019. The largest sum cheated in a single case in 2020 was S$1.9 
million. 
c) The number of e-commerce scams involving transactions on Shopee 
recorded the highest increase of 155.0% to 709 cases in 2020, from 278 
cases in 2019. Carousell continues to have the largest number of e-
commerce scams with 1,344 cases (40.0%) reported on its platform. 
Common scam transactions involved sales of electronic gadgets, COVID-19 
related items and personal accessories (see Annex B for the breakdown of 
e-commerce scams on the various digital platforms). 
 
Significant increase in social media impersonation scams, banking related 
phishing scams and non-banking related phishing scams 
 
9. Social media impersonation scams, banking-related phishing scams and non-
banking related phishing scams recorded the second, fourth and eighth highest number 
of reported cases respectively amongst all scam types. All three have registered 
significant increases in 2020 as compared to 2019.  
 
a) Social media impersonation scams 
• The number of cases increased by 271.4% to 2,919 cases in 2020, from 
786 in 2019. 
• The total amount cheated increased to at least S$5.5 million in 2020, 
from at least S$3.1 million in 2019.",0.7345190736670514,0.0,0.0,0.0
What proportion of Singapore residents felt safe walking alone at night in 2020?,"According to a 2020 report, 97% of Singapore residents felt safe walking alone in their neighbourhood at night.","Singapore was ranked first in the Gallup's 2020 Global Law and Order report for the seventh consecutive year, with 97% of residents reporting that they felt safe walking home alone in their neighbourhood at night, as compared to an average of 69% worldwide.",97% of residents reported that they felt safe walking home alone in their neighbourhood at night.,"Page 1 of 13 
  
 
POLICE NEWS RELEASE 
_________________________________________________________________  
ANNUAL CRIME BRIEF 2020 
Singapore Remains One of the Safest Cities in the World 
 
Overall Crime Rate increased due to rise in scam cases 
 
Singapore remains one of the safest cities in the world. Singapore was ranked 
first in the Gallup’s 2020 Global Law and Order report for the seventh consecutive year, 
with 97% of residents reporting that they felt safe walking home alone in their 
neighbourhood at night, as compared to an average of 69% worldwide.1 The World 
Justice Project’s Rule of Law Index 2020 also ranked Singapore first for order and 
security.2 
 
2. In 2020, the total number of reported crimes increased by 6.1% to 37,273 cases, 
from 35,115 cases in 2019. The Overall Crime Rate also increased, with 656 cases per 
100,000 population in 2020, compared to 616 cases per 100,000 population in 2019.3 
 
3. The increase in the number of reported crimes was due to a rise in scam cases. 
In particular, online scams saw a significant increase as Singaporeans carried out more 
online transactions due to the COVID-19 situation. 4  Please see Annex A for the 
statistics on the top ten scam types.  
 
4. If scam cases were excluded, the total number of reported crimes in 2020 would 
have decreased by 15.4% to 21,622 from 25,570 in 2019. 
 
Decrease in physical crimes and more crime-free days 
 
5. There was a decrease in physical crimes in 2020. 202 days were free from three 
confrontational crimes, namely snatch theft, robbery and housebreaking, an increase of 
24 days compared to 178 days in 2019. Of note, two out of the six crime classes that 
made up the Overall Crime in 2020 decreased significantly compared to 2019. Theft 
and related crimes decreased by 33.2% to 7,437 cases in 2020, from 11,128 cases in 
 
1  Extracted from: https://www.gallup.com/analytics/322247/gallup-global-law-and-order-report-
2020.aspx 
2 Extracted from: https://worldjusticeproject.org/our-work/research-and-data/wjp-rule-law-index-2020 
3 Overall Crime Rate refers to the Overall Crime per 100,000 population. It is computed by dividing the 
number of crime cases reported over the total Singapore population, and multiplied by 100,000. It is used 
by many overseas Police forces to measure crime rate. 
4  Extracted from: https://www.channelnewsasia.com/news/business/record-number-of-digital-banking-
transactions-during-covid-19-12645256",0.0,1.0,1.0,0.9999999999
"In 2021, what was the percentage increase in scam cases compared to 2020?",Scam cases increased by 52.9% in 2021 compared to the previous year.,"However, a 52.9% increase in scam cases drove up the total number of reported crimes to 46,229 cases, from 37,273 cases in 2020.",52.,"Page 1 of 22 
 
 
 
 
 
 
 
 
 
 
Scams and cybercrime continue to be a key concern. The number of scam and 
cybercrime cases increased by 25.2% to 33,669 in 2022, compared to 26,886 cases 
in 2021.  
 
 
 
2 Scams accounted for 94.2% of these 33,669 cases. The total number of scam 
cases increased by 32.6% to 31,728 in 2022, from 23,93 3 cases in 2021 . The total 
amount reported to have been  cheated from all scams increased by 4.5% to $660.7 
million in 2022, from $632.0 million in 2021. 
7,493
11,135
17,775
26,886
33,669
0
5,000
10,000
15,000
20,000
25,000
30,000
35,000
40,000
2018 2019 2020 2021 2022
Annual Scams and Cybercrime Brief 2022  
Overall Scams and Cybercrime Situation in 2022 
Total Scam and Cybercrime Cases 
+48.6% 
+59.6% 
+51.3% 
+25.2%",0.758178934419107,0.0,1.0,0.5833333333041666
What was the overall crime rate in Singapore in 2021?,"The overall crime rate in Singapore for 2021 was 848 cases per 100,000 population.","The Overall Crime Rate increased concomitantly, with 848 cases per 100,000 population in 2021, compared to 656 cases per 100,000 population in 2020.","848 cases per 100,000 population.","POLICE NEWS RELEASE 
_________________________________________________________________  
ANNUAL CRIME BRIEF 2021 
Our Streets Remain Safe but Scams are a Major Concern 
 
Rise in scam cases drove overall crime rate higher 
 
Singapore’s streets remained safe in 2021, with a decease in physical crimes.1 
 
2. However, a 52.9% increase  in scam cases drove  up the total number of 
reported crimes to 46,229 cases, from 37,273 cases in 2020. The Overall Crime Rate 
increased concomitantly, with 848 cases per 100,000 population in 2021, compared 
to 656 cases per 100,000 population in 2020. 2  Scammers have been constantly 
evolving their tactics and taking advantage of the COVID -19 situation to prey on the 
public’s increase in online activities, and also their heightened sense of vulnerability 
and uncertainty.  
 
3. Excluding scams and cybercrimes, the total number of reported crimes in 2021 
decreased by 0.8% to 19,343 from 19,498 in 2020. In 2019, there were 23,980 
reported cases of crimes excluding scams and cybercrimes. 
 
Decrease in physical crimes and more crime-free days 
 
4. There was a decrease in physical crimes in 2021. There were 250 days which 
were free from three confrontational crimes, namely snatch theft, r obbery and 
housebreaking, an improvement of 48 days compared to 202 crime-free days in 2020. 
Of note, two out of the six crime classes that ma ke up Overall Crime decreased 
significantly in 2021 compared to 2020, even with the Circuit Breaker in 2020 . First, 
theft and related crimes decreased by 8.0% to 6,839 cases in 2021, from 7,437 cases 
in 2020. Second, housebreaking and related crimes decreased by 23.8% to 160 cases 
in 2021, from 210 cases in 2020. Both are a 37-year low.  
 
5. The decline in physical crimes can be largely attributed to the Police and 
partners’ continuous crime prevention efforts, Police presence on the ground and the 
use of technology to deter crime. Since the implementation of Police Cameras 
(PolCams) at all public housing blocks and multi-storey carparks in 2012,  they have  
helped deter crimes such as housebreaking, motor vehicle theft and theft from motor 
vehicles. PolCams have also helped the Police to solve crimes, more than 6,000 cases 
 
1 Overall Crime excluding scams and cybercrimes. 
2 Overall Crime Rate refers to the Overall Crime per 100,000 population. It is computed by dividing the 
number of crime cases reported over the total Singapore population, and multiplied by 100,000.",0.0,1.0,1.0,0.9999999999
How many job scam cases were reported in 2021?,"In 2021, there were 4,550 reported cases of job scams.","The number of job scam cases jumped to 4,550 cases in 2021, from 132 cases in 2020.","4,550 cases.","to-date. More than 90,000 PolCams have been installed. The Police aim to have more 
than 200,000 PolCams installed islandwide by 2030.   
 
Scam Situation  
 
6. The total number of scam cases reported rose by 52.9% to  23,933 cases in 
2021, from 15,651 cases in 2020. It made up 51.8% of Overall Crime in 2021, up from 
42% in 2020.  
 
7. The total amount cheated for the top ten scam types increased to $503.5 million 
in 2021, from $175.2 million in 2020. Please see Annex A for the statistics on the top 
ten scams.  
 
Top scams of concern 
 
8. Job scams, non -banking related phishing scams, e -commerce scams, 
investment scams, loan scams and banking related phishing scams remain of 
particular concern. They made up 80.4% of the top ten scam types reported in 2021. 
The total number of reported cases for the se top six scam types rose by 99.3%, 
compared to 2020.  
 
a) Job scams 
• Job scams have become the top scam type, with the highest number of 
reported cases in 2021.   
• The number of job scam cases jumped to 4,550 cases in 2021, from 132 
cases in 2020. 
• The total amount cheated increased to at least $91.0 million in 2021, 
from at least $217,000 in 2020.  
• The largest sum cheated in a single case in 2021 was $4.3 million. 
• Advertisements on various social media platforms (such as Facebook, 
Instagram, Telegram and TikTok), WhatsApp and Short Message 
Service (SMSes), and approaches made via dating platforms (such as 
Tantan and Facebook Dating) were common methods used by the 
scammers to reach out to the victims.  
 
b) Non-banking related phishing scams 
• The number of cases increased more than four-fold to 2,787 cases in 
2021, from 644 cases in 2020. 
• The total amount cheated jumped to at least $15.4 million in 2021, from 
at least $984,000 in 2020. 
• The largest sum cheated in a single case in 2021 was $3.4 million. 
• In the majority of these cases, the culprits used reasons such as checks 
on the delivery status of a parcel or refund for unauthorised transactions 
to persuade victims to provide their banking credentials or card details 
and one-time password (OTP).  
• SMSes, calls and emails were the most common channels used by the 
scammers to approach the victims. 
 
c) E-commerce scams 
• The number of cases decreased by 18.8% to 2,729 cases in 2021, from 
3,359 cases in the same period in 2020.",0.0,1.0,1.0,0.99999999995
What was the total loss from job scams in 2021?,The total amount lost to job scams in 2021 was at least $91.0 million.,"Job scams • Job scams have become the top scam type, with the highest number of reported cases in 2021. • The number of job scam cases jumped to 4,550 cases in 2021, from 132 cases in 2020. • The total amount cheated increased to at least $91.0 million in 2021, from at least $217,000 in 2020.",The total amount lost from job scams increased to at least $117.,"Page 2 of 32 
 
 
 
 
 
4. The average amount lost to each of the top five scam types, i.e. job scams, 
e-commerce scams, fake friend call scams, phishing scams, and investment 
scams, has generally decreased. Overall, the average amount lost per scam case 
for all reported scam cases has also decreased, by about 32.8% from $20,824 in 2022 
to $13,999 in 2023. 55.6% of scam cases have losses less than or equal to $2,000.  
 
5. The slight improvement in losses may be due in part to the proactive and 
coordinated efforts by the Singapore Police Force (SPF) , the Infocomm Media 
Development Authority  (IMDA), Cyber Security Agency of Singapore  (CSA), Smart 
Nation Group  (SNG), Monetary Authority of Singapore  (MAS), and private  sector 
stakeholders to prevent scams and stop or mitigate losses during ongoing scams, as 
well as to raise public awareness on measures that individuals can take to avoid being 
scammed.  
 
6. However, the amount lost to scams involving the use of social engineering and 
deception to induce victims to transfer monies to scammers, continues to be high. We 
9,545
15,651
23,933
31,728
46,563
0
10,000
20,000
30,000
40,000
50,000
60,000
2019 2020 2021 2022 2023
+64.0%
+52.9%
+32.6%
+46.8%
170.8
265.7
632.0 660.7 651.8
0.0
100.0
200.0
300.0
400.0
500.0
600.0
700.0
800.0
900.0
2019 2020 2021 2022 2023
Total Scam Cases 
Total Amount Lost to All Scams (in millions) 
+55.6% 
+137.9% 
+4.5% -1.3%",0.0,0.0,0.0,0.0
Which scam type saw a four-fold increase in 2021 compared to 2020?,Non-banking related phishing scams saw a more than four-fold increase in cases in 2021 compared to 2020.,"Non-banking related phishing scams • The number of cases increased more than four-fold to 2,787 cases in 2021, from 644 cases in 2020.",Non-banking related phishing scams.,"• The total amount cheated decreased to at least $5.9 million in 2021, 
from at least $7.1 million in 2020. 
• The largest sum cheated in a single case in 2021 was $400,000. 
• The most common platforms where these scams took place include 
Carousell, Facebook, and Shopee, while the common items involved in 
the transactions were electronic goods and gaming-related items (see 
Annex B for the breakdown of e-commerce scams on the various 
platforms). 
 
d) Investment scams 
• The number of investment scam cases more than doubled to 2,467 
cases in 2021, from 1,096 cases in 2020.  
• The total amount cheated increased to at least $190.2 million in 2021, 
from at least $68.8 million in 2020.  
• The largest sum cheated in a single case in 2021 was $6.4 million. 
• Common platforms used by scammers to communicate with victims 
included Facebook, Tinder, and Instagram. 
 
e) Loan scams 
• The number of loan scam cases increased by 14.9% to 2,273 cases in 
2021, from 1,978 cases in 2020.  
• The total amount cheated increased to at least $18.3 million in 2021, 
from at least $14.3 million in 2020. 
• The largest sum cheated in a single case in 2021 was $361,000. 
• Websites, SMSes, WhatsApp messages, and advertisements on social 
media or e-commerce sites were the more common channels used by 
the scammers to reach out to potential victims. 
 
f) Banking related phishing scams 
• The number of cases increased by 66.9% to 2,236 cases in 2021, from 
1,340 cases in 2020. 
• The total amount cheated more than tripled to at least $19.4 million in 
2021, from at least $5.3 million in 2020. 
• The largest sum cheated in a single case in 2021 was $1 million. 
• In these cases, culprits impersonated banks or government officials. 
They approached victims via calls (phone call/in-app calls e.g. 
WhatsApp), and convinced the victims to provide bank card or account 
details and OTP, by pretending to assist the victims with issues 
concerning the victims’ bank card or account. They also sent unsolicited 
SMSes claiming that there were issues with the victims’ banking account, 
and the victims were asked to click on a link embedded in the text 
message to resolve the issue. Upon clicking on the link, the victims were 
redirected to fake bank websites and asked to key in their internet 
banking account login details. In some cases, the SMSes would state a 
phone number, belonging to the scammers, that the victims could call to 
seek help with their suspended bank card. Subsequently, victims found 
unauthorised transactions made to their bank account. 
• Calls and SMSes were the most common channels used by the 
scammers to approach the victims.",0.0,1.0,1.0,0.49999999995
Which initiative was launched in late 2021 to warn potential investment scam victims via SMS?,"Project Awakenings was launched on December 3, 2021, to proactively engage and warn potential investment scam victims.","One example is Project Awakenings, which the ASC launched on 3 December 2021, and which proactively engages potential victims on investment scams.",The ScamShield app.,"Page 19 of 32 
 
41. The SPF ensures timely dissemination of information on the latest and trending 
scam types. Public education efforts on scams  are available on both physical and 
digital platforms, as well as mainstream and social media platforms. They include 
frequent Police news releases to the media outlets , features on the ‘CrimeWatch’ 
programme, bite-sized videos, infographics on digital display panels at HDB lift lobbies, 
as well as regul ar scam bulletins and columns. For example, since November 2023, 
SPF has been working with S ingapore Press Holdings Media to publish a column on 
scams in local newspapers in the four vernacular languages, twice a month.  
 
Dedicated app, helpline, messaging platforms and websites on scams 
 
42. The ScamShield app has reached 850,000 downloads, and users have 
submitted over 7.9 million suspected scam SMSes via the app since its launch. Every 
report made through ScamShield improves the accuracy of  the system in  detecting 
scam messages, and helps prevent scammers from reaching more potential victims. 
 
43. Other anti -scam resources promoted by the  “I can ACT against Scams” 
campaign were also well received. For example, in 2023 , the Anti -Scam Helpline 
received over 3,000 calls seeking scam-related advice; the ScamAlert WhatsApp and 
Telegram channels have a joint following of 31,000 users till date; and the ScamAlert 
website – one of the official sources to find information on scams – received over one 
million visitors. A new Anti-Scam Resource Guide was launched on the SPF website 
in December 2023, addressing frequently asked questions relating to police 
investigations into scams-related offences, and containing resources to support scam 
victims. 
 
Scam education programmes for different population segments  
 
44. In November 2023, the Domestic Guardians programme was expanded island-
wide. The programme trains migrant domestic workers in scam prevention by sharing 
information on crimes and scams so that they may better detect and deter crimes in 
the community, and become advocates for crime prevention amongst their fellow 
migrant domestic workers.   
 
45. SPF also works closely with WOG partners to tailor programmes for different 
population segments. Examples include collaborative outreach to the elderly with the 
Ministry of Communications and Information through “Getai” shows  and with the 
Agency for Integrated Care through their  Silver Generation Ambassadors . SPF also 
reaches out  to migrant worker communities through the Ministry of Manpower’s 
settling-in-programme for migrant workers and campaign for migrant domestic 
workers.  
 
Rallying organisations and the community to fight against scams 
 
46. SPF has been rallying community partners to play a more proactive role in the 
fight against scams. In 2023, two more sessions of the Conversation on Safeguarding 
the Community with Actionable Measures Against Scams (C -SCAMS) were 
conducted, targeting the youth s and migrant workers.  Through the sessions, 
participants brainstormed how to better keep the different population segments safe 
from scams, and how organisations can work with the Government on more effective",0.0,0.0,0.0,0.0
"How many days in 2021 were free from robbery, snatch theft and housebreaking?","In 2021, there were 250 days that were free from robbery, snatch theft, and housebreaking.","There were 250 days which were free from three confrontational crimes, namely snatch theft, robbery and housebreaking, an improvement of 48 days compared to 202 crime-free days in 2020.",250 days.,"POLICE NEWS RELEASE 
_________________________________________________________________  
ANNUAL CRIME BRIEF 2021 
Our Streets Remain Safe but Scams are a Major Concern 
 
Rise in scam cases drove overall crime rate higher 
 
Singapore’s streets remained safe in 2021, with a decease in physical crimes.1 
 
2. However, a 52.9% increase  in scam cases drove  up the total number of 
reported crimes to 46,229 cases, from 37,273 cases in 2020. The Overall Crime Rate 
increased concomitantly, with 848 cases per 100,000 population in 2021, compared 
to 656 cases per 100,000 population in 2020. 2  Scammers have been constantly 
evolving their tactics and taking advantage of the COVID -19 situation to prey on the 
public’s increase in online activities, and also their heightened sense of vulnerability 
and uncertainty.  
 
3. Excluding scams and cybercrimes, the total number of reported crimes in 2021 
decreased by 0.8% to 19,343 from 19,498 in 2020. In 2019, there were 23,980 
reported cases of crimes excluding scams and cybercrimes. 
 
Decrease in physical crimes and more crime-free days 
 
4. There was a decrease in physical crimes in 2021. There were 250 days which 
were free from three confrontational crimes, namely snatch theft, r obbery and 
housebreaking, an improvement of 48 days compared to 202 crime-free days in 2020. 
Of note, two out of the six crime classes that ma ke up Overall Crime decreased 
significantly in 2021 compared to 2020, even with the Circuit Breaker in 2020 . First, 
theft and related crimes decreased by 8.0% to 6,839 cases in 2021, from 7,437 cases 
in 2020. Second, housebreaking and related crimes decreased by 23.8% to 160 cases 
in 2021, from 210 cases in 2020. Both are a 37-year low.  
 
5. The decline in physical crimes can be largely attributed to the Police and 
partners’ continuous crime prevention efforts, Police presence on the ground and the 
use of technology to deter crime. Since the implementation of Police Cameras 
(PolCams) at all public housing blocks and multi-storey carparks in 2012,  they have  
helped deter crimes such as housebreaking, motor vehicle theft and theft from motor 
vehicles. PolCams have also helped the Police to solve crimes, more than 6,000 cases 
 
1 Overall Crime excluding scams and cybercrimes. 
2 Overall Crime Rate refers to the Overall Crime per 100,000 population. It is computed by dividing the 
number of crime cases reported over the total Singapore population, and multiplied by 100,000.",0.0,1.0,1.0,0.9999999999
How many bank accounts did the Anti-Scam Centre freeze in 2021?,"The Anti-Scam Centre froze more than 12,600 bank accounts in 2021.","In 2021, the ASC received more than 23,800 reports with losses amounting close to $520 million. In the same period, the ASC froze more than 12,600 bank accounts and recovered more than $102 million.","12,600.","9. Please see Annex C for the modus operandi of the top six scam types in 2021. 
 
Police Efforts to Fight Scams  
 
Anti-Scam Centre continues to disrupt scammers’ operations 
 
10. In March 2021, the Singapore Police Force (SPF) set up the Anti-Scam Division 
(ASD) to coordinate all of its anti-scam investigation s and enforcement. The ASD 
investigates scam -related cases, focusing on detection, disruption as well as loss 
mitigation.  
 
11. The Anti -Scam Centre (ASC), which is under the ambit of the ASD, uses 
technology to track scam trends and analyse crime data. In 2021, the ASC received 
more than 23,800 reports with losses amounting close to $520 million. In the same 
period, the ASC froze more than 12,600 bank accounts and recovered more than $102 
million. 
 
Strengthened enforcement against scam operations 
 
12. The SPF continued to take tough anti-scam enforcement actions against local 
scammers and money mules. In 2021, the SPF conducted 26 islandwide anti-scam 
enforcement operations, leading to the investigation of more than 7,500 money mules 
and scammers. 
 
13. Between September 2021 and November 2021, the SPF conducted three 
islandwide anti-scam enforcement operations targeting money mules linked to job 
scams. These led to the arrest of 135 individuals and investigation of 141 others for 
selling their bank accounts, or relinquishing their Singpass credentials to criminal 
syndicates to open bank accounts, to serve as conduits to receive funds from scam 
victims.   
 
14. To disrupt scammers’ operations to transfer money away from victims’ accounts, 
the ASC works closely with the Monetary Authority of Singapore (MAS) and financial 
institutions to swiftly freeze bank accounts suspected to be involved in scams. In 2020, 
the ASC initiated Project FRONTIER (Fund Recovery Operations & Network Team, 
Inspiring Effective Resolutions). Under Project FRONTIER, once the Police are 
notified, most bank accounts suspected to be involved in scammers’ operations can 
be swiftly frozen within a day, as opposed to the 14 to 60 working days that these 
processes used to take. From the initial 30 members, the ASC currently partners more 
than 60 institutions under Project FRONTIER.  
 
15. To counter criminals who exploit fraudulently registered prepaid SIM cards as 
an anonymous channel of communications for illicit activities such as unlicensed 
moneylending, scams and vice, the SPF conducted simultaneous raids targeting 17 
handphone shops in a nine-hour islandwide operation on 16 January 2022. Ten 
persons were arrested for their suspected involvement in fraudulently registering 
prepaid SIM cards using the particulars of unsuspecting customers or foreigners who 
have not entered or have left Singapore, and 24 others are assisting with 
investigations. These handphone retailers are suspected to have abused the computer 
systems holding registration information for prepaid SIM cards and selling them to 
customers who wanted to remain anonymous. The ASC has also worked with 
telecommunication companies and online marketplaces to terminate more than 3,300 
mobile lines, report more than 17,300 WhatsApp lines, and remove more than 1,300 
suspicious online monikers and advertisements involved in suspected scams.",0.0,1.0,1.0,0.9999999999
How many voyeurism cases occurred in 2021?,There were 467 cases of voyeurism that occurred in 2021.,"Voyeurism cases increased to 467 in 2021, from 394 cases in 2020.",467 cases.,"Page 3 of 8 
 
11 Please see Annex B for comments from the Vice-Chairman of NCPC. 
 
 
 
 
12 Voyeurism cases decreased to 424 cases in 2022 f rom 467 in 2021, and 
accounted for 2.1% of total physical crime cases. T he top three locations where 
voyeurism cases occurred were: 
 
a) Residential premises – 142 cases reported in 202 2, compared to 179 in 2021. 
b) Public transport system – 55 cases reported in 2 022, compared to 79 in 2021. 
c) Shopping complexes – 54 cases reported in 2022, compared to 56 in 2021. 
 
13 The cases at residential premises and shopping c omplexes mainly involved 
perpetrators known to the victim such as household members or fellow tenants who 
peeped at victims in toilets, while the cases on pu blic transport typically involved 
perpetrators taking upskirt photos. 
 
14 Members of the public are reminded to stay vigil ant against voyeurism by being 
aware of their surroundings. Like for OM, they are advised to make a police report as 
soon as possible if they are a victim of voyeurism or have witnessed the crime being 
committed. Reporting such crimes early is crucial in helping the SPF identify and arrest 
the perpetrators.  
 
 
 
 
15 Shop theft cases increased to 3,244 cases in 202 2 from 2,652 in 2021, and 
accounted for 16.1% of total physical crime cases. 67.0% of the cases occurred at 
retail chains/shops such as department stores, supe rmarkets, pharmacies, and mini 
marts/convenience stores. Cases were usually detected through suspicious behaviour 
spotted by staff, discovery of missing items during stock-taking, or detection of unpaid 
items by customers at self-checkout terminals via r eview of CCTV footages. Items 
typically stolen included food and beverages, alcoholic drinks, personal care products, 
apparels/accessories, and cosmetics. 
 
16 Retailers play a vital role in deterring and pre venting shop theft. The SPF held 
the inaugural Retailers Safety and Security Symposi um on 13 December 2022 to 
facilitate the sharing of best practices in the prevention of shop theft, and to strengthen 
our retailers’ preparedness and response to securit y threats. The Shop Theft 
Awareness for Retailers (STAR) Programme, which was  launched in 2018, was then 
adopted by retailers such as TANGS, Watsons, Puma, and Japan Home, at VivoCity 
and Harbourfront Centre. It was expanded to retailers island-wide in December 2022.  
 
17 Under the STAR Programme, the SPF works closely with the retailer-adopters 
to analyse their store’s risk factors and vulnerabi lities to shop theft. The SPF and 
retailers will then jointly identify effective crim e prevention measures that can be 
implemented. Such initiatives against shop theft ar e based on best practices in the 
industry and SPF’s expertise in safety and security. The SPF will also conduct training 
for the retail staff to enable them to help prevent and deter shop theft during their daily 
Voyeurism 
Shop Theft",0.0,1.0,1.0,0.9999999999
Which scam type in 2021 had the highest total amount lost?,"In 2021, investment scams resulted in the highest total amount lost, reaching at least $190.2 million.","Investment scams • The number of investment scam cases more than doubled to 2,467 cases in 2021, from 1,096 cases in 2020. • The total amount cheated increased to at least $190.2 million in 2021, from at least $68.8 million in 2020.",Investment scams.,"• The total amount cheated decreased to at least $5.9 million in 2021, 
from at least $7.1 million in 2020. 
• The largest sum cheated in a single case in 2021 was $400,000. 
• The most common platforms where these scams took place include 
Carousell, Facebook, and Shopee, while the common items involved in 
the transactions were electronic goods and gaming-related items (see 
Annex B for the breakdown of e-commerce scams on the various 
platforms). 
 
d) Investment scams 
• The number of investment scam cases more than doubled to 2,467 
cases in 2021, from 1,096 cases in 2020.  
• The total amount cheated increased to at least $190.2 million in 2021, 
from at least $68.8 million in 2020.  
• The largest sum cheated in a single case in 2021 was $6.4 million. 
• Common platforms used by scammers to communicate with victims 
included Facebook, Tinder, and Instagram. 
 
e) Loan scams 
• The number of loan scam cases increased by 14.9% to 2,273 cases in 
2021, from 1,978 cases in 2020.  
• The total amount cheated increased to at least $18.3 million in 2021, 
from at least $14.3 million in 2020. 
• The largest sum cheated in a single case in 2021 was $361,000. 
• Websites, SMSes, WhatsApp messages, and advertisements on social 
media or e-commerce sites were the more common channels used by 
the scammers to reach out to potential victims. 
 
f) Banking related phishing scams 
• The number of cases increased by 66.9% to 2,236 cases in 2021, from 
1,340 cases in 2020. 
• The total amount cheated more than tripled to at least $19.4 million in 
2021, from at least $5.3 million in 2020. 
• The largest sum cheated in a single case in 2021 was $1 million. 
• In these cases, culprits impersonated banks or government officials. 
They approached victims via calls (phone call/in-app calls e.g. 
WhatsApp), and convinced the victims to provide bank card or account 
details and OTP, by pretending to assist the victims with issues 
concerning the victims’ bank card or account. They also sent unsolicited 
SMSes claiming that there were issues with the victims’ banking account, 
and the victims were asked to click on a link embedded in the text 
message to resolve the issue. Upon clicking on the link, the victims were 
redirected to fake bank websites and asked to key in their internet 
banking account login details. In some cases, the SMSes would state a 
phone number, belonging to the scammers, that the victims could call to 
seek help with their suspended bank card. Subsequently, victims found 
unauthorised transactions made to their bank account. 
• Calls and SMSes were the most common channels used by the 
scammers to approach the victims.",0.8438318588598195,1.0,1.0,0.9999999999
What was the largest amount lost in a single China officials impersonation scam in 2021?,The largest amount lost in a single China officials impersonation scam in 2021 was $6.2 million.,"The data in Annex A, 'Top Ten Scam Types in Singapore in 2021', shows that for China Officials Impersonation Scams, the largest sum cheated in a single case was $6.2m.",$6.,"• The total amount cheated decreased to at least $5.9 million in 2021, 
from at least $7.1 million in 2020. 
• The largest sum cheated in a single case in 2021 was $400,000. 
• The most common platforms where these scams took place include 
Carousell, Facebook, and Shopee, while the common items involved in 
the transactions were electronic goods and gaming-related items (see 
Annex B for the breakdown of e-commerce scams on the various 
platforms). 
 
d) Investment scams 
• The number of investment scam cases more than doubled to 2,467 
cases in 2021, from 1,096 cases in 2020.  
• The total amount cheated increased to at least $190.2 million in 2021, 
from at least $68.8 million in 2020.  
• The largest sum cheated in a single case in 2021 was $6.4 million. 
• Common platforms used by scammers to communicate with victims 
included Facebook, Tinder, and Instagram. 
 
e) Loan scams 
• The number of loan scam cases increased by 14.9% to 2,273 cases in 
2021, from 1,978 cases in 2020.  
• The total amount cheated increased to at least $18.3 million in 2021, 
from at least $14.3 million in 2020. 
• The largest sum cheated in a single case in 2021 was $361,000. 
• Websites, SMSes, WhatsApp messages, and advertisements on social 
media or e-commerce sites were the more common channels used by 
the scammers to reach out to potential victims. 
 
f) Banking related phishing scams 
• The number of cases increased by 66.9% to 2,236 cases in 2021, from 
1,340 cases in 2020. 
• The total amount cheated more than tripled to at least $19.4 million in 
2021, from at least $5.3 million in 2020. 
• The largest sum cheated in a single case in 2021 was $1 million. 
• In these cases, culprits impersonated banks or government officials. 
They approached victims via calls (phone call/in-app calls e.g. 
WhatsApp), and convinced the victims to provide bank card or account 
details and OTP, by pretending to assist the victims with issues 
concerning the victims’ bank card or account. They also sent unsolicited 
SMSes claiming that there were issues with the victims’ banking account, 
and the victims were asked to click on a link embedded in the text 
message to resolve the issue. Upon clicking on the link, the victims were 
redirected to fake bank websites and asked to key in their internet 
banking account login details. In some cases, the SMSes would state a 
phone number, belonging to the scammers, that the victims could call to 
seek help with their suspended bank card. Subsequently, victims found 
unauthorised transactions made to their bank account. 
• Calls and SMSes were the most common channels used by the 
scammers to approach the victims.",0.0,0.0,0.0,0.0
"What was the trend in job scam cases from 2021 to 2022?""","The number of job scam cases increased by 42.7%, rising from 4,550 cases in 2021 to 6,492 cases in 2022.","Job scams • Job scams typically involve victims being offered online jobs that could be performed from home. Victims would be asked to perform simple tasks like making advance purchases, liking social media posts, or reviewing hotels/restaurants. Victims would initially receive some commission, luring them into providing more funds, purportedly required to get more commission over time. Eventually, the victims would not be able to get their money back. • There were 6,492 cases reported in 2022, compared to 4,550 cases in 2021, an increase of 42.7%.","The number of scam cases which scammers used to contact victims via social media increased to 7,539 in 2022, from 6,095 in 2021.","Page 13 of 32 
 
 
 
17. Another contact method of concern is phone calls. There was an increase in 
the number of scam cases perpetrated via phone calls to 7,196 in 2023 from 3,602 in 
2022. Of which, 79.2% were fake friend call scams, 10.3% were government officials 
impersonation scams and 2.9% were job scams. 
  
 
 
 
Job Scam
51.6%
Fake Friend 
Call Scam
12.3%
Phishing Scam
11.1%
Social Media 
Impersonation Scam
8.5%
Investment Scam
5.1%
Others
11.5%
Types of Scam Cases via WhatsApp
Fake Friend 
Call Scam
79.2%
Government Officials 
Impersonation Scam
10.3%
Job Scam
2.9%
Phishing Scam
2.6%
Investment Scam
1.0%
Others
4.0%
Types of Scam Cases via Phone Calls",0.8748366166422697,1.0,0.0,0.0
Which scam type led in number of cases in 2022?,"In 2022, phishing scams recorded the highest number of cases among all scam types, with 7,097 cases reported.",Phishing scams recorded the highest number of reported cases amongst all scam types in 2022.,Job scams.,"Page 2 of 22 
 
 
 
 
 
3 However, there were decreases in loan scam cases and internet love scam 
cases. There were 1,031 loan scam cases in 2022, which is a decrease of 54.6% from 
2,273 cases in 2021. The number of internet love scam cases decreased by 20.7% to 
868 in 2022, from 1,094 cases in 2021. Nonetheless, as scammers continue to evolve 
their tactics, we must keep up public vigilance. 
 
 
 
 
 
4 Phishing scams, job scams, e-commerce scams, investment scams, and fake 
friend call scams were the top five scam types of 2022. Of these, e-commerce scams 
has remained among the top five scam types for four consecutive years. These five 
scam types made up 82.5% of the top ten scam types reported in 2022. Please see 
Annex A for the statistics on the top ten scam types. 
 
6,234
9,545
15,651
23,933
31,728
0
5,000
10,000
15,000
20,000
25,000
30,000
35,000
40,000
2018 2019 2020 2021 2022
+53.1%
+64.0%
+52.9%
+32.6%
151.4 170.8
265.7
632.0 660.7
0.0
100.0
200.0
300.0
400.0
500.0
600.0
700.0
800.0
900.0
2018 2019 2020 2021 2022
Top Scam Types 
Total Scam Cases 
Total Amount Lost to All Scams (in millions) 
+12.8% 
+55.6% 
+137.9% 
+4.5%",0.0,0.0,0.0,0.0
What was the total loss from investment scams in 2022?,The total amount lost to investment scams in 2022 was at least $198.3 million.,"The total amount reported to have been cheated increased by 4.3% to at least $198.3 million in 2022, from at least $190.2 million in 2021.",198.,"Page 2 of 32 
 
 
 
 
 
4. The average amount lost to each of the top five scam types, i.e. job scams, 
e-commerce scams, fake friend call scams, phishing scams, and investment 
scams, has generally decreased. Overall, the average amount lost per scam case 
for all reported scam cases has also decreased, by about 32.8% from $20,824 in 2022 
to $13,999 in 2023. 55.6% of scam cases have losses less than or equal to $2,000.  
 
5. The slight improvement in losses may be due in part to the proactive and 
coordinated efforts by the Singapore Police Force (SPF) , the Infocomm Media 
Development Authority  (IMDA), Cyber Security Agency of Singapore  (CSA), Smart 
Nation Group  (SNG), Monetary Authority of Singapore  (MAS), and private  sector 
stakeholders to prevent scams and stop or mitigate losses during ongoing scams, as 
well as to raise public awareness on measures that individuals can take to avoid being 
scammed.  
 
6. However, the amount lost to scams involving the use of social engineering and 
deception to induce victims to transfer monies to scammers, continues to be high. We 
9,545
15,651
23,933
31,728
46,563
0
10,000
20,000
30,000
40,000
50,000
60,000
2019 2020 2021 2022 2023
+64.0%
+52.9%
+32.6%
+46.8%
170.8
265.7
632.0 660.7 651.8
0.0
100.0
200.0
300.0
400.0
500.0
600.0
700.0
800.0
900.0
2019 2020 2021 2022 2023
Total Scam Cases 
Total Amount Lost to All Scams (in millions) 
+55.6% 
+137.9% 
+4.5% -1.3%",0.0,0.0,1.0,0.3333333333
"In 2022, which platform hosted the most e-commerce scam cases?","According to the 2022 data, Carousell hosted the most e-commerce scam cases, with 1,834 reported incidents.","The data in the 'Top Five Digital Platforms Used In E-Commerce Scams in 2022' table shows that Carousell had 1,834 cases, which was 38.5% of the total.",Carousell.,"Page 5 of 22 
 
• The most common platforms which victims encountered scammers  
included Carousell, Facebook, and Shopee, while the common items 
involved in the transactions were electronic goods, rental (residential unit) 
and gaming-related items. The breakdown of e-commerce scams on the 
various platforms are as follows: 
 
Top Five Digital Platforms Used In E-Commerce Scams in 2022 
 
 
• 65.7% of victims were aged between 20 and 39.  
 
d) Investment scams 
• Victims of investment scams usually come across “good” investment 
offers via their own internet searches or via recommendations from 
online friends. Victims would be enticed to invest by transferring money 
to unknown bank accounts. In some cases, victims would initially earn a 
small profit from their investme nt, and therefore  would be  enticed to 
transfer even more funds. After larger sums of money are transferred to 
the scammers, the victims would realise they could not cash out their 
earnings.  
• There were 3,108 investment scam cases reported in 2022, compared 
to 2,467 cases in 2021, an increase of 26.0%.  
• The total amount reported to have been cheated increased by 4.3% to 
at least $198.3 million in 2022, from at least $190.2 million in 2021.  
• Common platforms used by scammers to contact victims include d 
Instagram, Facebook and Telegram. 
• 54.9% of victims were aged between 20 and 39.  
 
e) Fake friend call scams 
• Fake friend call scams typically involve scammers contacting victims via 
phone calls, pretending to be the victims’ friend or acquaintance. After 
establishing contact, scammers would capitalise on the friendship 
element, and use various reasons to request for money from the victims. 
Carousell
1,834
38.5%
Facebook
1,138
23.9%
Shopee
311
6.5%
Telegram
288
6.0%
Other 
Websites
218
4.6%
Others
2022
Total: 4,762",0.8143414227614018,1.0,1.0,0.99999999995
How many scam cases in 2022 were fake friend call scams?,"There were 2,106 fake friend call scam cases reported in 2022.","There were 2,106 fake friend call scam cases in 2022, compared to 686 cases in 2021, an increase of 207.0%.","2,106.","Page 6 of 22 
 
Victims would end up transferring money to bank accounts belonging to 
unknown individuals. 
• There were 2,106 fake friend call scam cases in 2022, compared to 686 
cases in 2021, an increase of 207.0%.  
• The total amount reported to have been cheated increased by 95.6% to 
at least $8.8 million in 2022, from at least $4.5 million in 2021. 
• Phone calls and WhatsApp were the most common channels used by 
scammers to contact potential victims. 
• 46.3% of victims were aged between 30 and 49.  
 
 
 
 
5 Scammers tend to reach out to victims through messaging platforms, social 
media, online shopping platforms, phone calls and SMSes. These formed the top five 
approach methods. 
 
 
 
6 In 2022, the number of scam cases used by scammers to contact victims via 
messaging platforms increased to 7,599 from 5,095 in 2021, with about 56.0% of the 
cases via WhatsApp, and 36.1% via Telegram. 
 
91
256
807
1,259
2,519
2,367
2,883
1,570
6,095
5,095
81
384
836
1,223
1,494
2,625
3,602
4,818
7,539
7,599
Online Streaming Services
Classified Ads
Emails
Dating Apps / Dating
Websites
Other Websites
SMSes
Phone Calls
Online Shopping Platforms
Social Media
Messaging Platforms
Breakdown of cases based on top contact methods 
2022 2021
Top Contact Methods",0.7634380186165441,1.0,1.0,0.99999999995
What percentage of scam cases in 2022 were contacted through WhatsApp?,"In 2022, about 56.0% of scam cases initiated on messaging platforms were conducted via WhatsApp.","In 2022, the number of scam cases used by scammers to contact victims via messaging platforms increased to 7,599 from 5,095 in 2021, with about 56.0% of the cases via WhatsApp, and 36.1% via Telegram.",56.,"Page 12 of 32 
 
 
15. The number of scam cases where scammers contacted victims via messaging 
platforms increased to 12,368 in 2023, from 7,599 in 2022, with about 68.0% of the 
cases via WhatsApp, and 26.5% via Telegram. 
 
16. Among the scam cases where scammers contacted victims via WhatsApp, 51.6% 
were job scams, 12.3% were fake friend call scams and 11.1% were phishing scams.  
WhatsApp
68.0%
Telegram
26.5%
WeChat
3.6%
Others
2.0%
Proportion of Top Messaging Platforms which Scammers 
used to contact Victims",0.0,1.0,1.0,0.9999999999666667
What percentage of scam victims in 2022 were aged 20-29?,"In 2022, young adults aged 20 to 29 made up 26.7% of all scam victims.","Young adults, aged 20 to 29, made up 26.7% of the total number of scam victims.",26.,"Page 10 of 22 
 
 
 
 
12 Young adults are most likely to fall for scams. The breakdown of scam victims 
by age group is as follows: 
 
a) Youths, aged 10 to 19, made up 6.7% of the total number of scam victims. 21.8% 
from this age group fell prey to social media impersonation scams, while 21.7% 
fell prey to phishing scam s and 20. 3% fell prey to e -commerce scams. 
Scammers tend to contact youths via messaging platforms, social media, and 
online shopping platforms. 
 
b) Young adults, aged 20 to 29, made up 26. 7% of the total number of scam 
victims. 27.2% from this age group fell prey to job scams, while 20.2% fell prey 
to e-commerce scams and 17.6% fell prey to phishing scams. Scammers tend 
to contact young adults via social media, messaging platforms, and online 
shopping platforms. 
 
c) Young a dults, aged 30 to 39, made up 2 6.8% of the total number of scam 
victims. 24.8% from this age group fell prey to job scams, while 22.6% fell prey 
to phishing scams and 18.3% fell prey to e-commerce scams. Scammers tend 
to contact this victim group via social media, messaging platforms, and online 
shopping platforms. 
 
d) Adults, aged 40 to 49, made up 19.2% of the total number of scam victims. 26.8% 
fell prey to phishing scams while 17.7% fell prey to job scams and 13.8% fell 
prey to e -commerce scams. Scammers tend to contact this victim group via 
messaging platforms, social media and phone calls. 
 
e) Adults, aged 50 to 59, made up 11.8% of the total number of scam victims. 26.4% 
from this age group mainly fell prey to phishing scams, while 13.7% fell prey to 
job scams and 12.4% fell prey to fake friend call scams. Scammers tend to 
contact this victim group via messaging platforms, social media and phone calls. 
 
f) The elderly, a ged 60 and above, made up 8. 8% of the total number of scam 
victims. 22.7% from this age group fell prey to phishing scams, while 14.2% fell 
prey to fake friend call scams and 10.9% fell prey to investment scams. 
Scammers tend to reach out to the elderly via messaging platforms, phone calls, 
and social media. 
 
Scam Victim Profile",0.0,0.0,1.0,0.9999999999
How many bank accounts were frozen by ASCom in 2022?,"In 2022, the Anti-Scam Command (ASCom) froze more than 16,700 bank accounts.","In 2022, the ASCom froze more than 16,700 bank accounts based on reports referred to the ASC and recovered about $146.6 million.","16,700 bank accounts were frozen by ASCom in 2022.","Page 12 of 22 
 
Compromise’, which were spoofed emails purporting to be from the victims’ busine ss 
clients. As a result, the victims  were defrauded into making large transactions 
amounting to USD 15.5 million to bank accounts held with DBS. Upon receipt of the 
report, ASCom worked immediately with DBS to conduct fund flow tracing, which led 
to the swift recovery of some of the funds.  
 
b) Other law enforcement interventions 
 
16 The ASC also works closely with local telecommunication companies  to 
terminate mobile lines which are found to have been used for scams . The ASC also 
works closely with social media platforms and online marketplaces to remove 
suspicious accounts and advertisements. In 2022, more than 6,500 such mobile lines 
were terminated, and more than 3,100 online monikers and advertisements involved 
in suspected scams were removed. The ASC also engaged WhatsApp on more than 
22,800 WhatsApp lines which were believed to be used in scams in 2022.  
 
17 In January 2022, SPF conducted simultaneous raids targeting 17 handphone 
shops in a nine -hour island wide operation t o target those who fraudulently exploit 
registered prepaid SIM cards as an anonymous  channel of communications for illicit 
activities such as unlicensed moneylending, scams , and vice . Ten persons were 
arrested for their suspected involvement in fraudulently registering prepaid SIM cards 
using the particulars of unsuspecting customers or f oreigners who have not entered 
or have left Singapore. 24 others are assisting with investigations.  
 
18 SPF continues to take tough anti -scam enforcement actions against local 
scammers and money mules. In 2022, ASCom, together with the Scam Strike Teams 
in the seven Land Divisions, conducted 25 island wide anti -scam enforcement 
operations, leading to the investigation of more than 8,000 money mules and 
scammers. 
 
c) Collaboration with foreign law enforcement agencies 
 
19 The vast majority of online scams are perpetrated by scammers based outside 
Singapore. Such cases are difficult to investigate and prosecute . The success of our 
efforts to solve these cases will depend on the level of cooperation from overseas law 
enforcement agencies, as well as their ability to track down the scammers in their 
jurisdiction. These scammers are typically part of organised criminal groups a nd run 
sophisticated transnational operations which are not easy to uncover or dismantle. 
Where mon ies have been transferred outside Singapore, recovery is very difficult. 
Nonetheless, SPF continues to work closely with foreign counterparts and partners 
such as the Royal Malaysia Police and Interpol, to exchange information and conduct 
joint investigations and operations against transnational scams. 
 
20 In 2022, the close collaboration between SPF and overseas law enforcement 
agencies led to the  successful take-down of 13 scam syndicates comprising six job 
scam syndicates, three government officials impersonation scam syndicates, two 
phishing scam syndicates and two Internet love scam syndicates . More  than 70 
persons based overseas , who were responsible for more than 280  cases, were 
arrested.",0.0,1.0,1.0,0.49999999995
When was ScamShield for Android launched?,"The ScamShield application for Android devices was launched on September 28, 2022.",The ScamShield app for iOS and Android was launched on 20 November 2020 and 28 September 2022 respectively.,28 September 2022.,"Page 15 of 22 
 
 
 
 
ScamShield mobile application by NCPC and GovTech  
 
33 The ScamShield mobile app, jointly developed by NCPC and GovTech, 
identifies and filters out scam messages using artificial intelligence. It also blocks calls 
from phone numbers that were used in other scam cases or reported by ScamShield 
users. These two functions reduce opportunities for scammers to reach out to potential 
victims. 
 
34 The ScamShield app for iOS and Android was launched on 20 November 2020 
and 28 September 2022 respectively.  
 
35 As at 31 December 2022, the ScamShield app has been downloaded by close 
to 500,000 users. More than 7.4 million SMSes have been reported as potential scams, 
and more than 47,000 unique scam-tainted phone numbers have been blocked. 
 
‘I Can ACT Against Scams’ campaign by NCPC 
 
36 On 18 January 2023, NCPC, in collaboration with MHA and SPF, launched the 
9th edition of the anti-scam campaign at the Scaminar! ACT Against Scams event. The 
“I Can ACT Against Scams” campaign aims to educate and encourage members of 
the public to translate scam awareness into action by proactively adopting anti -scam 
measures. The word “ACT” in the campaign headline stands for “Add. Check. Tell” – 
the three main actions that individuals should proactively take to safeguard themselves 
and our community against scams. Please see Annex C for the campaign visuals. 
 
• Add security features such as ScamShield  and enable 2 -Factor 
Authentication for personal accounts.  
 
• Check for potential scam signs by asking questions, fact checking 
requests for personal information and money transfers, and verifying the 
legitimacy of onlin e listings and reviews.  When we receive an SMS or 
message asking us to click on a URL link and requesting for our personal 
or banking information, take time to pause and check  if the SMS or 
message is legitimate. 
 
• Tell the authorities and platform owners a bout your scam encounters.  
We can play our part by reporting them to the bank, via ScamShield, or 
filing a Police report as soon as possible. The faster scams are reported 
to the authorities and the platforms, the faster they can take action to 
prevent more people from falling prey.  Tell others also about ongoing 
scams or preventive steps they can take. 
 
37 Please see Annex D for comments from the Vice-Chairman of NCPC. 
 
 
 
WOG Efforts to Fight Scams",0.0,1.0,1.0,0.9999999999
What‚Äôs the meaning of ACT in NCPC‚Äôs anti-scam campaign?,"In the National Crime Prevention Council's campaign, 'ACT' is an acronym for 'Add, Check, Tell'.",The word ‚ÄúACT‚Äù in the campaign headline stands for ‚ÄúAdd. Check. Tell‚Äù ‚Äì the three main actions that individuals should proactively take to safeguard themselves and our community against scams.,The word “ACT” in the campaign headline stands for “Add.,"Page 15 of 22 
 
 
 
 
ScamShield mobile application by NCPC and GovTech  
 
33 The ScamShield mobile app, jointly developed by NCPC and GovTech, 
identifies and filters out scam messages using artificial intelligence. It also blocks calls 
from phone numbers that were used in other scam cases or reported by ScamShield 
users. These two functions reduce opportunities for scammers to reach out to potential 
victims. 
 
34 The ScamShield app for iOS and Android was launched on 20 November 2020 
and 28 September 2022 respectively.  
 
35 As at 31 December 2022, the ScamShield app has been downloaded by close 
to 500,000 users. More than 7.4 million SMSes have been reported as potential scams, 
and more than 47,000 unique scam-tainted phone numbers have been blocked. 
 
‘I Can ACT Against Scams’ campaign by NCPC 
 
36 On 18 January 2023, NCPC, in collaboration with MHA and SPF, launched the 
9th edition of the anti-scam campaign at the Scaminar! ACT Against Scams event. The 
“I Can ACT Against Scams” campaign aims to educate and encourage members of 
the public to translate scam awareness into action by proactively adopting anti -scam 
measures. The word “ACT” in the campaign headline stands for “Add. Check. Tell” – 
the three main actions that individuals should proactively take to safeguard themselves 
and our community against scams. Please see Annex C for the campaign visuals. 
 
• Add security features such as ScamShield  and enable 2 -Factor 
Authentication for personal accounts.  
 
• Check for potential scam signs by asking questions, fact checking 
requests for personal information and money transfers, and verifying the 
legitimacy of onlin e listings and reviews.  When we receive an SMS or 
message asking us to click on a URL link and requesting for our personal 
or banking information, take time to pause and check  if the SMS or 
message is legitimate. 
 
• Tell the authorities and platform owners a bout your scam encounters.  
We can play our part by reporting them to the bank, via ScamShield, or 
filing a Police report as soon as possible. The faster scams are reported 
to the authorities and the platforms, the faster they can take action to 
prevent more people from falling prey.  Tell others also about ongoing 
scams or preventive steps they can take. 
 
37 Please see Annex D for comments from the Vice-Chairman of NCPC. 
 
 
 
WOG Efforts to Fight Scams",0.0,1.0,1.0,0.9999999999
What was the total number of physical crime cases in 2022?,"The total number of reported physical crime cases in 2022 was 20,193.","With the relaxation of COVID-19 measures and the resumption of more activities, the total number of reported physical crime cases increased by 4.4% to 20,193 in 2022, from 19,343 in 2021.","20,193.","Page 1 of 7 
 
 
 
 
 
 
 
Physical crime cases decreased slightly in 2023 
 
The total number of reported physical crime cases decreased slightly by 1.1% 
to 19,966 in 2023, from 20,193 in 2022.    
 
 
 
Crimes of concern 
 
2 In 2023, the crimes of concern included shop theft, theft in dwelling, outrage 
of modesty and voyeurism. Shop theft constituted the highest proportion of reported 
cases amongst all the physical crimes.  
 
3 There were 277 days in 2023 which were free from robbery, snatch theft and 
theft of motor vehicle - an improvement of 36 days compared to 241 days in 2022. 
These crimes all saw a decrease in cases in 2023, as compared to 2022. 
  
23,980
19,498 19,343 20,193 19,966
0
5,000
10,000
15,000
20,000
25,000
30,000
2019 2020 2021 2022 2023
Total Physical Crime Cases
Annual Crime Brief 2023  
Physical Crime Situation 
-18.7% 
-0.8% 
 +4.4% 
 -1.1%",0.0,1.0,1.0,0.99999999995
Which physical crime saw a significant increase in 2022?,"In 2022, rioting cases increased to 60 cases, up from 46 cases in the previous year.","With increased interaction among larger groups of people after the resumption of social activities and reopening of nightspots, rioting cases increased to 60 cases in 2022 from 46 in 2021, and accounted for 0.3% of total physical crime cases.",Physical crime cases increased by 4.,"Page 1 of 8 
 
 
 
 
 
 
 
Physical crimes remain low in 2022 
 
With the relaxation of COVID-19 measures and the re sumption of more 
activities, the total number of reported physical c rime cases increased by 4.4% to 
20,193 in 2022, from 19,343 in 2021. However, this is lower than the number of cases 
pre-COVID-19.    
 
 
 
Crimes of concern 
 
 
2 In 2022, the crimes of concern included outrage o f modesty, voyeurism, shop 
theft, theft in dwelling, and rioting.  
  
25,633 
23,980 
19,498 19,343 20,193 
0
5,000 
10,000 
15,000 
20,000 
25,000 
30,000 
35,000 
2018 2019 2020 2021 2022 
Total Physical Crime Cases 
-18.7% 
-0.8% +4.4% 
-6.4% 
Annual Crime Brief 2022  
Physical Crime Situation",0.0,0.0,0.0,0.0
How many OM cases in 2022 occurred at nightspots?,There were 129 Outrage of Modesty (OM) cases that took place at nightspots in 2022.,"With the public entertainment (PE) landscape regaining vibrance as we emerged from the COVID-19 pandemic, the number of OM cases which took place at nightspots increased to 129 cases in 2022, compared to 21 in 2021.",129 cases.,"Page 3 of 7 
 
 
 
8 Theft in dwelling cases decreased by 34 cases to 1,695 cases in 2023 from 
1,729 cases in 2022, and accounted for 8.5% of total physical crime cases. Decreases 
were mainly observed at residential and commercial premises:  
 
a) Residential premises – 854 cases reported in 2023, compared to 881 in 
2022. Cases which occurred at residential premises typically involved items 
such as cash, jewellery, electronic items such as handphones and branded 
bags and watches. 
b) Commercial premises – 493 cases reported in 2023, compared to 503 in 
2022.  
 
9 Most cases at residential and commercial premises (811 cases or 60.2%) 
were committed (or suspected to be committed) by culprits known to the victim, 
such as tenants/roommates, family members, service providers and 
friends/acquaintances.  
 
 
 
 
10 The number of o utrage of modesty (OM) cases decreased to 1,528 in 2023 
from 1,610 in 2022 and accounted for 7.7% of the total physical crime cases. Most 
cases (884 cases or 57.9%) involved culprits known to the victims. The top three 
locations where OM offences were committed were: 
 
a) Residential premises – 374 cases reported in 2023, compared to 426 in 
2022. 
b) Public transport network – 169 cases reported in 2023, compared to 178 in 
2022. 
c) Nightspots – 135 cases reported in 2023, compared to 129 cases in 2022. 
 
11 The SPF will continue to work closely with our stakeholders to raise awareness 
of OM among the public. On 24 January 2024, the SPF and the NCPC launched the 
fourth edition of the Safe Clubbing Campaign (SCC) 2024 (previously known as the 
“Smart Clubbing Campaign”). Given the increase in the number of OM cases reported 
at nightspots, SCC 2024 aims to bring together and leverage the expertise and 
networks of industry partners such as the Singapore Nightlife Business Association, 
Singapore River One and the Singapore Alliance for Responsible Drinking, to promote 
a safe environment for patrons and staff of public entertainment ( PE) outlets. This 
includes educating the public  on individual responsibility such as  drinking in 
moderation, as well as equipping staff of PE outlets with the knowledge and skills to 
safely handle intoxicated patrons. These initiatives complement the SPF’s regular 
enforcement checks on PE outlets. The SPF would like to encourage both patrons 
and outlets to do their part in keeping our PE landscape safe, secure and 
orderly.  
 
Outrage of Modesty 
Theft in Dwelling",0.8438161580871268,1.0,1.0,0.99999999995
What was the number of voyeurism cases on public transport in 2022?,"In 2022, there were 55 reported cases of voyeurism on the public transport system.","Public transport system - 55 cases reported in 2022, compared to 79 in 2021.",55 cases.,"Page 4 of 7 
 
12 Despite the increased usage of the public transport network, the number of OM 
cases which occurred on public transport decreased, to 169 cases in 2023, compared 
to 178 in 2022.  The SPF has been working with  public transport operators and 
partners, including the Land Transport Authority and the NCPC, to prominently display 
anti-crime posters within the public transport network, such as on MRT trains, at train 
stations, and at bus interchanges . In November 2023, the SPF launched the first 
Police concept train  which aims to raise awareness o f OM cases among public 
transport commuters. Cautionary messages are displayed prominently on the floor as 
well as on the interior sides of the MRT cabins, to warn would-be perpetrators of the 
consequences. 
 
 
 
 
 
13 Voyeurism cases increased by 52 cases to 476 cases in 2023 from 424 cases 
in 2022, and accounted for 2.4% of total physical crime cases. The top three locations 
where voyeurism cases were committed were: 
 
a) Residential premises – 151 cases reported in 2023, compared to 142 in 2022. 
b) Shopping complexes – 84 cases reported in 2023, compared to 54 in 2022. 
c) Public transport network – 56 cases reported in 2023, compared to 55 in 2022. 
 
14 The majority of cases at residential premises (126 cases or 83.4%) were 
committed by perpetrators known to the victims such as boyfriends/ex -
boyfriends, household members or fellow tenants, while the cases at shopping 
complexes and public transport typically involved perpetrators unknown to the victims. 
 
15 The number of voyeurism cases which were committed on public transport 
remained stable despite rising ridership. The SPF will work with public transport 
stakeholders and the community to enhance public education and to deter would-be 
perpetrators. From February 2024, advisory messages on voyeurism will be displayed 
prominently on the escalators of selected MRT stations. 
 
16 Commercial premises must do their part to ensure the safety of their patrons. 
The SPF has been working closely with our stakeholders to better protect their patrons 
from being victims of voyeurism, especially through environmental design . One such 
initiative is the installation of anti-voyeurism mirrors in public toilets from March 2022, 
which allow toilet users to view the top of the cubicle without having to constantly look 
up, helping to safeguard the ir privacy. This has been implemented in several malls,  
including Downtown East Singapore, Kallang Wave Mall and the Punggol Regional 
Library, and will be progressively scaled up to more locations. Please refer to Annex 
A for a quote by Ms. Felice Low, Director, Infrastructure, NTUC Club.  
 
 
 
 
17 Everyone can contribute to the safety and security of Singapore. This includes 
business operators, such as public transport operators, retail outlet owners and PE 
operators, who have a responsibility towards their customers to prevent, deter and 
Voyeurism 
Everyone Has a Role to Play in Fighting Crime",0.8280571676989923,1.0,1.0,0.9999999999
How many shop theft cases were there in 2022?,"There were 3,244 shop theft cases reported in 2022.","Shop theft cases increased to 3,244 cases in 2022 from 2,652 in 2021, and accounted for 16.1% of total physical crime cases.","3,244 cases.","Page 4 of 8 
 
work. To sustain the effectiveness of the crime pre vention measures, the SPF will 
continue to work closely with the retailer-adopters  after onboarding onto the 
Programme to monitor the crime situation, and will conduct regular checks on the 
stores. 
 
18 The SPF will announce the onboarding of two new partners, namely the 
Singapore Retailers Association (SRA) and the Feder ation of Merchants’ 
Associations, Singapore (FMAS), to the Retailer Ind ustry Safety and Security Watch 
Group (iSSWG) on 17 February 2023. The Retailer iSS WG was established with 
Orchard Road Business Association (ORBA) in 2008. T he onboarding of SRA and 
FMAS to the Retailer iSSWG allows the SPF to tackle  shop theft and other crimes of 
concern across a wider segment of the retail industry. 
 
 
 
 
19 Theft in dwelling cases increased to 1,729 cases  in 2022 from 1,359 in 2021, 
and accounted for 8.6% of total physical crime case s. Significant increases were 
observed at residential and commercial premises. Th ere were 881 cases reported in 
residential premises in 2022, as compared to 716 in  2021. At commercial premises, 
there were 503 cases reported in 2022, as compared to 382 in 2021. Cases that 
occurred at residential premises typically involved  items such as cash, jewellery, and 
electronic items such as handphones and branded bags/watches. 
 
20 The majority of the cases were committed (or sus pected to be committed) by 
culprits known to the victim, such as tenants/roomm ates, family members, service 
providers/cleaners and friends/acquaintances. 
 
 
 
 
21 With increased interaction among larger groups o f people after the resumption 
of social activities and reopening of nightspots, rioting cases increased to 60 cases in 
2022 from 46 in 2021, and accounted for 0.3% of total physical crime cases. However, 
this figure is lower than during pre-COVID-19 (94 cases in 2019). 
 
 
 
 
22 Everyone has a part to play in keeping Singapore  safe and secure. Business 
operators, such as public transport operators, reta il outlet owners and PE operators, 
have a responsibility to prevent, deter and detect crimes. Putting in place precautions 
against crimes will also help them keep their customers safe.   
 
23 To recognise the community partners and stakehol ders for their support in 
helping to keep Singapore safe and secure, the SPF presented 46 Public Spiritedness 
Awards and 146 Community Partnership Awards in 2022 . We encourage the 
community to continue to support us in the fight against crime.   
 
Theft in Dwelling 
Everyone Plays a Key Role in Fighting Crime  
Rioting",0.8340422775611219,1.0,1.0,0.49999999995
What proportion of shop thefts in 2022 occurred at retail chains/shops?,"In 2022, 67.0% of shop theft cases occurred at retail chains and shops such as department stores, supermarkets, and convenience stores.","Shop theft cases increased to 3,244 cases in 2022 from 2,652 in 2021, and accounted for 16.1% of total physical crime cases. 67.0% of the cases occurred at retail chains/shops such as department stores, supermarkets, pharmacies, and mini marts/convenience stores.",67.,"Page 4 of 8 
 
work. To sustain the effectiveness of the crime pre vention measures, the SPF will 
continue to work closely with the retailer-adopters  after onboarding onto the 
Programme to monitor the crime situation, and will conduct regular checks on the 
stores. 
 
18 The SPF will announce the onboarding of two new partners, namely the 
Singapore Retailers Association (SRA) and the Feder ation of Merchants’ 
Associations, Singapore (FMAS), to the Retailer Ind ustry Safety and Security Watch 
Group (iSSWG) on 17 February 2023. The Retailer iSS WG was established with 
Orchard Road Business Association (ORBA) in 2008. T he onboarding of SRA and 
FMAS to the Retailer iSSWG allows the SPF to tackle  shop theft and other crimes of 
concern across a wider segment of the retail industry. 
 
 
 
 
19 Theft in dwelling cases increased to 1,729 cases  in 2022 from 1,359 in 2021, 
and accounted for 8.6% of total physical crime case s. Significant increases were 
observed at residential and commercial premises. Th ere were 881 cases reported in 
residential premises in 2022, as compared to 716 in  2021. At commercial premises, 
there were 503 cases reported in 2022, as compared to 382 in 2021. Cases that 
occurred at residential premises typically involved  items such as cash, jewellery, and 
electronic items such as handphones and branded bags/watches. 
 
20 The majority of the cases were committed (or sus pected to be committed) by 
culprits known to the victim, such as tenants/roomm ates, family members, service 
providers/cleaners and friends/acquaintances. 
 
 
 
 
21 With increased interaction among larger groups o f people after the resumption 
of social activities and reopening of nightspots, rioting cases increased to 60 cases in 
2022 from 46 in 2021, and accounted for 0.3% of total physical crime cases. However, 
this figure is lower than during pre-COVID-19 (94 cases in 2019). 
 
 
 
 
22 Everyone has a part to play in keeping Singapore  safe and secure. Business 
operators, such as public transport operators, reta il outlet owners and PE operators, 
have a responsibility to prevent, deter and detect crimes. Putting in place precautions 
against crimes will also help them keep their customers safe.   
 
23 To recognise the community partners and stakehol ders for their support in 
helping to keep Singapore safe and secure, the SPF presented 46 Public Spiritedness 
Awards and 146 Community Partnership Awards in 2022 . We encourage the 
community to continue to support us in the fight against crime.   
 
Theft in Dwelling 
Everyone Plays a Key Role in Fighting Crime  
Rioting",0.0,1.0,1.0,0.49999999995
How many theft in dwelling cases occurred in 2022?,"There were 1,729 cases of theft in dwelling reported for the year 2022.","Theft in dwelling cases increased to 1,729 cases in 2022 from 1,359 in 2021, and accounted for 8.6% of total physical crime cases.","1,729 cases.","Page 3 of 7 
 
 
 
8 Theft in dwelling cases decreased by 34 cases to 1,695 cases in 2023 from 
1,729 cases in 2022, and accounted for 8.5% of total physical crime cases. Decreases 
were mainly observed at residential and commercial premises:  
 
a) Residential premises – 854 cases reported in 2023, compared to 881 in 
2022. Cases which occurred at residential premises typically involved items 
such as cash, jewellery, electronic items such as handphones and branded 
bags and watches. 
b) Commercial premises – 493 cases reported in 2023, compared to 503 in 
2022.  
 
9 Most cases at residential and commercial premises (811 cases or 60.2%) 
were committed (or suspected to be committed) by culprits known to the victim, 
such as tenants/roommates, family members, service providers and 
friends/acquaintances.  
 
 
 
 
10 The number of o utrage of modesty (OM) cases decreased to 1,528 in 2023 
from 1,610 in 2022 and accounted for 7.7% of the total physical crime cases. Most 
cases (884 cases or 57.9%) involved culprits known to the victims. The top three 
locations where OM offences were committed were: 
 
a) Residential premises – 374 cases reported in 2023, compared to 426 in 
2022. 
b) Public transport network – 169 cases reported in 2023, compared to 178 in 
2022. 
c) Nightspots – 135 cases reported in 2023, compared to 129 cases in 2022. 
 
11 The SPF will continue to work closely with our stakeholders to raise awareness 
of OM among the public. On 24 January 2024, the SPF and the NCPC launched the 
fourth edition of the Safe Clubbing Campaign (SCC) 2024 (previously known as the 
“Smart Clubbing Campaign”). Given the increase in the number of OM cases reported 
at nightspots, SCC 2024 aims to bring together and leverage the expertise and 
networks of industry partners such as the Singapore Nightlife Business Association, 
Singapore River One and the Singapore Alliance for Responsible Drinking, to promote 
a safe environment for patrons and staff of public entertainment ( PE) outlets. This 
includes educating the public  on individual responsibility such as  drinking in 
moderation, as well as equipping staff of PE outlets with the knowledge and skills to 
safely handle intoxicated patrons. These initiatives complement the SPF’s regular 
enforcement checks on PE outlets. The SPF would like to encourage both patrons 
and outlets to do their part in keeping our PE landscape safe, secure and 
orderly.  
 
Outrage of Modesty 
Theft in Dwelling",0.0,1.0,1.0,0.99999999995
How many Public Spiritedness Awards were given in 2022?,"In 2022, the Singapore Police Force presented 46 Public Spiritedness Awards.","To recognise the community partners and stakeholders for their support in helping to keep Singapore safe and secure, the SPF presented 46 Public Spiritedness Awards and 146 Community Partnership Awards in 2022.",47 Public Spiritedness Awards were given in 2024.,"Page 7 of 8 
 
have received the Police Pal storybooks, and our Community Policing Unit officers 
have conducted 25 storytelling sessions at the libraries. 
 
22. The SPF would like to thank all its community partners and stakeholders for 
their strong support in helping to keep Singapore safe and secure. In 2024, the SPF 
presented 125 awards to our community partners (47 Public Spiritedness Awards, 33 
Community Partnership Awards and 45 Outstanding Community Partnership Awards). 
In addition, 191 awards were presented to organisations during the National Safety 
and Security Award Ceremony (82 Outstanding Cluster and Individual Awards, 109 
SSWG Cluster, Individual and Commendation Awards). We thank the community for 
the continued support in the fight against crime, and shared efforts to build a safe and 
secure home.   
 
23. Please see Annex for a quote from the Director of Operations Department.  
 
 
PUBLIC AFFAIRS DEPARTMENT 
SINGAPORE POLICE FORCE 
17 FEBRUARY 2025 @ 3PM",0.0,1.0,0.0,0.0
What was the total number of physical crimes in 2023?,"The total number of reported physical crime cases in 2023 was 19,966.","The total number of reported physical crime cases decreased slightly by 1.1% to 19,966 in 2023, from 20,193 in 2022.","19,966.","Page 1 of 7 
 
 
 
 
 
 
 
Physical crime cases decreased slightly in 2023 
 
The total number of reported physical crime cases decreased slightly by 1.1% 
to 19,966 in 2023, from 20,193 in 2022.    
 
 
 
Crimes of concern 
 
2 In 2023, the crimes of concern included shop theft, theft in dwelling, outrage 
of modesty and voyeurism. Shop theft constituted the highest proportion of reported 
cases amongst all the physical crimes.  
 
3 There were 277 days in 2023 which were free from robbery, snatch theft and 
theft of motor vehicle - an improvement of 36 days compared to 241 days in 2022. 
These crimes all saw a decrease in cases in 2023, as compared to 2022. 
  
23,980
19,498 19,343 20,193 19,966
0
5,000
10,000
15,000
20,000
25,000
30,000
2019 2020 2021 2022 2023
Total Physical Crime Cases
Annual Crime Brief 2023  
Physical Crime Situation 
-18.7% 
-0.8% 
 +4.4% 
 -1.1%",0.0,1.0,1.0,0.9999999999
What physical crime category had the most cases in 2023?,"In 2023, shop theft was the physical crime category with the most reported cases, totaling 3,939.","Shop theft cases increased by 695 cases to 3,939 cases in 2023 from 3,244 cases in 2022, and accounted for 19.7% of total physical crime cases.",Shop theft constituted the highest proportion of reported cases amongst all the physical crimes.,"Page 1 of 7 
 
 
 
 
 
 
 
Physical crime cases decreased slightly in 2023 
 
The total number of reported physical crime cases decreased slightly by 1.1% 
to 19,966 in 2023, from 20,193 in 2022.    
 
 
 
Crimes of concern 
 
2 In 2023, the crimes of concern included shop theft, theft in dwelling, outrage 
of modesty and voyeurism. Shop theft constituted the highest proportion of reported 
cases amongst all the physical crimes.  
 
3 There were 277 days in 2023 which were free from robbery, snatch theft and 
theft of motor vehicle - an improvement of 36 days compared to 241 days in 2022. 
These crimes all saw a decrease in cases in 2023, as compared to 2022. 
  
23,980
19,498 19,343 20,193 19,966
0
5,000
10,000
15,000
20,000
25,000
30,000
2019 2020 2021 2022 2023
Total Physical Crime Cases
Annual Crime Brief 2023  
Physical Crime Situation 
-18.7% 
-0.8% 
 +4.4% 
 -1.1%",0.0,1.0,0.0,0.9999999999
What was the percentage of OM cases involving known culprits in 2023?,"In 2023, 57.9% of Outrage of Modesty (OM) cases involved culprits who were known to the victims.","The number of outrage of modesty (OM) cases decreased to 1,528 in 2023 from 1,610 in 2022 and accounted for 7.7% of the total physical crime cases. Most cases (884 cases or 57.9%) involved culprits known to the victims. The top three locations where OM offences were committed were:",57.,"Page 3 of 7 
 
 
 
8 Theft in dwelling cases decreased by 34 cases to 1,695 cases in 2023 from 
1,729 cases in 2022, and accounted for 8.5% of total physical crime cases. Decreases 
were mainly observed at residential and commercial premises:  
 
a) Residential premises – 854 cases reported in 2023, compared to 881 in 
2022. Cases which occurred at residential premises typically involved items 
such as cash, jewellery, electronic items such as handphones and branded 
bags and watches. 
b) Commercial premises – 493 cases reported in 2023, compared to 503 in 
2022.  
 
9 Most cases at residential and commercial premises (811 cases or 60.2%) 
were committed (or suspected to be committed) by culprits known to the victim, 
such as tenants/roommates, family members, service providers and 
friends/acquaintances.  
 
 
 
 
10 The number of o utrage of modesty (OM) cases decreased to 1,528 in 2023 
from 1,610 in 2022 and accounted for 7.7% of the total physical crime cases. Most 
cases (884 cases or 57.9%) involved culprits known to the victims. The top three 
locations where OM offences were committed were: 
 
a) Residential premises – 374 cases reported in 2023, compared to 426 in 
2022. 
b) Public transport network – 169 cases reported in 2023, compared to 178 in 
2022. 
c) Nightspots – 135 cases reported in 2023, compared to 129 cases in 2022. 
 
11 The SPF will continue to work closely with our stakeholders to raise awareness 
of OM among the public. On 24 January 2024, the SPF and the NCPC launched the 
fourth edition of the Safe Clubbing Campaign (SCC) 2024 (previously known as the 
“Smart Clubbing Campaign”). Given the increase in the number of OM cases reported 
at nightspots, SCC 2024 aims to bring together and leverage the expertise and 
networks of industry partners such as the Singapore Nightlife Business Association, 
Singapore River One and the Singapore Alliance for Responsible Drinking, to promote 
a safe environment for patrons and staff of public entertainment ( PE) outlets. This 
includes educating the public  on individual responsibility such as  drinking in 
moderation, as well as equipping staff of PE outlets with the knowledge and skills to 
safely handle intoxicated patrons. These initiatives complement the SPF’s regular 
enforcement checks on PE outlets. The SPF would like to encourage both patrons 
and outlets to do their part in keeping our PE landscape safe, secure and 
orderly.  
 
Outrage of Modesty 
Theft in Dwelling",0.0,0.0,1.0,0.9999999999
Which crime prevention campaign was launched in Jan 2024?,"The fourth edition of the Safe Clubbing Campaign (SCC) 2024 was launched on January 24, 2024.","On 24 January 2024, the SPF and the NCPC launched the fourth edition of the Safe Clubbing Campaign (SCC) 2024 (previously known as the ‚ÄúSmart Clubbing Campaign‚Äù).",The fourth edition of the Safe Clubbing Campaign (SCC) 2024.,"Page 3 of 7 
 
 
 
8 Theft in dwelling cases decreased by 34 cases to 1,695 cases in 2023 from 
1,729 cases in 2022, and accounted for 8.5% of total physical crime cases. Decreases 
were mainly observed at residential and commercial premises:  
 
a) Residential premises – 854 cases reported in 2023, compared to 881 in 
2022. Cases which occurred at residential premises typically involved items 
such as cash, jewellery, electronic items such as handphones and branded 
bags and watches. 
b) Commercial premises – 493 cases reported in 2023, compared to 503 in 
2022.  
 
9 Most cases at residential and commercial premises (811 cases or 60.2%) 
were committed (or suspected to be committed) by culprits known to the victim, 
such as tenants/roommates, family members, service providers and 
friends/acquaintances.  
 
 
 
 
10 The number of o utrage of modesty (OM) cases decreased to 1,528 in 2023 
from 1,610 in 2022 and accounted for 7.7% of the total physical crime cases. Most 
cases (884 cases or 57.9%) involved culprits known to the victims. The top three 
locations where OM offences were committed were: 
 
a) Residential premises – 374 cases reported in 2023, compared to 426 in 
2022. 
b) Public transport network – 169 cases reported in 2023, compared to 178 in 
2022. 
c) Nightspots – 135 cases reported in 2023, compared to 129 cases in 2022. 
 
11 The SPF will continue to work closely with our stakeholders to raise awareness 
of OM among the public. On 24 January 2024, the SPF and the NCPC launched the 
fourth edition of the Safe Clubbing Campaign (SCC) 2024 (previously known as the 
“Smart Clubbing Campaign”). Given the increase in the number of OM cases reported 
at nightspots, SCC 2024 aims to bring together and leverage the expertise and 
networks of industry partners such as the Singapore Nightlife Business Association, 
Singapore River One and the Singapore Alliance for Responsible Drinking, to promote 
a safe environment for patrons and staff of public entertainment ( PE) outlets. This 
includes educating the public  on individual responsibility such as  drinking in 
moderation, as well as equipping staff of PE outlets with the knowledge and skills to 
safely handle intoxicated patrons. These initiatives complement the SPF’s regular 
enforcement checks on PE outlets. The SPF would like to encourage both patrons 
and outlets to do their part in keeping our PE landscape safe, secure and 
orderly.  
 
Outrage of Modesty 
Theft in Dwelling",0.0,1.0,1.0,0.9999999999
How many voyeurism cases were reported in 2023?,There were 476 voyeurism cases reported in 2023.,"Voyeurism cases increased by 52 cases to 476 cases in 2023 from 424 cases in 2022, and accounted for 2.4% of total physical crime cases.",476 cases.,"Page 3 of 8 
 
11 Please see Annex B for comments from the Vice-Chairman of NCPC. 
 
 
 
 
12 Voyeurism cases decreased to 424 cases in 2022 f rom 467 in 2021, and 
accounted for 2.1% of total physical crime cases. T he top three locations where 
voyeurism cases occurred were: 
 
a) Residential premises – 142 cases reported in 202 2, compared to 179 in 2021. 
b) Public transport system – 55 cases reported in 2 022, compared to 79 in 2021. 
c) Shopping complexes – 54 cases reported in 2022, compared to 56 in 2021. 
 
13 The cases at residential premises and shopping c omplexes mainly involved 
perpetrators known to the victim such as household members or fellow tenants who 
peeped at victims in toilets, while the cases on pu blic transport typically involved 
perpetrators taking upskirt photos. 
 
14 Members of the public are reminded to stay vigil ant against voyeurism by being 
aware of their surroundings. Like for OM, they are advised to make a police report as 
soon as possible if they are a victim of voyeurism or have witnessed the crime being 
committed. Reporting such crimes early is crucial in helping the SPF identify and arrest 
the perpetrators.  
 
 
 
 
15 Shop theft cases increased to 3,244 cases in 202 2 from 2,652 in 2021, and 
accounted for 16.1% of total physical crime cases. 67.0% of the cases occurred at 
retail chains/shops such as department stores, supe rmarkets, pharmacies, and mini 
marts/convenience stores. Cases were usually detected through suspicious behaviour 
spotted by staff, discovery of missing items during stock-taking, or detection of unpaid 
items by customers at self-checkout terminals via r eview of CCTV footages. Items 
typically stolen included food and beverages, alcoholic drinks, personal care products, 
apparels/accessories, and cosmetics. 
 
16 Retailers play a vital role in deterring and pre venting shop theft. The SPF held 
the inaugural Retailers Safety and Security Symposi um on 13 December 2022 to 
facilitate the sharing of best practices in the prevention of shop theft, and to strengthen 
our retailers’ preparedness and response to securit y threats. The Shop Theft 
Awareness for Retailers (STAR) Programme, which was  launched in 2018, was then 
adopted by retailers such as TANGS, Watsons, Puma, and Japan Home, at VivoCity 
and Harbourfront Centre. It was expanded to retailers island-wide in December 2022.  
 
17 Under the STAR Programme, the SPF works closely with the retailer-adopters 
to analyse their store’s risk factors and vulnerabi lities to shop theft. The SPF and 
retailers will then jointly identify effective crim e prevention measures that can be 
implemented. Such initiatives against shop theft ar e based on best practices in the 
industry and SPF’s expertise in safety and security. The SPF will also conduct training 
for the retail staff to enable them to help prevent and deter shop theft during their daily 
Voyeurism 
Shop Theft",0.0,1.0,1.0,0.49999999995
Name one mall that installed anti-voyeurism mirrors by 2023.,Kallang Wave Mall is one of the locations that had installed anti-voyeurism mirrors in its public toilets by 2023.,"This has been implemented in several malls, including Downtown East Singapore, Kallang Wave Mall and the Punggol Regional Library, and will be progressively scaled up to more locations.",Kallang Wave Mall.,"Page 6 of 7 
 
 
Annex A 
 
Quote by Ms. Felice Low, Director, Infrastructure, NTUC Club 
 
In our ongoing commitment to providing a safe and welcoming environment, 
Downtown East has collaborated with the Police to install the anti -voyeurism mirrors 
in our toilets, addressing the concerns about voyeurism. While there are currently no 
voyeurism concerns at our mall, we recogni se the importance of staying ahead of 
potential issues. This collaborative effort reinforces our dedication to the well-being of 
patrons and community, demonstrating that even in the absence of immediate 
concerns, we believe i n taking pre -emptive steps to ensure a safe and secure 
environment for all.   
 
- Ms. Felice Low 
Director, Infrastructure, NTUC Club",0.0,1.0,1.0,0.3333333333
"In 2024, what was the number of physical crime cases?","In 2024, the total number of physical crime cases reported was 19,969.","The total number of physical crime cases reported remained stable at 19,969 in 2024 as compared to 19,966 in 2023.","19,969.","Page 1 of 8 
 
 
 
 
 
 
 
Physical crime cases remained stable in 2024 
 
The total number of physical crime cases reported remained stable at 
19,969 in 2024 as compared to  19,966 in 2023. While there was an increase in 
cases like shop theft and voyeurism, there was a decrease in the number of 
cases of theft in dwelling and outrage of modesty. 
 
 
 
Crimes of concern 
 
2. In 2024, the top crimes of concern included: 
(a) shop theft,  
(b) outrage of modesty, and 
(c) voyeurism  
  
19,498 19,343 20,193 19,966 19,969
0
5,000
10,000
15,000
20,000
25,000
2020 2021 2022 2023 2024
Total Physical Crime Cases
Annual Crime Brief 2024  
Physical Crime Situation 
+0.02% 
-0.8% 
 +4.4% 
 -1.1%",0.0,1.0,1.0,0.9999999999
How much did shop theft increase in 2024 compared to 2023?,"Shop theft cases increased by 7.6%, which is equivalent to 298 cases, in 2024 compared to 2023.","Shop theft cases increased by 7.6% (298 cases) to 4,237 cases in 2024 from 3,939 cases in 2023 and accounted for 21.2% of total physical crime cases.",7.,"Page 2 of 8 
 
 
 
3. Shop theft cases increased by 7.6% (298 cases) to 4,237 cases in 2024 from 
3,939 cases in 2023 and accounted for 21.2% of total physical crime cases. Shop 
theft remains one of the top offences for youths arrested in 2024. 
 
4. The increase  in shop theft cases  may be attributed to more widespread 
adoption of CCTV technolog y by retailers. This has enhanced the retailers’ ability to 
detect shop theft, including those that m ight have gone unnoticed at the time of the 
incident. The Singapore Police Force (SPF) has also been leveraging the improved 
detection capabilities of retailers to  identify and  track down shop theft offenders. 
Additionally, some supermarkets have enhanced their CCTV cameras with features 
such as facial recognition technology. Such technology has allowed retailers to better 
detect repeat offenders at their outlets and assist SPF in apprehending them. This 
enhanced ability is a significant deterrent ; even if the offenders  manage to evade 
immediate detection, they will still face consequences for their actions. 
 
5. The retail outlets with the top 10 highest number of reported shop theft cases 
in 2024 were: 
i) NTUC Fairprice @ Jurong Point 
ii) Watsons @ Suntec City Mall 
iii) Cold Storage @ Plaza Singapura 
iv) NTUC Fairprice @ Ang Mo Kio Hub, and Cold Storage @ Bugis Junction  
v) NTUC Fairprice @ Thomson Plaza  
vi) Cold Storage @ Nex Mall 
vii) Cold Storage @ Great World City 
viii) Sheng Shiong @ Tanglin Halt Road, Mustafa Centre , and Giant 
Hypermart @ Tampines North Drive 2  
ix) Sheng Shiong @ 301 Punggol Central Coralinus  
x) Watsons @ Toa Payoh Central  
 
6. For shop theft cases involving the arrest of youths, majority of the cases 
occurred at supermarkets, beauty shops, personal care/health and wellness shops.  
Shop Theft",0.0,0.0,1.0,0.9999999999
Which supermarket chain joined the STAR Programme in 2024?,"In November 2024, FairPrice Group, which is one of Singapore‚Äôs major supermarket chains, joined the STAR Programme.","FairPrice Group, one of Singapore's major supermarket chains, joined the programme in November 2024.",FairPrice Group.,"Page 3 of 8 
 
 
Items typically stolen included personal care products, food and beverage, and 
cosmetics. There continued to be more cases reported at supermarkets as well as 
personal care/health and wellness shops. The SPF has been actively engaging youths 
to raise awareness of the consequences of shop theft. Working closely with the 
Ministry of Education (MOE), the SPF has implement ed various initiatives, such as 
conducting school talks at least once a year in all MOE schools. Beyond this, there 
are also targeted youth engagement programmes to reinforce crime prevention 
messages. 
 
7. Aside from youths, other efforts by the SPF  to engage the community include 
the “Coffee with a Cop” initiative, house visits, and other crime prevention talks jointly 
organised by the SPF and the National Crime Prevention Council (NCPC). The NCPC 
also taps on its Crime Prevention Ambassadors to regularly engage the public, through 
customised content in vernacular languages.  
 
8. Retailers also play a vital role in deterring and preventing shop theft. In addition 
to its existing collaboration with Sheng Siong and Watsons, the SPF has expanded its 
collaboration with Sephora, Popular and Mustafa Centre to fully onboard all their retail 
outlets islandwide to the Shop Theft Awareness for Retailers (STAR) Programme. As 
of 31 December 2024, there are more than 1 ,000 retail outlets on  the STAR 
Programme. FairPrice Group, one of Singapore’s major supermarket chains, joined 
the programme in November 2024. This expansion demonstrates the growing 
commitment among retailers to participate in collaborative efforts to address shop theft 
and strengthen their retail security measures. 
 
9. Under the STAR Programme, the SPF works closely with retailers to analyse 
their stores’ risk factors and vulnerabilities to shop theft , and jointly identify effective 
and practical crime prevention measures which can be adopted at the different stores. 
Through the programme, retailers such as Popular have put in place enhanced in-
store security measures and surveillance signages for stronger deterrence and",0.7502563216769494,1.0,1.0,0.9999999999
How many OM cases occurred in the public transport network in 2024?,There were 158 Outrage of Modesty (OM) cases reported in the public transport network during 2024.,"Although the number of outrage of modesty (OM) cases decreased by 6.6% (101 cases) to 1,427 in 2024 from 1,528 in 2023, it remains a crime of concern and accounted for 7.1% of the total physical crime cases. More than half of the cases involved culprits known to the victims. There was a decrease in the number of cases in public entertainment (PE) outlets and the public transport network. The top four locations where OM offences were committed were: (a) Residential premises – 356 cases reported in 2024, compared to 374 in 2023. (b) Public transport network – 158 cases reported in 2024, compared to 169 in 2023.",There is no information about OM cases in the public transport network in 2024.,"Reporting such crimes early is crucial in helping the Police identify and arrest the 
perpetrators. 
 
Rise in Outrage of Modesty (OM) Cases 
 
39. OM cases increased to 1,474 cases in 2021, from 1,321 cases in 2020 . This 
increase was partly due to a lower number of OM cases recorded in 2020 because of 
the Circuit Breaker.  In 2019, there were 1,605 OM cases.  OM cases accounted for 
46.3% of all sexual crime cases reported in 2021.  
 
40. Of the 1,474 OM cases in 2021, 915 cases involved culprits known to the victim.  
 
41. The number of OM cases occuring within the public transport system, including 
at public transportation nodes and on public transport, remains a concern. There were 
147 OM cases in 2021 involving culprits unknown to the victim and which occurred on 
the public transport system, compared to 145 the previous year. 
 
42. The Police continue to work closely with public transport operators and partners, 
including the NCPC, to reach  out to commuters to raise awareness. For example, 
posters on voyeurism and OM are prominently displayed on MRT trains, and at train 
stations and bus interchanges. Public education videos on OM are screened at MRT 
stations. In September 2021, advisories on  OM were distributed to commuters who 
were registered on various transport-related mobile apps such as the Land Transport 
Authority (LTA) MyTransport app, SMRTConnect app, and SBS Transit app.  The 
Police also utilise targeted advertising through multiple p latforms including online 
channels such as social media platforms, out-of-home spaces, and advertisements on 
TV and radio. These advisories and videos educate the public on what they can do 
when they encounter such crimes, and remind them to stay vigilant  and report the 
matter to the Police if they encounter anything suspicious. 
 
43. Riders on Watch (ROW), a programme that has been subsumed under the 
CWS, was introduced in 2019 to encourage commuters to be vigilant to crime and 
security concerns while travellin g on the public transport network. ROW taps on 
commuters to act as additional ‘eyes and ears’ on public transport for the Police, with 
volunteers keeping watch for suspicious persons or activities, and providing valuable 
information to the Police. These vo lunteers also receive regular crime advisories 
affecting the public transport system.  
 
Cyber Extortion Cases are a Concern  
 
44. The number of cyber extortion cases increased to 421 cases in 2021, from 245 
cases in 2020. In these cases, criminals typically befriend victims online and 
subsequently coax them into performing compromising or indecent acts in front of a 
camera. Thereafter, the criminals would use the video footage or images to extort 
money or online credits from these victims. In some cases, victims were asked to visit 
a link or to download an app that may result in granting the criminals access to the 
victims’ contact data, which will then be used to extort the victims. The total amount 
lost by victims of cyber  extortion cases was at le ast $1.3 million. The most common 
social media platforms where these cases took place were Facebook, Instagram and 
Tinder.",0.0,1.0,0.0,0.0
What was the increase in voyeurism cases from 2023 to 2024?,"From 2023 to 2024, voyeurism cases increased by 9%, which amounted to an additional 43 cases.","Voyeurism cases increased by 9% (43 cases) to 519 cases in 2024 from 476 cases in 2023, and accounted for 2.6% of total physical crime cases.",52 cases.,"Page 3 of 8 
 
11 Please see Annex B for comments from the Vice-Chairman of NCPC. 
 
 
 
 
12 Voyeurism cases decreased to 424 cases in 2022 f rom 467 in 2021, and 
accounted for 2.1% of total physical crime cases. T he top three locations where 
voyeurism cases occurred were: 
 
a) Residential premises – 142 cases reported in 202 2, compared to 179 in 2021. 
b) Public transport system – 55 cases reported in 2 022, compared to 79 in 2021. 
c) Shopping complexes – 54 cases reported in 2022, compared to 56 in 2021. 
 
13 The cases at residential premises and shopping c omplexes mainly involved 
perpetrators known to the victim such as household members or fellow tenants who 
peeped at victims in toilets, while the cases on pu blic transport typically involved 
perpetrators taking upskirt photos. 
 
14 Members of the public are reminded to stay vigil ant against voyeurism by being 
aware of their surroundings. Like for OM, they are advised to make a police report as 
soon as possible if they are a victim of voyeurism or have witnessed the crime being 
committed. Reporting such crimes early is crucial in helping the SPF identify and arrest 
the perpetrators.  
 
 
 
 
15 Shop theft cases increased to 3,244 cases in 202 2 from 2,652 in 2021, and 
accounted for 16.1% of total physical crime cases. 67.0% of the cases occurred at 
retail chains/shops such as department stores, supe rmarkets, pharmacies, and mini 
marts/convenience stores. Cases were usually detected through suspicious behaviour 
spotted by staff, discovery of missing items during stock-taking, or detection of unpaid 
items by customers at self-checkout terminals via r eview of CCTV footages. Items 
typically stolen included food and beverages, alcoholic drinks, personal care products, 
apparels/accessories, and cosmetics. 
 
16 Retailers play a vital role in deterring and pre venting shop theft. The SPF held 
the inaugural Retailers Safety and Security Symposi um on 13 December 2022 to 
facilitate the sharing of best practices in the prevention of shop theft, and to strengthen 
our retailers’ preparedness and response to securit y threats. The Shop Theft 
Awareness for Retailers (STAR) Programme, which was  launched in 2018, was then 
adopted by retailers such as TANGS, Watsons, Puma, and Japan Home, at VivoCity 
and Harbourfront Centre. It was expanded to retailers island-wide in December 2022.  
 
17 Under the STAR Programme, the SPF works closely with the retailer-adopters 
to analyse their store’s risk factors and vulnerabi lities to shop theft. The SPF and 
retailers will then jointly identify effective crim e prevention measures that can be 
implemented. Such initiatives against shop theft ar e based on best practices in the 
industry and SPF’s expertise in safety and security. The SPF will also conduct training 
for the retail staff to enable them to help prevent and deter shop theft during their daily 
Voyeurism 
Shop Theft",0.0,0.0,0.0,0.0
What new award category will be launched by RAS in 2025?,"In 2025, the Restroom Association of Singapore (RAS) will launch a new award category called the 'Safe Toilet Award'.",The SPF will be working with the RAS to launch a new ‚ÄúSafe Toilet Award‚Äù category at the 2025 ‚ÄúLet‚Äôs Observe Ourselves‚Äù Awards.,The SPF will be working with the RAS to launch a new “Safe Toilet Award” category at the 2025 “Let’s Observe Ourselves” Awards.,"Page 6 of 8 
 
during peak hours. Under the “Spot It. Report it.” campaign, crime prevention 
advisories were also prominently displayed on Police standees located at MRT 
interchanges. Other initiatives include the display of crime prevention advisories and 
intentional environmental design, such as installation of full-height privacy partitions in 
between toilet cubicles. The SPF also collaborated with stakeholders such as the 
Restroom Association of Singapore (RAS) to introduce security design guidelines for 
public toilets (including strategic CCTV cameras’ placement at toilet entrances and 
enhanced lighting systems ). The SPF will be working with the RAS to launch a new 
“Safe Toilet Award” category at the 2025 “Let’s Observe Ourselves” Awards. 
 
18. The SPF will co ntinue to collaborate with community and commercial 
stakeholders to deter voyeurism through public education efforts.  
 
 
 
19. Everyone can contribute to the safety and security of Singapore. This includes 
business operators, such as public transport operators, retail outlet owners and public 
entertainment operators, who have a responsibility towards their customers to prevent, 
deter and detect crime. Implementing precautionary measures against crimes will also 
ensure the sa fety of their own staff and prevent financial losses. Interested 
stakeholders can approach their nearest Neighbourhood Police Centre (NPC) 
for more information on the various anti-crime initiatives by the SPF.   
 
20. Members of the public are also encouraged to sign up as a Community Watch 
Scheme (CWS) member and download the Police@SG mobile app to receive the 
latest crime information, alerts and advisories from the  SPF based on their selected 
Interest Group(s). CWS members can then raise awareness within the community by 
sharing the information with their own network. Additionally, CWS members will also 
receive relevant information about SPF-related events and training sessions.  
  
21. Since June 2024, the SPF have launched the Police Pal storybook series, 
which expanded the Police Pal programme to include the engagement of preschoolers 
in addition to primary school students. As of February 2025, over 1,000 pre -schools 
Everyone Has a Role to Play in Fighting Crime",0.0,1.0,1.0,0.9999999999
How many scam and cybercrime cases were reported in 2023?,"In 2023, a total of 50,376 scam and cybercrime cases were reported.","The number of scam and cybercrime cases increased by 49.6% to 50,376 in 2023, compared to 33,669 cases in 2022.","50,376 cases.","Page 1 of 32 
 
  
 
 
 
 
 
 
 
 
Scams and cybercrime continue to be a key concern. The number of scam and 
cybercrime cases increased by 49.6% to 50,376 in 2023, compared to 33,669 cases 
in 2022.  
 
 
 
2. Scams, including malware -enabled scams, accounted for 92.4% of these 
50,376 cases. The total number of scam cases increased by 46.8% to 46,563 in 2023, 
from 31,728 cases in 2022.  
 
3. Despite the increase in the number of scams cases, the total amount  lost 
registered a slight decrease of 1.3% to $651.8 million in 2023, from $660.7 million 
in 2022. While this is the first time that the total amount lost to scams had dropped in 
the last five years, it remains very significant.  
 
 
11,135
17,775
26,886
33,669
50,376
0
10,000
20,000
30,000
40,000
50,000
60,000
2019 2020 2021 2022 2023
Annual Scams and Cybercrime Brief 2023  
Overall Scams and Cybercrime Situation in 2023 
Total Scam and Cybercrime Cases 
+59.6% 
+51.3% 
+25.2% 
+49.6%",0.0,1.0,1.0,0.9999999999
"What percentage of 2023 scams had losses under $2,000?","In 2023, 55.6% of all reported scam cases resulted in losses of $2,000 or less.","The average amount lost to each of the top five scam types, i.e. job scams, e-commerce scams, fake friend call scams, phishing scams, and investment scams, has generally decreased. Overall, the average amount lost per scam case for all reported scam cases has also decreased, by about 32.8% from $20,824 in 2022 to $13,999 in 2023. 55.6% of scam cases have losses less than or equal to $2,000.",55.,"Page 3 of 30 
 
 
 
6. On the other hand, there were increases in e-commerce scams, phishing 
scams, investment scams, and government official impersonation scams.  
7. The majority of the cases, more than 70%, saw less than $5,000 in losses. 
The median loss per case fell 12.6% from $1,590 in 2023 to $1,389 in 2024.  
8. The increase in total amount lost was driven by a small number of cases 
with very high losses (details in Annex B). Scam cases with losses of at least 
$100,000 made up 3.3% of the scam cases in 2024, but 70.8% of the scam losses. 
Four cases accounted for $237.9 million in losses.  
 
208.1
530.0 514.1 551.5
929.6
57.6
102.0 146.6 100.3
182.8
0.0
200.0
400.0
600.0
800.0
1000.0
1200.0
2020 2021 2022 2023 2024
Total scam losses, less amounts recovered Total amounts recovered
Total Scam Losses and Amounts Recovered (in Millions)
56.1%
16.0%
9.1%
12.4%
3.0% 3.3%
0.0%
10.0%
20.0%
30.0%
40.0%
50.0%
60.0%
$0 to less than
$2,000
$2,000 to less
than $5,000
$5,000 to less
than $10,000
$10,000 to
less than
$50,000
$50,000 to
less than
$100,000
$100,000 and
above
Proportion of scam cases by amount lost in 2024",0.0,1.0,1.0,0.49999999995
What scam type had the most cases in 2023?,"Job scams recorded the highest number of reported cases among all scam types in 2023, with a total of 9,914 cases.","Job scams recorded the highest number of reported cases amongst all the scam types in 2023. There were 9,914 cases reported in 2023, compared to 6,492 cases in 2022, an increase of 52.7%.",Job Scam.,"Page 2 of 22 
 
 
 
 
 
3 However, there were decreases in loan scam cases and internet love scam 
cases. There were 1,031 loan scam cases in 2022, which is a decrease of 54.6% from 
2,273 cases in 2021. The number of internet love scam cases decreased by 20.7% to 
868 in 2022, from 1,094 cases in 2021. Nonetheless, as scammers continue to evolve 
their tactics, we must keep up public vigilance. 
 
 
 
 
 
4 Phishing scams, job scams, e-commerce scams, investment scams, and fake 
friend call scams were the top five scam types of 2022. Of these, e-commerce scams 
has remained among the top five scam types for four consecutive years. These five 
scam types made up 82.5% of the top ten scam types reported in 2022. Please see 
Annex A for the statistics on the top ten scam types. 
 
6,234
9,545
15,651
23,933
31,728
0
5,000
10,000
15,000
20,000
25,000
30,000
35,000
40,000
2018 2019 2020 2021 2022
+53.1%
+64.0%
+52.9%
+32.6%
151.4 170.8
265.7
632.0 660.7
0.0
100.0
200.0
300.0
400.0
500.0
600.0
700.0
800.0
900.0
2018 2019 2020 2021 2022
Top Scam Types 
Total Scam Cases 
Total Amount Lost to All Scams (in millions) 
+12.8% 
+55.6% 
+137.9% 
+4.5%",0.0,1.0,1.0,0.49999999995
Which scam type had the highest losses in 2023?,"In 2023, investment scams resulted in the highest total amount lost, with losses reaching at least $204.5 million.","There were 4,030 investment scam cases reported in 2023, compared to 3,108 cases in 2022, an increase of 29.7%. The total amount lost to investment scams increased by 3.1% to at least $204.5 million in 2023, from at least $198.3 million in 2022. Among the top ten scam types, investment scam recorded the highest amount lost, even though the average amount lost per investment scam case had decreased by 20.5% to $50,754 in 2023 from $63,834 in 2022.","Government officials impersonation scams had the highest average losses at about $103,600 per case.","Page 3 of 32 
 
are also concerned about the sharp increase in number of scams that were 
perpetuated through social media and messaging platforms such as Facebook, 
Instagram, WhatsApp and Telegram.  
 
7. Individual vigilance remains crucial. By staying informed and exercising caution, 
every individual can better protect themselves and each other against scams. 
 
 
 
 
 
8. Job scams, e-commerce scams, fake friend call scams, phishing scams, 
and investment scams were the top five scam types in 2023. These made up 85.5% 
of the top ten scam types reported in 2023, and about 78.4% of all scam types.  
 
Breakdown of scam types by number of cases 
 
 
 
9. Among the top ten scam types in 2023 (see Annex A), government officials 
impersonation scams had the highest average losses at about $103,600 per case, 
followed by investment scams at about $50,700  per case. These two scam types 
involve deception and social engineering conducted over a period of time, using an 
array of complex scam methods.  
 
 
 
 
 
 
Job Scam
9,914
21.3%
E-
Commerce 
Scam
9,783
21.0%Fake Friend 
Call Scam
6,859
14.7%
Phishing 
Scam
5,938
12.8%
Investment 
Scam
4,030
8.7%
Others
2023
46,563
Cases
Top Scam Concerns",0.0,1.0,0.0,0.0
How many malware-enabled scam cases occurred in 2023?,"There were about 1,899 cases in 2023 where victims had malware downloaded onto their phones as part of a scam.","In 2023, there were about 1,899 cases of victims having downloaded malware onto their phones, and the total amount lost was at least $34.1 million.","289 cases in 2024, not 2023.","Page 1 of 32 
 
  
 
 
 
 
 
 
 
 
Scams and cybercrime continue to be a key concern. The number of scam and 
cybercrime cases increased by 49.6% to 50,376 in 2023, compared to 33,669 cases 
in 2022.  
 
 
 
2. Scams, including malware -enabled scams, accounted for 92.4% of these 
50,376 cases. The total number of scam cases increased by 46.8% to 46,563 in 2023, 
from 31,728 cases in 2022.  
 
3. Despite the increase in the number of scams cases, the total amount  lost 
registered a slight decrease of 1.3% to $651.8 million in 2023, from $660.7 million 
in 2022. While this is the first time that the total amount lost to scams had dropped in 
the last five years, it remains very significant.  
 
 
11,135
17,775
26,886
33,669
50,376
0
10,000
20,000
30,000
40,000
50,000
60,000
2019 2020 2021 2022 2023
Annual Scams and Cybercrime Brief 2023  
Overall Scams and Cybercrime Situation in 2023 
Total Scam and Cybercrime Cases 
+59.6% 
+51.3% 
+25.2% 
+49.6%",0.0,0.5,0.0,0.0
Which social media platform was most frequently used to contact scam victims in 2023?,"In 2023, Facebook was the most over-represented social media platform for contacting scam victims, accounting for about 71.7% of such cases.","In 2023, the number of scam cases where scammers contacted victims via social media increased to 13,725 from 7,539 in 2022, with about 71.7% on Facebook, and 18.5% on Instagram.",71.,"Page 10 of 32 
 
11. Scammers tend to reach out to victims through social media, messaging 
platforms, phone calls, online shopping platforms and other websites. These formed 
the top five contact methods. 
 
12. Three products from Meta – Facebook, WhatsApp and Instagram – are of 
particular concern and continue to be over-represented amongst the platforms 
exploited by scammers  to contact potential victims and conduct their scams . 
For case studies on the top five scams perpetrated on Meta platforms, please refer to 
Annex B.  
 
 
 
 
13. In 2023, t he number of scam cases where scammers contacted victims via 
social media increased to 13,725 from 7,539 in 2022, with about 71.7% on Facebook, 
and 18.5% on Instagram.   
 
 
81
384
836
2,625
1,223
1,494
4,818
3,602
7,599
7,539
177
304
762
1,601
1,657
1,677
4,893
7,196
12,368
13,725
Online Streaming Services
Classified Ads
Emails
SMSes
Dating Apps / Dating Websites
Other Websites
Online Shopping Platforms
Phone Calls
Messaging Platforms
Social Media
Breakdown of cases based on top contact methods 
2023 2022",0.0,0.0,1.0,0.99999999995
Which messaging app accounted for the most scam contacts in 2023?,"WhatsApp was the messaging platform most used by scammers to contact victims in 2023, accounting for about 68.0% of such cases.","The number of scam cases where scammers contacted victims via messaging platforms increased to 12,368 in 2023, from 7,599 in 2022, with about 68.0% of the cases via WhatsApp, and 26.5% via Telegram.",WhatsApp.,"Page 12 of 32 
 
 
15. The number of scam cases where scammers contacted victims via messaging 
platforms increased to 12,368 in 2023, from 7,599 in 2022, with about 68.0% of the 
cases via WhatsApp, and 26.5% via Telegram. 
 
16. Among the scam cases where scammers contacted victims via WhatsApp, 51.6% 
were job scams, 12.3% were fake friend call scams and 11.1% were phishing scams.  
WhatsApp
68.0%
Telegram
26.5%
WeChat
3.6%
Others
2.0%
Proportion of Top Messaging Platforms which Scammers 
used to contact Victims",0.0,1.0,1.0,0.9999999999
How many bank accounts did ASCom freeze in 2023?,"In 2023, the Anti-Scam Command (ASCom) froze more than 19,600 bank accounts.","In 2023, the ASCom froze more than 19,600 bank accounts based on reports referred to the Anti-Scam Centre (ASC) and recovered more than $100 million.","16,700 bank accounts were frozen in 2022.","Page 12 of 22 
 
Compromise’, which were spoofed emails purporting to be from the victims’ busine ss 
clients. As a result, the victims  were defrauded into making large transactions 
amounting to USD 15.5 million to bank accounts held with DBS. Upon receipt of the 
report, ASCom worked immediately with DBS to conduct fund flow tracing, which led 
to the swift recovery of some of the funds.  
 
b) Other law enforcement interventions 
 
16 The ASC also works closely with local telecommunication companies  to 
terminate mobile lines which are found to have been used for scams . The ASC also 
works closely with social media platforms and online marketplaces to remove 
suspicious accounts and advertisements. In 2022, more than 6,500 such mobile lines 
were terminated, and more than 3,100 online monikers and advertisements involved 
in suspected scams were removed. The ASC also engaged WhatsApp on more than 
22,800 WhatsApp lines which were believed to be used in scams in 2022.  
 
17 In January 2022, SPF conducted simultaneous raids targeting 17 handphone 
shops in a nine -hour island wide operation t o target those who fraudulently exploit 
registered prepaid SIM cards as an anonymous  channel of communications for illicit 
activities such as unlicensed moneylending, scams , and vice . Ten persons were 
arrested for their suspected involvement in fraudulently registering prepaid SIM cards 
using the particulars of unsuspecting customers or f oreigners who have not entered 
or have left Singapore. 24 others are assisting with investigations.  
 
18 SPF continues to take tough anti -scam enforcement actions against local 
scammers and money mules. In 2022, ASCom, together with the Scam Strike Teams 
in the seven Land Divisions, conducted 25 island wide anti -scam enforcement 
operations, leading to the investigation of more than 8,000 money mules and 
scammers. 
 
c) Collaboration with foreign law enforcement agencies 
 
19 The vast majority of online scams are perpetrated by scammers based outside 
Singapore. Such cases are difficult to investigate and prosecute . The success of our 
efforts to solve these cases will depend on the level of cooperation from overseas law 
enforcement agencies, as well as their ability to track down the scammers in their 
jurisdiction. These scammers are typically part of organised criminal groups a nd run 
sophisticated transnational operations which are not easy to uncover or dismantle. 
Where mon ies have been transferred outside Singapore, recovery is very difficult. 
Nonetheless, SPF continues to work closely with foreign counterparts and partners 
such as the Royal Malaysia Police and Interpol, to exchange information and conduct 
joint investigations and operations against transnational scams. 
 
20 In 2022, the close collaboration between SPF and overseas law enforcement 
agencies led to the  successful take-down of 13 scam syndicates comprising six job 
scam syndicates, three government officials impersonation scam syndicates, two 
phishing scam syndicates and two Internet love scam syndicates . More  than 70 
persons based overseas , who were responsible for more than 280  cases, were 
arrested.",0.0,1.0,0.0,0.0
How many scam websites were blocked in 2023?,"The Singapore Police Force worked with Internet Service Providers to block over 25,000 scam websites in 2023.","In 2023, SPF worked with local Internet Service Providers to block over 25,000 scam websites.",0.,"Page 12 of 32 
 
 
15. The number of scam cases where scammers contacted victims via messaging 
platforms increased to 12,368 in 2023, from 7,599 in 2022, with about 68.0% of the 
cases via WhatsApp, and 26.5% via Telegram. 
 
16. Among the scam cases where scammers contacted victims via WhatsApp, 51.6% 
were job scams, 12.3% were fake friend call scams and 11.1% were phishing scams.  
WhatsApp
68.0%
Telegram
26.5%
WeChat
3.6%
Others
2.0%
Proportion of Top Messaging Platforms which Scammers 
used to contact Victims",0.0,0.0,0.0,0.0
How many scam syndicates were dismantled with foreign help in 2023?,"In 2023, collaborative efforts with overseas law enforcement agencies led to the successful takedown of 19 scam syndicates.","In 2023, the close collaboration between SPF and overseas law enforcement agencies led to the successful take-down of 19 scam syndicates comprising eight job scam and money laundering syndicates, six fake friend call scam syndicates, three phishing scam syndicates and two Internet love scam syndicates.",19.,"Page 13 of 30 
 
in supporting ASCom in swift intervention in scam cases on these platforms and 
proactively detecting and taking down scam-tainted online monikers and suspicious 
advertisements. 
Collaboration with foreign law enforcement agencies 
37. Most online scams are perpetrated by scammers based outside of Singapore, 
making such cases difficult to investigate and prosecute. The SPF continues to work 
closely with foreign counterparts and partners such as the Royal Malaysia Police and 
INTERPOL by exchanging information and conducting joint investigations and 
operations. 
Takedown of scam syndicates through collaboration with overseas law 
enforcement agencies 
38. In 2024, the close collaboration between the SPF and overseas law 
enforcement agencies resulted in the successful takedown of 16 transnational 
scam syndicates comprising four fake friend call syndicates, eight suspected money 
laundering cells, one phishing scam syndicate, one technical support scam syndicate, 
one business email compromise scam syndicate, and one investment scam syndicate. 
More than 150 persons based overseas who were responsible for more than 2,300 
transnational scam cases involving losses of more than $58 million, were arrested. 
39. Fake friend call scams recorded a decrease of 39.1% in cases, with a 41.1% 
decrease in losses in 2024. This can be attributed to the collaboration between the 
SPF and the Royal Malaysia Police to dismantle three fake friend call scam syndicates 
operating from Johor Bahru, Malaysia, leading to the arrest of 19 overseas syndicate 
members.  
Participation in internationally coordinated scam operations 
40. The SPF participated in INTERPOL’s Operation HAECHI V, where more than 
1,600 subjects involved in scams were investigated and more than 5,100 bank 
accounts were blocked, seizing more than $54.8 million. More than 1,000 virtual 
accounts were blocked, resulting in the seizure of more than $798,000 in virtual 
assets.  
International cooperation for asset recovery 
41. In July 2024, a Singapore commodities firm fell prey to a Business Email 
Compromise Scam and paid US$42.3 million (approximately $57.2 million) to a 
fraudulent bank account in Timor-Leste. Swift actions by the ASC, INTERPOL and 
Timor-Leste authorities led to the interception of US$39.3 million. Further 
investigations resulted in nine arrests and the recovery of an additional US$2.7 million.",0.0,1.0,1.0,0.49999999995
When was the ScamShield app launched?,"The ScamShield mobile application was launched by the National Crime Prevention Council on November 20, 2020.","To filter out SMSes and phone calls sent and made by scammers, the National Crime Prevention Council (NCPC) launched ScamShield ‚Äì a new mobile application (app) ‚Äì on 20 November 2020.",20 November 2020 for iOS and 28 September 2022 for Android.,"Page 15 of 30 
 
Increasing accessibility to self-help anti-scam resources 
Launch of ScamShield Suite 
46. The SPF, the National Crime Prevention Council (NCPC) and Open 
Government Products (OGP) jointly launched the ScamShield Suite on 27 September 
2024. 
47. ScamShield was expanded from an app to a suite of four anti-scam resources 
which aims to enable members of the public to better protect themselves against 
scams by  – (a) providing a one-stop solution for members of the public (MOPs) to 
access scam-related information; (b) improving ease and speed with which MOPs can 
find information on scams; (c) improving public recollection and understanding of the 
resources; and (d) increasing usage of these anti-scam resources: 
i. 24/7 ScamShield Helpline 1799 – Call to check if they are unsure if 
something is a scam; 
ii. Enhanced ScamShield app – Block scam calls and detect scam SMSes; 
check if something is a scam ; share information on scam encounters with 
authorities; 
iii. ScamShield website (www.scamshield.gov.sg) – One-stop portal on scams; 
learn about latest scam trends and protective measures; 
iv. ScamShield Alert channels – Receive latest information on scams and 
protective actions. 
48. Since the launch of the ScamShield Suite, the usage and adoption of anti-scam 
resources have increased significantly. NCPC’s anti-scam helpline previously 
received approximately 14 calls a day in 2023. The newly launched 24/7 
ScamShield helpline currently receives around 500 calls daily. The ScamShield 
app saw an increase in downloads from 944,000 before the launch of the 
enhanced app, to over 1.18 million downloads. The ScamShield Alert social media 
channels saw an increase from 35,000 subscribers to 78,800 subscribers, and the 
new ScamShield website has been visited by over 1.2 million visitors since the launch. 
Raising awareness on anti-scam protective measures and on scam types 
“I can ACT against Scams” campaign  
49. The SPF, supported by the NCPC, will continue to promote the “I can ACT 
against Scams” campaign. Launched in January 2023, the objective of the campaign 
is to encourage people to take protective actions against scams. The campaign 
promotes three simple anti-scam actions – Add, Check, Tell. From January 2023 to 
October 2024, the campaign focused on the “Add” part of the framework, to encourage",0.0,1.0,1.0,0.49999999995
"In 2024, what was the total loss from scams?",The total amount lost from scams in 2024 increased to at least $1.1 billion.,"Scams accounted for 92.3% of these 55,810 cases. The total number of scam cases increased by 10.6% to 51,501 cases in 2024, from 46,563 cases in 2023. The total amount lost increased by 70.6% to at least $1.1 billion in 2024, from at least $651.8 million in 2023.",$51.,"Page 24 of 30 
 
This is largely attributed to a single case where about $21.7 million was 
lost in cryptocurrency. 
o In this case of social media impersonation scam, the victim made 
cryptocurrency transfers under the impression that he was 
communicating with a known contact (e.g. company director) via 
Telegram. 
It is estimated that the amount lost in the four scam cases involving very high 
losses mentioned above, accounted for 21.4% of the total scam losses in 2024.",0.0,0.0,0.0,0.3333333333
What was the proportion of self-effected transfer scams in 2024?,"In 2024, scams that involved self-effected transfers accounted for 82.4% of all reported scam cases.","In 2024, self-effected transfers accounted for 82.4% of total reported scam cases.",82.,"Page 4 of 30 
 
9. In 2024, self-effected transfers accounted for 82.4% of total reported scam 
cases. In most of these cases, the scammers did not gain direct control of the victims’ 
accounts, but manipulated victims into performing the monetary transactions, by 
means of deception and social engineering. 
 Scam and Cybercrime Types of Concern 
10. In terms of case numbers, e-commerce scams, job scams, phishing scams, 
investment scams and fake friend call scams were the top five scam types in 2024.  
 
Breakdown of scam types by number of cases 
 
 
11. In terms of the total amount lost, investment scams, job scams, government 
officials impersonation scams, malware-enabled scams, and business email 
compromise scams were the top five scam types in 2024.  
 
 
 
 
 
E-commerce 
Scam
11,665
22.7%
Job Scam
9,043
17.6%
Phishing Scam
8,552
16.6%
Investment 
Scam
6,814
13.2%
Fake Friend 
Scam
4,179
8.1%
Others
11,248
21.8%
2024
51,501 
cases",0.7460601898326428,0.0,1.0,0.9999999999
Which scam type had the most reported cases in 2024?,"E-commerce scams recorded the highest number of reported cases in 2024, with a total of 11,665 incidents.","E-commerce scams recorded the highest number of reported cases among all scam types in 2024, with 11,665 cases reported and at least $17.5 million lost.","E-commerce scams recorded the highest number of reported cases among all scam types in 2024, with 11,665 cases reported.","Page 5 of 30 
 
Breakdown of scam types in terms of amount lost (in millions) 
 
 
12. 2024 saw sharp increases in both the number of cases reported and the 
amount lost for phishing scams, investment scams, and government officials 
impersonation scams.  
a) E-commerce scams 
i. E-commerce scams recorded the highest number of reported cases 
among all scam types in 2024, with 11,665 cases reported and at least 
$17.5 million lost. Concert tickets was the top item involved in e-
commerce scams. 
ii. The majority of e-commerce scam victims were aged 30 to 49, 
accounting for 45.1% of victims for this scam type. The most common 
platforms on which e-commerce scams were conducted included 
Facebook, Carousell, and Telegram.  
b) Investment scams 
i. Investment scams recorded the fourth highest number of reported 
cases among all scam types in 2024, with 6,814 investment scam 
cases reported. The total amount lost to investment scams in 2024, on 
the other hand, is the highest amongst the various scam types, at least 
$320.7 million. The Police would like to highlight an approach which 
saw increased prevalence in 2024, where victims were added into 
Investment 
Scam
$320.7M
28.8%
Job Scam
$156.2M
14.0%
Government Officials 
Impersonation Scam
$151.3M
13.6%
Malware-
enabled Scam
$129.1M
11.6%
Business 
Email 
Compromise 
Scam
$88.5M
8.0%
Others
$266.3M
23.9%
2024
$1.1B lost",0.9708990042972124,1.0,1.0,0.99999999995
Which scam type had the highest monetary losses in 2024?,"Investment scams resulted in the highest total amount lost in 2024, at least $320.7 million.","The total amount lost to investment scams in 2024, on the other hand, is the highest amongst the various scam types, at least $320.7 million.",Investment scams.,"Page 5 of 30 
 
Breakdown of scam types in terms of amount lost (in millions) 
 
 
12. 2024 saw sharp increases in both the number of cases reported and the 
amount lost for phishing scams, investment scams, and government officials 
impersonation scams.  
a) E-commerce scams 
i. E-commerce scams recorded the highest number of reported cases 
among all scam types in 2024, with 11,665 cases reported and at least 
$17.5 million lost. Concert tickets was the top item involved in e-
commerce scams. 
ii. The majority of e-commerce scam victims were aged 30 to 49, 
accounting for 45.1% of victims for this scam type. The most common 
platforms on which e-commerce scams were conducted included 
Facebook, Carousell, and Telegram.  
b) Investment scams 
i. Investment scams recorded the fourth highest number of reported 
cases among all scam types in 2024, with 6,814 investment scam 
cases reported. The total amount lost to investment scams in 2024, on 
the other hand, is the highest amongst the various scam types, at least 
$320.7 million. The Police would like to highlight an approach which 
saw increased prevalence in 2024, where victims were added into 
Investment 
Scam
$320.7M
28.8%
Job Scam
$156.2M
14.0%
Government Officials 
Impersonation Scam
$151.3M
13.6%
Malware-
enabled Scam
$129.1M
11.6%
Business 
Email 
Compromise 
Scam
$88.5M
8.0%
Others
$266.3M
23.9%
2024
$1.1B lost",0.0,1.0,1.0,0.9999999999
Which messaging app saw a nearly 96% increase in scam cases in 2024?,"In 2024, the number of scam cases perpetrated on the Telegram messaging app increased by about 95.7%.",The number of scam cases perpetrated on Telegram saw an increase of about 95.7% in 2024.,Telegram saw a nearly 96% increase in scam cases in 2024.,"Page 12 of 32 
 
 
15. The number of scam cases where scammers contacted victims via messaging 
platforms increased to 12,368 in 2023, from 7,599 in 2022, with about 68.0% of the 
cases via WhatsApp, and 26.5% via Telegram. 
 
16. Among the scam cases where scammers contacted victims via WhatsApp, 51.6% 
were job scams, 12.3% were fake friend call scams and 11.1% were phishing scams.  
WhatsApp
68.0%
Telegram
26.5%
WeChat
3.6%
Others
2.0%
Proportion of Top Messaging Platforms which Scammers 
used to contact Victims",0.9224286037785477,1.0,1.0,0.5833333333041666
Which new law allows police to restrict banking transactions of likely scam victims?,"The Protection from Scams Bill, passed in January 2025, empowers the Police to restrict the banking transactions of an individual believed to be a likely scam victim.","In January 2025, Parliament passed the Protection from Scams Bill. The Bill empowers the Police to issue a Restriction Order (RO) to banks to restrict the banking transactions of an individual if there is reason to believe that the individual is likely to make money transfers to a scammer.",The Protection from Scams Bill.,"Page 11 of 30 
 
ii. To provide, as an option for users, payment protection mechanisms 
that require delivery of goods or services to be verified, before 
payment is released to the sellers. 
Passing of the Protection from Scams Bill in Parliament 
27. Despite the various banking measures implemented (e.g., Money Lock and kill-
switch) and extensive public education efforts over the years, the number of scams 
involving self-effected transfers - where individuals willingly transfer monies to 
scammers - remains high (82.4% of total reported scam cases in 2024). In some of 
these cases, the individuals were so taken in by the scammers’ deceit, that they 
refused to believe that they were being scammed despite repeated advice from loved 
ones, their bank, and even the Police.  
28. In January 2025, Parliament passed the Protection from Scams Bill. The Bill 
empowers the Police to issue a Restriction Order (RO) to banks to restrict the banking 
transactions of an individual if there is reason to believe that the individual is likely to 
make money transfers to a scammer. This will give the Police more time to engage 
and convince the individual that he or she is being scammed.  
29. The Protection from Scams Act will be operationalised in 2025. 
Law enforcement interventions and operations 
Enforcement operations against scammers and money mules 
30. In 2024, the ASCom, together with the Scam Strike Teams in the seven 
Police Land Divisions, conducted 25 island-wide anti-scam enforcement 
operations, leading to the investigation of more than 8,000 money mules and 
scammers. Police have charged more than 660 scammers and money mules in Court, 
including more than 110 of them under the new laws of the CDSA and CMA. 
Enforcement operations against the misuse of SIM cards 
31. ASCom launched a series of enforcement operations in 2024 to address the 
misuse of SIM cards in scam activities. These included crackdowns on unscrupulous 
SIM card retailers who had abused their position by registering additional SIM cards 
under their customers’ names without the customers’ awareness or permission, and 
actions against individuals and criminal organisations offering One-Time-Password 
(OTP) services for activating messaging and chat applications. These illegal OTP 
services utilised mobile numbers associated with pre-registered SIM cards. 
32. These operations resulted in the seizure of over 31,000 SIM cards and the 
arrest of 13 individuals, including two Malaysian runners who were linked to a 
syndicate operating in Malaysia, who allegedly procured prepaid SIM cards from 
convenience stores in Singapore and brought them back to Malaysia for the",0.0,1.0,1.0,0.9999999999
How many mobile lines did the SPF disrupt in 2024?,"In 2024, the Singapore Police Force disrupted more than 57,700 scam-related mobile lines.","In 2024, the SPF disrupted more than 57,700 mobile lines, more than 40,500 WhatsApp lines, more than 33,600 online monikers and advertisements, and more than 44,900 websites that were scam-related.","57,700.","Page 12 of 30 
 
syndicate’s illicit activities. Two retailers were also arrested, for their suspected 
involvement in fraudulent registration of prepaid/postpaid SIM cards, and one of 
them has since been charged in Court in January 2025. 
Partnerships to disrupt online criminal content and activities and enforce 
against scams  
33. The SPF collaborated with Government Technology Agency of Singapore 
(GovTech) and HTX (Home Team Science and Technology Agency) to develop the 
Scam Analytics and Tactical Intervention System (SATIS), which leverages artificial 
intelligence and machine learning to triage, assess and disrupt scam-related websites 
swiftly. A similar system called SATIS+ was built to disrupt online monikers, with 
planned improvements to disrupt other scam enablers such as payment channels and 
mobile numbers. 
34. In 2024, the SPF disrupted more than 57,700 mobile lines, more than 
40,500 WhatsApp lines, more than 33,600 online monikers and advertisements, 
and more than 44,900 websites that were scam-related. This is a significant 
increase in disruptions as compared to 2023, and was done through collaborations 
with major industry stakeholders such as Meta, Carousell, Google and the 
telecommunications companies.  
Disrupted asset 2023 2024 % increase 
Mobile lines > 9,200 > 57,700 > 527% 
WhatsApp lines > 29,200 > 40,500 > 38% 
Online monikers and 
advertisements 
> 4,100 > 33,600 > 719% 
Websites > 25,000 > 44,900 > 79% 
 
35. The ASCom has also expanded its partnerships to more than 120 institutions, 
including financial institutions, card security groups, fintech companies, 
cryptocurrency houses, remittance service providers, INTERPOL and overseas law 
enforcement agencies from jurisdictions such as Hong Kong SAR and Malaysia, to 
facilitate the swift freezing of accounts and recovery of funds and mitigate victim 
losses. This is achieved through establishing direct communication channels with 
these partners. In 2024, the ASCom froze more than 21,000 bank accounts based 
on reports referred to the ASC and recovered more than $182 million. 
36. In particular, the co-location initiative was expanded to include the co-location 
of Carousell and Shopee staff within ASCom in 2024. This initiative was instrumental",0.0,1.0,1.0,0.9999999999
How many transnational scam syndicates were dismantled in 2024?,A total of 16 transnational scam syndicates were taken down in 2024 through collaboration with overseas law enforcement agencies.,"In 2024, the close collaboration between the SPF and overseas law enforcement agencies resulted in the successful takedown of 16 transnational scam syndicates...",16 transnational scam syndicates were dismantled in 2024.,"Page 13 of 30 
 
in supporting ASCom in swift intervention in scam cases on these platforms and 
proactively detecting and taking down scam-tainted online monikers and suspicious 
advertisements. 
Collaboration with foreign law enforcement agencies 
37. Most online scams are perpetrated by scammers based outside of Singapore, 
making such cases difficult to investigate and prosecute. The SPF continues to work 
closely with foreign counterparts and partners such as the Royal Malaysia Police and 
INTERPOL by exchanging information and conducting joint investigations and 
operations. 
Takedown of scam syndicates through collaboration with overseas law 
enforcement agencies 
38. In 2024, the close collaboration between the SPF and overseas law 
enforcement agencies resulted in the successful takedown of 16 transnational 
scam syndicates comprising four fake friend call syndicates, eight suspected money 
laundering cells, one phishing scam syndicate, one technical support scam syndicate, 
one business email compromise scam syndicate, and one investment scam syndicate. 
More than 150 persons based overseas who were responsible for more than 2,300 
transnational scam cases involving losses of more than $58 million, were arrested. 
39. Fake friend call scams recorded a decrease of 39.1% in cases, with a 41.1% 
decrease in losses in 2024. This can be attributed to the collaboration between the 
SPF and the Royal Malaysia Police to dismantle three fake friend call scam syndicates 
operating from Johor Bahru, Malaysia, leading to the arrest of 19 overseas syndicate 
members.  
Participation in internationally coordinated scam operations 
40. The SPF participated in INTERPOL’s Operation HAECHI V, where more than 
1,600 subjects involved in scams were investigated and more than 5,100 bank 
accounts were blocked, seizing more than $54.8 million. More than 1,000 virtual 
accounts were blocked, resulting in the seizure of more than $798,000 in virtual 
assets.  
International cooperation for asset recovery 
41. In July 2024, a Singapore commodities firm fell prey to a Business Email 
Compromise Scam and paid US$42.3 million (approximately $57.2 million) to a 
fraudulent bank account in Timor-Leste. Swift actions by the ASC, INTERPOL and 
Timor-Leste authorities led to the interception of US$39.3 million. Further 
investigations resulted in nine arrests and the recovery of an additional US$2.7 million.",0.0,1.0,1.0,0.9999999999
How much in potential losses was averted via Project A.S.T.R.O. in 2024?,"In 2024, the proactive victim-centric approach of Project A.S.T.R.O. averted over $420 million of potential losses.",This proactive victim-centric approach averted over $420 million of potential losses.,Over $420 million of potential losses were averted.,"Page 14 of 30 
 
42. In October 2024, the SPF formalised “FRONTIER+” with the anti-scam 
units of five countries and jurisdictions, namely Hong Kong SAR, Malaysia, 
Maldives, South Korea and Thailand, to galvanise an alliance to step up 
collective efforts in asset recovery. FRONTIER+ seeks to enhance collaboration in 
disrupting scammers’ operations, mitigating financial losses for victims, and fostering 
capability building through the sharing of best practices. This initiative will significantly 
strengthen international efforts in combating cross-border scams and recovering 
illicitly transferred funds. Through this network, the ASC assisted Malaysia’s National 
Scam Response Centre to recover more than RM378,400 linked to a case of 
investment scam in December 2024. 
Engagement 
Project A.S.T.R.O. – Leveraging mass distribution of SMSes to alert scam 
victims 
43. To complement enforcement, the ASCom also focused on upstream 
interventions to identify and alert victims and leveraged technology to strengthen its 
sense-making capabilities. Through the ‘Automation of Scam-fighting Tactics & 
Reaching Out’, also known as Project A.S.T.R.O., the ASCom works with banks such 
as OCBC, UOB and DBS in automating information-sharing, information-processing 
and mass distribution of SMS alerts to scam victims. Many of these victims only 
realised that they had fallen prey to scams after receiving SMS alerts from the Police 
advising them to immediately cease any further monetary transfers. Through six joint 
operations in 2024 between ASC and the partnering banks, more than 77,100 SMSes 
were sent to alert more than 55,600 victims. This proactive victim-centric approach 
averted over $420 million of potential losses. 
Proactive interventions with potential scam victims 
44. The ASCom and the Community Policing Units (CPUs) of the Police Land 
Divisions regularly conduct joint proactive interventions with potential scam victims. 
These victims were referred by the financial institutions as they had attempted 
monetary transfers observed to be suspicious. In 2024, more than 550 such 
interventions were conducted, averting more than $63.3 million of potential 
losses. 
Education 
45. SPF has continued its public education efforts to encourage individuals to 
proactively adopt anti-scam measures, and raise awareness on scam types, including 
through partnerships with community stakeholders to co-create and amplify anti-scam 
initiatives.",0.0,1.0,1.0,0.9999999999
When was the ScamShield Suite launched?,"The ScamShield Suite was jointly launched by the SPF, the National Crime Prevention Council (NCPC), and Open Government Products (OGP) on September 27, 2024.","The SPF, the National Crime Prevention Council (NCPC) and Open Government Products (OGP) jointly launched the ScamShield Suite on 27 September 2024.",27 September 2024.,"Page 15 of 30 
 
Increasing accessibility to self-help anti-scam resources 
Launch of ScamShield Suite 
46. The SPF, the National Crime Prevention Council (NCPC) and Open 
Government Products (OGP) jointly launched the ScamShield Suite on 27 September 
2024. 
47. ScamShield was expanded from an app to a suite of four anti-scam resources 
which aims to enable members of the public to better protect themselves against 
scams by  – (a) providing a one-stop solution for members of the public (MOPs) to 
access scam-related information; (b) improving ease and speed with which MOPs can 
find information on scams; (c) improving public recollection and understanding of the 
resources; and (d) increasing usage of these anti-scam resources: 
i. 24/7 ScamShield Helpline 1799 – Call to check if they are unsure if 
something is a scam; 
ii. Enhanced ScamShield app – Block scam calls and detect scam SMSes; 
check if something is a scam ; share information on scam encounters with 
authorities; 
iii. ScamShield website (www.scamshield.gov.sg) – One-stop portal on scams; 
learn about latest scam trends and protective measures; 
iv. ScamShield Alert channels – Receive latest information on scams and 
protective actions. 
48. Since the launch of the ScamShield Suite, the usage and adoption of anti-scam 
resources have increased significantly. NCPC’s anti-scam helpline previously 
received approximately 14 calls a day in 2023. The newly launched 24/7 
ScamShield helpline currently receives around 500 calls daily. The ScamShield 
app saw an increase in downloads from 944,000 before the launch of the 
enhanced app, to over 1.18 million downloads. The ScamShield Alert social media 
channels saw an increase from 35,000 subscribers to 78,800 subscribers, and the 
new ScamShield website has been visited by over 1.2 million visitors since the launch. 
Raising awareness on anti-scam protective measures and on scam types 
“I can ACT against Scams” campaign  
49. The SPF, supported by the NCPC, will continue to promote the “I can ACT 
against Scams” campaign. Launched in January 2023, the objective of the campaign 
is to encourage people to take protective actions against scams. The campaign 
promotes three simple anti-scam actions – Add, Check, Tell. From January 2023 to 
October 2024, the campaign focused on the “Add” part of the framework, to encourage",0.0,1.0,1.0,0.9999999999
How many ScamShield app downloads were there after its enhancement in 2024?,"After the enhanced app was launched, ScamShield downloads increased to over 1.18 million.","The ScamShield app saw an increase in downloads from 944,000 before the launch of the enhanced app, to over 1.18 million downloads.",1.,"Page 15 of 30 
 
Increasing accessibility to self-help anti-scam resources 
Launch of ScamShield Suite 
46. The SPF, the National Crime Prevention Council (NCPC) and Open 
Government Products (OGP) jointly launched the ScamShield Suite on 27 September 
2024. 
47. ScamShield was expanded from an app to a suite of four anti-scam resources 
which aims to enable members of the public to better protect themselves against 
scams by  – (a) providing a one-stop solution for members of the public (MOPs) to 
access scam-related information; (b) improving ease and speed with which MOPs can 
find information on scams; (c) improving public recollection and understanding of the 
resources; and (d) increasing usage of these anti-scam resources: 
i. 24/7 ScamShield Helpline 1799 – Call to check if they are unsure if 
something is a scam; 
ii. Enhanced ScamShield app – Block scam calls and detect scam SMSes; 
check if something is a scam ; share information on scam encounters with 
authorities; 
iii. ScamShield website (www.scamshield.gov.sg) – One-stop portal on scams; 
learn about latest scam trends and protective measures; 
iv. ScamShield Alert channels – Receive latest information on scams and 
protective actions. 
48. Since the launch of the ScamShield Suite, the usage and adoption of anti-scam 
resources have increased significantly. NCPC’s anti-scam helpline previously 
received approximately 14 calls a day in 2023. The newly launched 24/7 
ScamShield helpline currently receives around 500 calls daily. The ScamShield 
app saw an increase in downloads from 944,000 before the launch of the 
enhanced app, to over 1.18 million downloads. The ScamShield Alert social media 
channels saw an increase from 35,000 subscribers to 78,800 subscribers, and the 
new ScamShield website has been visited by over 1.2 million visitors since the launch. 
Raising awareness on anti-scam protective measures and on scam types 
“I can ACT against Scams” campaign  
49. The SPF, supported by the NCPC, will continue to promote the “I can ACT 
against Scams” campaign. Launched in January 2023, the objective of the campaign 
is to encourage people to take protective actions against scams. The campaign 
promotes three simple anti-scam actions – Add, Check, Tell. From January 2023 to 
October 2024, the campaign focused on the “Add” part of the framework, to encourage",0.0,0.0,1.0,0.9999999999
Which web game did the NCPC launch in October 2024?,"On October 24, 2024, the National Crime Prevention Council (NCPC) launched a web game called #XiamTheScams.",The #XiamTheScams web game was launched on 24 October 2024 by the NCPC.,The #XiamTheScams web game.,"Page 17 of 30 
 
#XiamTheScams web game by NCPC 
53. The #XiamTheScams web game was launched on 24 October 2024 by the 
NCPC. The game, which concluded on 22 January 2025, engaged over 519,000 
players over the three-month long game period. Designed as a fun, educational, and 
easy-to-play life simulator, the game sought to raise public awareness of common 
scams in Singapore and anti-scam protective measures. Players navigated real-life-
inspired scenarios, and made strategic decisions to overcome challenges, while 
learning to identify and avoid scams.  
‘Cyber Guardians on Watch’ interest group of the Community Watch Scheme 
54. The ‘Cyber Guardians on Watch’ was launched during the Police Workplan 
Seminar on 24 May 2024 as part of an effort to tackle a broad range of cybercrimes. 
Members of the ‘Cyber Guardians on Watch’ come from all walks of life and are 
encouraged to be the SPF’s eyes and ears to report any suspicious activity on and 
safeguard our cyberspace. Members receive targeted cybercrime-related information, 
alerts and advisories from the Police through the Police@SG app. They help to amplify 
the alert messages by sharing such information with their family and friends. As of 31 
December 2024, there were more than 32,000 members in the Cyber Guardians on 
Watch interest group.  
Cyber Crime Prevention Ambassador Programme 
55. To strengthen its efforts against cybercrime and scams and galvanise 
individuals to take a more active role in safeguarding themselves, NCPC  launched 
the Cyber Crime Prevention Ambassador (Cyber CPA) programme in May 2024. This 
group of volunteers has undergone training and are deployed at roadshows and 
community events to disseminate cybercrime prevention messages. The Cyber CPAs 
has since reached out to more than 8,000 members of the public across 21 events 
over the past six months.  
E-commerce Marketplace Transaction Safety Rating  
56. The E-commerce Marketplace Transaction Safety Rating (TSR) was launched 
in May 2022 to raise consumer awareness of the extent to which different e-commerce 
marketplaces have put in place safety features to protect their users from scams.  
57. MHA encourages all e-commerce marketplaces to put in place the 
recommended safeguards, specifically user verification against Government-issued 
documentation and secure payment options. These measures have proven to be 
effective in combatting scams. Specifically, several e-commerce marketplaces which 
have implemented the recommended safety features under the TSR (e.g. Amazon, 
Lazada) have seen significantly fewer scams than other platforms.",0.0,1.0,1.0,0.9999999999
What was the uptake of the Money Lock feature by the end of 2024?,"As of December 31, 2024, more than 245,000 customers had used the Money Lock feature, setting aside nearly $20.9 billion in savings.","As at 31 December 2024, more than 245,000 customers have utilised Money Lock, with close to $20.9 billion of savings set aside.","More than 245,000 customers had utilised Money Lock, with close to $20.","Page 18 of 30 
 
Whole of Government Efforts to Fight Scams 
Anti-scam measures by the Monetary Authority of Singapore 
58. MAS continues to collaborate with the financial industry, the Police and other 
Government agencies in implementing collective defences against scams. 
59. To further address phishing risks, the major retail banks have phased out the 
use of One-Time Passwords (OTP) for bank account logins by digital token (DT) users, 
further protecting users from unauthorised access to their bank accounts. They have 
also implemented Singpass Face Verification for higher risk scenarios in the DT setup 
process, in addition to the 12-hour cooling period for DT setup. This will make it more 
difficult for a scammer to take over a customer’s DT by setting it up on his own device.   
60. Since its introduction in November 2023, usage of the Money Lock3 feature has 
risen as banks improve the ease and convenience for funds to be placed under Money 
Lock. As at 31 December 2024, more than 245,000 customers have utilised Money 
Lock, with close to $20.9 billion of savings set aside. From February to March 2024, 
the SPF, NCPC and MAS jointly ran a publicity campaign which utilised both social 
media and out-of-home channels to raise awareness and encourage the adoption of 
Money Lock. Banks will also continue publicity efforts to encourage their customers to 
use Money Lock, especially among the elderly. 
61. On 16 December 2024, MAS and the Infocomm Media Development Authority 
(IMDA) implemented the Shared Responsibility Framework (SRF). The SRF 
complements anti-scam measures by strengthening the direct accountability of 
financial institutions and telecommunications providers to consumers for losses 
incurred from phishing scams.   
62. MAS will continue to work with financial institutions on anti-scam measures as 
the threat landscape evolves. As this could inevitably introduce more notifications and 
checks on legitimate transactions, customers should be prepared for some 
inconvenience in digital banking and payments, in exchange for enhanced security.   
Anti-scam measures by the Cyber Security Agency of Singapore 
63. In February 2024, the Cyber Security Agency of Singapore (CSA) partnered 
Google on a pilot for Enhanced Fraud Protection (EFP) within Google Play Protect in 
Singapore. This feature automatically blocks the installation of potentially malicious 
apps that use sensitive runtime permissions. As of December 2024, the EFP feature 
 
3      Money Lock provides added protection against digital scams by allowing the customer to block 
online access to a portion of their funds, should their digital banking access be compromised.",0.0,0.5,1.0,0.9999999999
What was the maximum daily withdrawal limit for online CPF withdrawals as of September 2024?,"In September 2024, the maximum Daily Withdrawal Limit (DWL) for online CPF withdrawals was lowered to $50,000.","In September 2024, the maximum Daily Withdrawal Limit (DWL) for online CPF withdrawals was lowered from $200,000 to $50,000.","50,000.","Page 21 of 32 
 
tech-related games and activities organised by partners from various sectors, 
including GovTech, National Library Board (NLB), SG Digital Office, Google, 
Mediacorp, RSVP Singapore, and more. 
 
54. The SNG actively engages citizens through webinars and hybrid sessions on 
the #SmartNationTogether platform to raise awareness about the importance of 
staying vigilant, safeguarding their Singpass, and utilising tools such as ScamShield 
to counter scams.  The permanent interactive cybersecurity exhibit at the Smart Nation 
PlayScape, situated at the Science Centre Singapore , aims to educate visitors about 
the significance of cyber safety in the face of evolving cyber threats. 
 
55. As part of its public outreach efforts, GovTech ran the Singpass “Be Sure. Be 
Secure.” public education campaign in August 2023 to educate Singapore residents 
on keeping their Singpass safe from scams. Besides that, GovTech has also 
enhanced Singpass’ security measures to protect users against the threat of scams. 
For example, in response to malware -related scams involving unauthorised 
withdrawals of CPF monies, GovTech and CPF Board introduced additional factors 
such as facial verification  in June 2023 to protect vulnerable CPF members who 
access CPF e-services. In addition, on 30 November 2023, CPF Board introduced a 
default online CPF Daily Withdrawal Limit of $2,000 a day, for all CPF members aged 
55 and above. To prevent unauthorised adjustments to increase the Daily Withdrawal 
Limit, facial verification and a 12-hour cooling period are required. CPF members can 
also disable online CPF withdrawals by activating the CPF Withdrawal Lock, which 
instantly reduces this limit to $0. To safegua rd members’ basic retirement adequacy, 
amounts up to the Basic Retirement Sum are automatically reserved for retirement 
and cannot be withdrawn. Users who suspect their Singpass has been compromised 
can call the Singpass Helpdesk at 6335 3533 and press “9” for 24-hour support. 
 
Anti-scam measures by the Monetary Authority of Singapore 
 
56. The MAS continues to work closely with The Association of Banks in 
Singapore’s Standing Committee on Fraud to combat digital banking scams. 
 
57. In combatting malware-enabled scams and to protect customers from malware 
that take control of customers’ devices and hence their mobile banking access, MAS, 
together with SPF, has worked with banks to implement counter measures. Starting 
with OCBC in August 2023, various banks have progressively rolled out upgraded 
versions of their banking apps with anti-malware measures. These measures restrict 
access to banking apps if an Android device was detected to have sideloaded apps 
with accessibility permissions granted. Since then, malware-enabled scam cases have 
started to decline drastically as more people had their banking apps upgraded.  
 
58. Such collaboration with private stakeholders in developing upstream measures 
contributed directly to the decrease in malware -enabled scams towards the end of 
2023. 
 
59. In November 2023, local banks introduced Money Lock, a feature that lowers 
the impact of scams by allowing customers to set aside a portion of their funds in bank 
accounts that cannot be transferred digitally. As of January 2024, more than 49,000 
Money Lock accounts have been set up, with more than $4.2 billion set aside. The",0.0,1.0,1.0,0.49999999995
"In 2021, how many Public Spiritedness Awards were presented?","In 2021, the Police presented 80 Public Spiritedness Awards to recognise the support from the community and business operators.","To recognise the community and business operators for their support in helping to keep Singapore safe and secure, the Police presented 80 Public Spiritedness Awards and 131 Community Partnership Awards in 2021.",80 Public Spiritedness Awards were presented in 2021.,"Page 7 of 8 
 
have received the Police Pal storybooks, and our Community Policing Unit officers 
have conducted 25 storytelling sessions at the libraries. 
 
22. The SPF would like to thank all its community partners and stakeholders for 
their strong support in helping to keep Singapore safe and secure. In 2024, the SPF 
presented 125 awards to our community partners (47 Public Spiritedness Awards, 33 
Community Partnership Awards and 45 Outstanding Community Partnership Awards). 
In addition, 191 awards were presented to organisations during the National Safety 
and Security Award Ceremony (82 Outstanding Cluster and Individual Awards, 109 
SSWG Cluster, Individual and Commendation Awards). We thank the community for 
the continued support in the fight against crime, and shared efforts to build a safe and 
secure home.   
 
23. Please see Annex for a quote from the Director of Operations Department.  
 
 
PUBLIC AFFAIRS DEPARTMENT 
SINGAPORE POLICE FORCE 
17 FEBRUARY 2025 @ 3PM",0.0,1.0,1.0,0.3333333333
"In 2020, what was the total amount lost from loan scams?",The total amount lost to loan scams in 2020 increased to at least S$14.3 million.,"The total amount cheated increased to at least S$14.3 million in 2020, from at least S$6.8 million in 2019.",14.,"Page 2 of 32 
 
 
 
 
 
4. The average amount lost to each of the top five scam types, i.e. job scams, 
e-commerce scams, fake friend call scams, phishing scams, and investment 
scams, has generally decreased. Overall, the average amount lost per scam case 
for all reported scam cases has also decreased, by about 32.8% from $20,824 in 2022 
to $13,999 in 2023. 55.6% of scam cases have losses less than or equal to $2,000.  
 
5. The slight improvement in losses may be due in part to the proactive and 
coordinated efforts by the Singapore Police Force (SPF) , the Infocomm Media 
Development Authority  (IMDA), Cyber Security Agency of Singapore  (CSA), Smart 
Nation Group  (SNG), Monetary Authority of Singapore  (MAS), and private  sector 
stakeholders to prevent scams and stop or mitigate losses during ongoing scams, as 
well as to raise public awareness on measures that individuals can take to avoid being 
scammed.  
 
6. However, the amount lost to scams involving the use of social engineering and 
deception to induce victims to transfer monies to scammers, continues to be high. We 
9,545
15,651
23,933
31,728
46,563
0
10,000
20,000
30,000
40,000
50,000
60,000
2019 2020 2021 2022 2023
+64.0%
+52.9%
+32.6%
+46.8%
170.8
265.7
632.0 660.7 651.8
0.0
100.0
200.0
300.0
400.0
500.0
600.0
700.0
800.0
900.0
2019 2020 2021 2022 2023
Total Scam Cases 
Total Amount Lost to All Scams (in millions) 
+55.6% 
+137.9% 
+4.5% -1.3%",0.744261227896532,0.0,1.0,0.3333333333
"In 2020, which scam type recorded the largest amount lost in a single case?","In 2020, an investment scam recorded the largest loss in a single case, amounting to $6.4 million.","The data in Annex A, 'Top Ten Scam Types in Singapore in 2020', shows that for Investment Scams, the largest sum cheated in a single case was $6.4m.",Investment scams.,"• The total amount cheated decreased to at least $5.9 million in 2021, 
from at least $7.1 million in 2020. 
• The largest sum cheated in a single case in 2021 was $400,000. 
• The most common platforms where these scams took place include 
Carousell, Facebook, and Shopee, while the common items involved in 
the transactions were electronic goods and gaming-related items (see 
Annex B for the breakdown of e-commerce scams on the various 
platforms). 
 
d) Investment scams 
• The number of investment scam cases more than doubled to 2,467 
cases in 2021, from 1,096 cases in 2020.  
• The total amount cheated increased to at least $190.2 million in 2021, 
from at least $68.8 million in 2020.  
• The largest sum cheated in a single case in 2021 was $6.4 million. 
• Common platforms used by scammers to communicate with victims 
included Facebook, Tinder, and Instagram. 
 
e) Loan scams 
• The number of loan scam cases increased by 14.9% to 2,273 cases in 
2021, from 1,978 cases in 2020.  
• The total amount cheated increased to at least $18.3 million in 2021, 
from at least $14.3 million in 2020. 
• The largest sum cheated in a single case in 2021 was $361,000. 
• Websites, SMSes, WhatsApp messages, and advertisements on social 
media or e-commerce sites were the more common channels used by 
the scammers to reach out to potential victims. 
 
f) Banking related phishing scams 
• The number of cases increased by 66.9% to 2,236 cases in 2021, from 
1,340 cases in 2020. 
• The total amount cheated more than tripled to at least $19.4 million in 
2021, from at least $5.3 million in 2020. 
• The largest sum cheated in a single case in 2021 was $1 million. 
• In these cases, culprits impersonated banks or government officials. 
They approached victims via calls (phone call/in-app calls e.g. 
WhatsApp), and convinced the victims to provide bank card or account 
details and OTP, by pretending to assist the victims with issues 
concerning the victims’ bank card or account. They also sent unsolicited 
SMSes claiming that there were issues with the victims’ banking account, 
and the victims were asked to click on a link embedded in the text 
message to resolve the issue. Upon clicking on the link, the victims were 
redirected to fake bank websites and asked to key in their internet 
banking account login details. In some cases, the SMSes would state a 
phone number, belonging to the scammers, that the victims could call to 
seek help with their suspended bank card. Subsequently, victims found 
unauthorised transactions made to their bank account. 
• Calls and SMSes were the most common channels used by the 
scammers to approach the victims.",0.0,0.0,0.0,0.9999999999
"In the 2023 physical crime data, how many days were free from robbery, snatch theft, and motor vehicle theft?","In 2023, there were 277 days that were free from robbery, snatch theft, and theft of motor vehicle.","There were 277 days in 2023 which were free from robbery, snatch theft and theft of motor vehicle - an improvement of 36 days compared to 241 days in 2022.",277 days.,"Page 1 of 7 
 
 
 
 
 
 
 
Physical crime cases decreased slightly in 2023 
 
The total number of reported physical crime cases decreased slightly by 1.1% 
to 19,966 in 2023, from 20,193 in 2022.    
 
 
 
Crimes of concern 
 
2 In 2023, the crimes of concern included shop theft, theft in dwelling, outrage 
of modesty and voyeurism. Shop theft constituted the highest proportion of reported 
cases amongst all the physical crimes.  
 
3 There were 277 days in 2023 which were free from robbery, snatch theft and 
theft of motor vehicle - an improvement of 36 days compared to 241 days in 2022. 
These crimes all saw a decrease in cases in 2023, as compared to 2022. 
  
23,980
19,498 19,343 20,193 19,966
0
5,000
10,000
15,000
20,000
25,000
30,000
2019 2020 2021 2022 2023
Total Physical Crime Cases
Annual Crime Brief 2023  
Physical Crime Situation 
-18.7% 
-0.8% 
 +4.4% 
 -1.1%",0.0,1.0,1.0,0.9999999999
"In 2023, which platform had the most e-commerce scams?","In 2023, Facebook was the platform with the most e-commerce scams, accounting for 46.5% of all such cases.","The data in the 'Top five digital platforms used in e-commerce scams in 2023' chart shows that Facebook accounted for 4,550 cases, which was 46.5% of the total.",Facebook.,"Page 5 of 22 
 
• The most common platforms which victims encountered scammers  
included Carousell, Facebook, and Shopee, while the common items 
involved in the transactions were electronic goods, rental (residential unit) 
and gaming-related items. The breakdown of e-commerce scams on the 
various platforms are as follows: 
 
Top Five Digital Platforms Used In E-Commerce Scams in 2022 
 
 
• 65.7% of victims were aged between 20 and 39.  
 
d) Investment scams 
• Victims of investment scams usually come across “good” investment 
offers via their own internet searches or via recommendations from 
online friends. Victims would be enticed to invest by transferring money 
to unknown bank accounts. In some cases, victims would initially earn a 
small profit from their investme nt, and therefore  would be  enticed to 
transfer even more funds. After larger sums of money are transferred to 
the scammers, the victims would realise they could not cash out their 
earnings.  
• There were 3,108 investment scam cases reported in 2022, compared 
to 2,467 cases in 2021, an increase of 26.0%.  
• The total amount reported to have been cheated increased by 4.3% to 
at least $198.3 million in 2022, from at least $190.2 million in 2021.  
• Common platforms used by scammers to contact victims include d 
Instagram, Facebook and Telegram. 
• 54.9% of victims were aged between 20 and 39.  
 
e) Fake friend call scams 
• Fake friend call scams typically involve scammers contacting victims via 
phone calls, pretending to be the victims’ friend or acquaintance. After 
establishing contact, scammers would capitalise on the friendship 
element, and use various reasons to request for money from the victims. 
Carousell
1,834
38.5%
Facebook
1,138
23.9%
Shopee
311
6.5%
Telegram
288
6.0%
Other 
Websites
218
4.6%
Others
2022
Total: 4,762",0.0,0.0,0.0,0.49999999995
"In the 2024 scams data, which age group had the highest average loss per victim?","According to 2024 data, the elderly (aged 65 and above) had the highest average amount lost per victim among all age groups.","In 2024, 70.9% of scam victims were youths, young adults, and adults aged below 50. As for the elderly, while they made up only a small proportion of the scam victims, the average amount they lost per victim is the highest among the various age groups.",The elderly.,"Page 7 of 30 
 
victims via messaging platforms increased to 15,145 from 12,368 in 2023. WhatsApp 
and Telegram were the top two messaging platforms exploited by scammers. 
16. The number of scam cases perpetrated on Telegram saw an increase of 
about 95.7% in 2024.  
Social Media Platforms 
17. The number of scam cases where scammers contacted victims via social media 
increased to 14,991 in 2024, from 13,725 in 2023. In particular, 59.8% were contacted 
through Facebook, 18.0% were contacted through Instagram, and 13.2% through 
TikTok.  
Online Shopping Platforms 
18. Online shopping platforms is a contact method of concern. The number of scam 
cases perpetrated via online shopping platforms increased to 5,079 in 2024, from 
4,893 in 2023. In particular, 75.0% of these cases occurred on Carousell, and 18.3% 
on Facebook Marketplace.  
Scam Victim Profile 
19. In 2024, 70.9% of scam victims were youths, young adults, and adults 
aged below 50. As for the elderly, while they made up only a small proportion of 
the scam victims, the average amount they lost per victim is the highest among 
the various age groups. The breakdown of scam victims by age group is as follows:  
a) Youths, aged 19 and below, made up 6.3% of scam victims. 38.4% fell prey to 
e-commerce scams, while 20.2% fell prey to job scams and 15.3% fell prey to 
phishing scams. Scammers tend to contact youths via messaging platforms, 
social media and online shopping platforms. 
b) Young adults, aged 20 to 29, made up 23.4% of scam victims. 33.2% fell prey 
to e-commerce scams, while 22.1% fell prey to job scams and 13.0% fell prey 
to phishing scams. Scammers tend to contact young adults via messaging 
platforms, social media and online shopping platforms. 
c) Adults, aged 30 to 49, made up 41.2% of scam victims. 25.5% fell prey to e-
commerce scams, while 18.9% fell prey to job scams and 17.2% fell prey to 
phishing scams. Scammers tend to contact this victim group via social media, 
messaging platforms and online shopping platforms. 
d) Young seniors, aged 50 to 64, made up 20.7% of scam victims. 19.7% fell prey 
to phishing scams, while 18.6% fell prey to investment scams and 14.1% fell",0.0,1.0,0.0,0.9999999999
Which scam type's losses rose to $151.3 million in 2024?,"In 2024, losses from government officials impersonation scams rose to at least $151.3 million.","The data in Annex A, 'Top 10 Scam Types in Singapore', for 2024 shows that Government Officials Impersonation Scams had a total amount lost of $151.3M.",Government Officials Impersonation Scam.,"Page 5 of 30 
 
Breakdown of scam types in terms of amount lost (in millions) 
 
 
12. 2024 saw sharp increases in both the number of cases reported and the 
amount lost for phishing scams, investment scams, and government officials 
impersonation scams.  
a) E-commerce scams 
i. E-commerce scams recorded the highest number of reported cases 
among all scam types in 2024, with 11,665 cases reported and at least 
$17.5 million lost. Concert tickets was the top item involved in e-
commerce scams. 
ii. The majority of e-commerce scam victims were aged 30 to 49, 
accounting for 45.1% of victims for this scam type. The most common 
platforms on which e-commerce scams were conducted included 
Facebook, Carousell, and Telegram.  
b) Investment scams 
i. Investment scams recorded the fourth highest number of reported 
cases among all scam types in 2024, with 6,814 investment scam 
cases reported. The total amount lost to investment scams in 2024, on 
the other hand, is the highest amongst the various scam types, at least 
$320.7 million. The Police would like to highlight an approach which 
saw increased prevalence in 2024, where victims were added into 
Investment 
Scam
$320.7M
28.8%
Job Scam
$156.2M
14.0%
Government Officials 
Impersonation Scam
$151.3M
13.6%
Malware-
enabled Scam
$129.1M
11.6%
Business 
Email 
Compromise 
Scam
$88.5M
8.0%
Others
$266.3M
23.9%
2024
$1.1B lost",0.0,1.0,1.0,0.9999999999
"In 2023, what proportion of scam victims were aged under 50?","In 2023, a significant proportion of scam victims, 73.0%, were under the age of 50.","73.0% of scam victims were youths, young adults and adults aged below 50.",73.,"Page 14 of 32 
 
 
 
 
18. 73.0% of scam victims were youths, young adults and adults aged below 
50. The breakdown of scam victims by age group is as follows: 
 
a) Youths, aged 19 and below , made up 5.3% of scam victims. 32.0% from this 
age group fell prey to e-commerce scams, while 25.4% fell prey to job scams 
and 16.6% fell prey to phishing scams. Scammers tend to contact youths via 
messaging platforms, online shopping platforms, and social media. 
 
b) Young adults, aged 20 to 29, made up 24.6% of scam victims. 31.9% from this 
age group fell prey to job scams, while 25.9% fell prey to e -commerce scams 
and 10.6% fell prey to phishing scams. Scammers tend to contact young adults 
via messaging platforms, social media and online shopping platforms. 
 
c) Adults, aged 30 to 49, made up 43.1% of scam victims. 24.6% fell prey to e -
commerce scams, while 22.3% fell prey to job scams and 14.3% fell prey to 
phishing scams. Scammers tend to contact this victim group via social media , 
messaging platforms and online shopping platforms. 
 
d) Young seniors, aged 50 to 64, made up 19.9% of scam victims. 28.0% fell prey 
to fake friend call scams, while 12.8% fell prey to e-commerce scams and 12.2% 
fell prey to phishing scams. Scammers tend to contact this victim group via 
social media, phone calls and messaging platforms. 
 
e) The elderly, aged 65 and above, made up 7.1% of scam victims. 34.3% from 
this age group fell prey to fake friend call scams , while 13.7% fell prey to 
investment scams and 11.7% fell prey to phishing scams. Scammers tend to 
reach out to the elderly via phone calls, social media and messaging platforms. 
 
Youths
5.3%
Young Adults
24.6%
Adults
43.1%
Young Seniors
19.9%
Elderly
7.1%
Scam Victim Age Profile (2023)
Scam Victim Profile",0.0,1.0,1.0,0.8333333332916666
"In 2022, what percentage of scam cases on Carousell were phishing scams?","In 2022, 56.0% of the scam cases that victims encountered on the Carousell platform were phishing scams.","Among the scam cases which victims encountered scammers via Carousell, 56.0% were phishing scams and 42.8% were e-commerce scams.",56.,"Page 9 of 22 
 
10 Another contact method of concern is online shopping platforms. There was an 
increase in the number of scam cases to 4,818 in 2022 from 1,570 in 2021, with 89.0% 
of the cases where victims encountered scammers on Carousell and 6.6% on Shopee.  
 
 
 
11 Among the scam cases which victims encountered scammers via Carousell, 
56.0% were phishing scams and 42.8% were e-commerce scams. 
 
 
Others
1.1%
Facebook 
Marketplace
3.4% Shopee
6.6%
Carousell
89.0%
Proportion of Online Shopping Platforms where Victims 
encountered Scammers
E-commerce 
Scam
42.8%
Phishing Scam
56.0%
Others
1.2%
Type of Scam Cases via Carousell",0.0,1.0,1.0,0.9999999999
How many internet love scams were there in 2022?,There were 868 cases of internet love scams reported in 2022.,The data in Annex A of the 2022 Annual Scams and Cybercrime Brief shows that there were 868 Internet Love Scam cases reported.,868.,"Page 2 of 22 
 
 
 
 
 
3 However, there were decreases in loan scam cases and internet love scam 
cases. There were 1,031 loan scam cases in 2022, which is a decrease of 54.6% from 
2,273 cases in 2021. The number of internet love scam cases decreased by 20.7% to 
868 in 2022, from 1,094 cases in 2021. Nonetheless, as scammers continue to evolve 
their tactics, we must keep up public vigilance. 
 
 
 
 
 
4 Phishing scams, job scams, e-commerce scams, investment scams, and fake 
friend call scams were the top five scam types of 2022. Of these, e-commerce scams 
has remained among the top five scam types for four consecutive years. These five 
scam types made up 82.5% of the top ten scam types reported in 2022. Please see 
Annex A for the statistics on the top ten scam types. 
 
6,234
9,545
15,651
23,933
31,728
0
5,000
10,000
15,000
20,000
25,000
30,000
35,000
40,000
2018 2019 2020 2021 2022
+53.1%
+64.0%
+52.9%
+32.6%
151.4 170.8
265.7
632.0 660.7
0.0
100.0
200.0
300.0
400.0
500.0
600.0
700.0
800.0
900.0
2018 2019 2020 2021 2022
Top Scam Types 
Total Scam Cases 
Total Amount Lost to All Scams (in millions) 
+12.8% 
+55.6% 
+137.9% 
+4.5%",0.0,1.0,1.0,0.9999999999
"In 2021, which scam type had 2,236 cases reported?","Banking-related phishing scams had 2,236 reported cases in 2021.","Banking related phishing scams • The number of cases increased by 66.9% to 2,236 cases in 2021, from 1,340 cases in 2020.",Banking related phishing scams.,"Page 7 of 22 
 
 
7 Among the scam cases which scammers used to contact victims via WhatsApp, 
39.0% were job scams, 2 4.5% were phishing scams and 7.9% were social media 
impersonation scams.  
 
 
8 The number of scam cases which scammers used to contact victims via social 
media increased to 7,539 in 2022, from 6,095 in 2021, with about 59.6% on Facebook, 
and 34.2% on Instagram.   
Others
3.3% Wechat
4.6%
Telegram
36.1%
Whatsapp
56.0%
Proportion of Top Messaging Platforms which Scammers 
used to contact Victims
Job Scam
39.0%
Phishing Scam
24.5%
Social Media 
Impersonation Scam
7.9%
Investment Scam
5.9%
Loan Scam
5.5%
Others
17.3%
Types of Scam Cases via WhatsApp",0.0,1.0,1.0,0.49999999995
How many China officials impersonation scams were reported in 2021?,"In 2021, there were 750 reported cases of China officials impersonation scams.",The data in Annex A of the 2021 Annual Crime Brief shows that 750 China Officials Impersonation Scam cases were reported.,353 cases.,"Page 30 of 30 
 
staff (e.g. DBS, UOB) or China government officials (e.g. China Police). The 
notable variants include the following: 
o Impersonation of bank staff and local government officials through calls 
– Victims typically received unsolicited calls from scammers 
impersonating bank officers, who would seek verification on banking or 
financial transactions allegedly conducted by the victims. When victims 
denied making such transactions or possessing such bank cards, the 
first scammer would transfer the call to a second scammer claiming to 
be a government official (e.g. SPF, MAS). This second scammer would 
accuse victims of being involved in criminal activities (e.g. money 
laundering). In some cases, victims were transferred to a third scammer 
for “further investigations”. Scammers would instruct victims to transfer 
money to bank accounts also known as “safety accounts”, supposedly 
designated by the government, purportedly for investigation purposes. 
This variant saw an increase of 87.8% to 1,151 cases in 2024, and 
69.2% increase in amount lost to $107.4 million. 
o Impersonation of China government officials (e.g. China Police) and 
bank staff/local government officials through calls – Victims typically 
received unsolicited calls from scammers impersonating government 
officials or bank officers, who would allege that victims had applied for 
credit cards, bank accounts or phone numbers that were eventually 
involved in criminal activities. In some cases, scammers alleged that 
victims were involved in spreading false rumours/information, had 
parcels under their names containing prohibited good, or had made 
illegal purchases. When victims denied being involved, the first scammer 
would transfer the call to a second scammer claiming to be a China 
government official (e.g. China Police), who would accuse victims of 
being involved in criminal activities (e.g. money laundering). Scammers 
would instruct victims to transfer money to “safety accounts” supposedly 
designated by China authorities, purportedly for investigation or bail 
purposes. This variant saw an increase of 26.1% to 353 cases in 2024 
and 51.0% increase in amount lost to $43.8 million.",0.8295952039156539,0.0,0.0,0.0
What was the largest amount lost in a single internet love scam in 2020?,The largest sum lost in a single internet love scam case in 2020 was $1.1 million.,"The data in Annex A of the 2020 Annual Crime Brief shows that for Internet Love Scams, the largest sum cheated in a single case was $1.1m.",$3.,"Page 2 of 22 
 
 
 
 
 
3 However, there were decreases in loan scam cases and internet love scam 
cases. There were 1,031 loan scam cases in 2022, which is a decrease of 54.6% from 
2,273 cases in 2021. The number of internet love scam cases decreased by 20.7% to 
868 in 2022, from 1,094 cases in 2021. Nonetheless, as scammers continue to evolve 
their tactics, we must keep up public vigilance. 
 
 
 
 
 
4 Phishing scams, job scams, e-commerce scams, investment scams, and fake 
friend call scams were the top five scam types of 2022. Of these, e-commerce scams 
has remained among the top five scam types for four consecutive years. These five 
scam types made up 82.5% of the top ten scam types reported in 2022. Please see 
Annex A for the statistics on the top ten scam types. 
 
6,234
9,545
15,651
23,933
31,728
0
5,000
10,000
15,000
20,000
25,000
30,000
35,000
40,000
2018 2019 2020 2021 2022
+53.1%
+64.0%
+52.9%
+32.6%
151.4 170.8
265.7
632.0 660.7
0.0
100.0
200.0
300.0
400.0
500.0
600.0
700.0
800.0
900.0
2018 2019 2020 2021 2022
Top Scam Types 
Total Scam Cases 
Total Amount Lost to All Scams (in millions) 
+12.8% 
+55.6% 
+137.9% 
+4.5%",0.7486972945140161,0.0,0.0,0.0
By how much did investment scam cases increase in 2020?,The number of investment scam cases increased by 609 cases in 2020 compared to the previous year.,"The data in Annex A of the 2020 Annual Crime Brief shows that Investment Scam cases increased by 609 cases from 2019, to a total of 1,096 in 2020.",117%.,"• The total amount cheated decreased to at least $5.9 million in 2021, 
from at least $7.1 million in 2020. 
• The largest sum cheated in a single case in 2021 was $400,000. 
• The most common platforms where these scams took place include 
Carousell, Facebook, and Shopee, while the common items involved in 
the transactions were electronic goods and gaming-related items (see 
Annex B for the breakdown of e-commerce scams on the various 
platforms). 
 
d) Investment scams 
• The number of investment scam cases more than doubled to 2,467 
cases in 2021, from 1,096 cases in 2020.  
• The total amount cheated increased to at least $190.2 million in 2021, 
from at least $68.8 million in 2020.  
• The largest sum cheated in a single case in 2021 was $6.4 million. 
• Common platforms used by scammers to communicate with victims 
included Facebook, Tinder, and Instagram. 
 
e) Loan scams 
• The number of loan scam cases increased by 14.9% to 2,273 cases in 
2021, from 1,978 cases in 2020.  
• The total amount cheated increased to at least $18.3 million in 2021, 
from at least $14.3 million in 2020. 
• The largest sum cheated in a single case in 2021 was $361,000. 
• Websites, SMSes, WhatsApp messages, and advertisements on social 
media or e-commerce sites were the more common channels used by 
the scammers to reach out to potential victims. 
 
f) Banking related phishing scams 
• The number of cases increased by 66.9% to 2,236 cases in 2021, from 
1,340 cases in 2020. 
• The total amount cheated more than tripled to at least $19.4 million in 
2021, from at least $5.3 million in 2020. 
• The largest sum cheated in a single case in 2021 was $1 million. 
• In these cases, culprits impersonated banks or government officials. 
They approached victims via calls (phone call/in-app calls e.g. 
WhatsApp), and convinced the victims to provide bank card or account 
details and OTP, by pretending to assist the victims with issues 
concerning the victims’ bank card or account. They also sent unsolicited 
SMSes claiming that there were issues with the victims’ banking account, 
and the victims were asked to click on a link embedded in the text 
message to resolve the issue. Upon clicking on the link, the victims were 
redirected to fake bank websites and asked to key in their internet 
banking account login details. In some cases, the SMSes would state a 
phone number, belonging to the scammers, that the victims could call to 
seek help with their suspended bank card. Subsequently, victims found 
unauthorised transactions made to their bank account. 
• Calls and SMSes were the most common channels used by the 
scammers to approach the victims.",0.0,0.0,0.0,0.9999999999
"In 2024, how many government official impersonation scam cases were there?","There were 1,504 cases of government official impersonation scams reported in 2024.","The data in Annex A of the 2024 Annual Scams and Cybercrime Brief shows there were 1,504 Government Officials Impersonation Scams cases reported.","1,151 cases.","Page 30 of 30 
 
staff (e.g. DBS, UOB) or China government officials (e.g. China Police). The 
notable variants include the following: 
o Impersonation of bank staff and local government officials through calls 
– Victims typically received unsolicited calls from scammers 
impersonating bank officers, who would seek verification on banking or 
financial transactions allegedly conducted by the victims. When victims 
denied making such transactions or possessing such bank cards, the 
first scammer would transfer the call to a second scammer claiming to 
be a government official (e.g. SPF, MAS). This second scammer would 
accuse victims of being involved in criminal activities (e.g. money 
laundering). In some cases, victims were transferred to a third scammer 
for “further investigations”. Scammers would instruct victims to transfer 
money to bank accounts also known as “safety accounts”, supposedly 
designated by the government, purportedly for investigation purposes. 
This variant saw an increase of 87.8% to 1,151 cases in 2024, and 
69.2% increase in amount lost to $107.4 million. 
o Impersonation of China government officials (e.g. China Police) and 
bank staff/local government officials through calls – Victims typically 
received unsolicited calls from scammers impersonating government 
officials or bank officers, who would allege that victims had applied for 
credit cards, bank accounts or phone numbers that were eventually 
involved in criminal activities. In some cases, scammers alleged that 
victims were involved in spreading false rumours/information, had 
parcels under their names containing prohibited good, or had made 
illegal purchases. When victims denied being involved, the first scammer 
would transfer the call to a second scammer claiming to be a China 
government official (e.g. China Police), who would accuse victims of 
being involved in criminal activities (e.g. money laundering). Scammers 
would instruct victims to transfer money to “safety accounts” supposedly 
designated by China authorities, purportedly for investigation or bail 
purposes. This variant saw an increase of 26.1% to 353 cases in 2024 
and 51.0% increase in amount lost to $43.8 million.",0.8485909703009923,1.0,1.0,0.9999999999
How many phishing scam cases were there in 2024?,"A total of 8,552 phishing scam cases were reported in 2024.","There were 8,552 phishing scam cases reported in 2024 and the total amount lost was at least $59.4 million.","8,552.","Page 24 of 30 
 
This is largely attributed to a single case where about $21.7 million was 
lost in cryptocurrency. 
o In this case of social media impersonation scam, the victim made 
cryptocurrency transfers under the impression that he was 
communicating with a known contact (e.g. company director) via 
Telegram. 
It is estimated that the amount lost in the four scam cases involving very high 
losses mentioned above, accounted for 21.4% of the total scam losses in 2024.",0.0,1.0,1.0,0.3333333333
How much was lost to phishing scams in 2024?,"In 2024, the total amount lost to phishing scams was at least $59.4 million.","There were 8,552 phishing scam cases reported in 2024 and the total amount lost was at least $59.4 million.",There is no information about the amount lost to phishing scams in 2024.,"Page 24 of 30 
 
This is largely attributed to a single case where about $21.7 million was 
lost in cryptocurrency. 
o In this case of social media impersonation scam, the victim made 
cryptocurrency transfers under the impression that he was 
communicating with a known contact (e.g. company director) via 
Telegram. 
It is estimated that the amount lost in the four scam cases involving very high 
losses mentioned above, accounted for 21.4% of the total scam losses in 2024.",0.0,1.0,0.0,0.0
"In 2022, which scam type resulted in $97.6 million in losses?","In 2022, government officials impersonation scams resulted in total losses of $97.6 million.",The data in Annex A of the 2022 Annual Scams and Cybercrime Brief shows that Government Officials Impersonation Scams had a total amount lost of $97.6M.,Investment scams.,"Page 3 of 32 
 
are also concerned about the sharp increase in number of scams that were 
perpetuated through social media and messaging platforms such as Facebook, 
Instagram, WhatsApp and Telegram.  
 
7. Individual vigilance remains crucial. By staying informed and exercising caution, 
every individual can better protect themselves and each other against scams. 
 
 
 
 
 
8. Job scams, e-commerce scams, fake friend call scams, phishing scams, 
and investment scams were the top five scam types in 2023. These made up 85.5% 
of the top ten scam types reported in 2023, and about 78.4% of all scam types.  
 
Breakdown of scam types by number of cases 
 
 
 
9. Among the top ten scam types in 2023 (see Annex A), government officials 
impersonation scams had the highest average losses at about $103,600 per case, 
followed by investment scams at about $50,700  per case. These two scam types 
involve deception and social engineering conducted over a period of time, using an 
array of complex scam methods.  
 
 
 
 
 
 
Job Scam
9,914
21.3%
E-
Commerce 
Scam
9,783
21.0%Fake Friend 
Call Scam
6,859
14.7%
Phishing 
Scam
5,938
12.8%
Investment 
Scam
4,030
8.7%
Others
2023
46,563
Cases
Top Scam Concerns",0.0,0.0,0.0,0.0
In which year did total scam losses see their first decrease in five years?,The year 2023 marked the first time in five years that the total amount lost to scams had decreased.,"While this is the first time that the total amount lost to scams had dropped in the last five years, it remains very significant.",2023.,"Page 2 of 32 
 
 
 
 
 
4. The average amount lost to each of the top five scam types, i.e. job scams, 
e-commerce scams, fake friend call scams, phishing scams, and investment 
scams, has generally decreased. Overall, the average amount lost per scam case 
for all reported scam cases has also decreased, by about 32.8% from $20,824 in 2022 
to $13,999 in 2023. 55.6% of scam cases have losses less than or equal to $2,000.  
 
5. The slight improvement in losses may be due in part to the proactive and 
coordinated efforts by the Singapore Police Force (SPF) , the Infocomm Media 
Development Authority  (IMDA), Cyber Security Agency of Singapore  (CSA), Smart 
Nation Group  (SNG), Monetary Authority of Singapore  (MAS), and private  sector 
stakeholders to prevent scams and stop or mitigate losses during ongoing scams, as 
well as to raise public awareness on measures that individuals can take to avoid being 
scammed.  
 
6. However, the amount lost to scams involving the use of social engineering and 
deception to induce victims to transfer monies to scammers, continues to be high. We 
9,545
15,651
23,933
31,728
46,563
0
10,000
20,000
30,000
40,000
50,000
60,000
2019 2020 2021 2022 2023
+64.0%
+52.9%
+32.6%
+46.8%
170.8
265.7
632.0 660.7 651.8
0.0
100.0
200.0
300.0
400.0
500.0
600.0
700.0
800.0
900.0
2019 2020 2021 2022 2023
Total Scam Cases 
Total Amount Lost to All Scams (in millions) 
+55.6% 
+137.9% 
+4.5% -1.3%",0.0,0.0,1.0,0.99999999995
Which department of the Singapore Police Force runs the Anti-Scam Command?,The Anti-Scam Command was operationalised by the Commercial Affairs Department (CAD) of the Singapore Police Force.,"On 22 March 2022, the Commercial Affairs Department (CAD) operationalised the Anti-Scam Command (ASCom) for greater synergy among various scam-fighting units, by bringing scam investigation, incident response, intervention, enforcement and sense-making under a single Command.",The Commercial Affairs Department.,"ANNEX D 
 
Quote by Director of Commercial Affairs Department 
 
Scams continue to increase, and scammers are constantly finding new ways to prey 
on victims’ vulnerabilities. Many scams involve scammers who operate from outside  
of Singapore, using the internet to dupe their victims from afar. They use local money 
mules or take advantage of the victim’s internet banking facilities to move the criminal 
proceeds out of Singapore, making recovery very difficult. 
 
In response to this, the Anti -Scam Division was formed in March 2021 to ensure 
efficient enforcement coordination and swift information sharing to enhance the scam-
fighting efforts of the Singapore Police Force. Since the formation of the Anti -Scam 
Division, the Singapore Police Force has successfully busted 16 transnational 
syndicates together with our foreign counterparts, leading to the arrest of more than 
200 syndicate members.  
 
Our Anti -Scam Centre has also seen an exponential expansion of its partnership 
network. Our partnership with over 30 financial institutions has proved instrumental in 
interdicting scam proceeds. 2021 saw the Anti -Scam Centre recovering scam 
proceeds of over S$102 million, almost twice the amount recovered in 2020. Our Anti-
Scam Centre also proactively screens police reports for online monikers, URLs and 
advertisements linked to scammers’ activities, and work with the relevant commercial 
entities (e.g. finan cial institutions, telcos, and online marketplaces) to disrupt the 
scammers’ operations. 
 
Whilst the Police will endeavour to safeguard the public from crime, combatting scams 
is a community effort, and the best defence against scams is an alert and discerning 
public. We will continue to curtail scammers’ activities with the support of our 
stakeholders in the public and private sectors to achieve our vision of a Scam -Smart 
nation. 
 
 
– Mr. David Chew 
Director of Commercial Affairs Department",0.0,0.0,1.0,0.99999999995
