division,crime_type,year,cases
central police division,robbery,2024,0
central police division,robbery,2023,3
central police division,robbery,2022,4
central police division,robbery,2021,7
central police division,robbery,2020,3
central police division,robbery,2019,8
central police division,robbery,2018,17
central police division,robbery,2017,14
central police division,robbery,2016,15
central police division,robbery,2015,21
central police division,robbery,2014,26
central police division,robbery,2013,37
central police division,robbery,2012,34
central police division,robbery,2011,50
central police division,housebreaking,2024,17
central police division,housebreaking,2023,13
central police division,housebreaking,2022,20
central police division,housebreaking,2021,25
central police division,housebreaking,2020,29
central police division,housebreaking,2019,29
central police division,housebreaking,2018,24
central police division,housebreaking,2017,18
central police division,housebreaking,2016,18
central police division,housebreaking,2015,33
central police division,housebreaking,2014,40
central police division,housebreaking,2013,49
central police division,housebreaking,2012,32
central police division,housebreaking,2011,48
central police division,snatch theft,2024,3
central police division,snatch theft,2023,1
central police division,snatch theft,2022,4
central police division,snatch theft,2021,0
central police division,snatch theft,2020,5
central police division,snatch theft,2019,5
central police division,snatch theft,2018,15
central police division,snatch theft,2017,10
central police division,snatch theft,2016,6
central police division,snatch theft,2015,19
central police division,snatch theft,2014,24
central police division,snatch theft,2013,36
central police division,snatch theft,2012,31
central police division,snatch theft,2011,47
central police division,theft of motor vehicle,2024,5
central police division,theft of motor vehicle,2023,5
central police division,theft of motor vehicle,2022,10
central police division,theft of motor vehicle,2021,8
central police division,theft of motor vehicle,2020,3
central police division,theft of motor vehicle,2019,6
central police division,theft of motor vehicle,2018,7
central police division,theft of motor vehicle,2017,17
central police division,theft of motor vehicle,2016,13
central police division,theft of motor vehicle,2015,25
central police division,theft of motor vehicle,2014,33
central police division,theft of motor vehicle,2013,25
central police division,theft of motor vehicle,2012,47
central police division,theft of motor vehicle,2011,48
central police division,outrage of modesty,2024,238
central police division,outrage of modesty,2023,277
central police division,outrage of modesty,2022,288
central police division,outrage of modesty,2021,190
central police division,outrage of modesty,2020,176
central police division,outrage of modesty,2019,256
central police division,outrage of modesty,2018,284
central police division,outrage of modesty,2017,254
central police division,outrage of modesty,2016,164
central police division,outrage of modesty,2015,206
central police division,outrage of modesty,2014,219
central police division,outrage of modesty,2013,186
central police division,outrage of modesty,2012,193
central police division,outrage of modesty,2011,180
central police division - bukit merah east npc,robbery,2024,0
central police division - bukit merah east npc,robbery,2023,0
central police division - bukit merah east npc,robbery,2022,2
central police division - bukit merah east npc,robbery,2021,1
central police division - bukit merah east npc,robbery,2020,2
central police division - bukit merah east npc,robbery,2019,3
central police division - bukit merah east npc,robbery,2018,2
central police division - bukit merah east npc,robbery,2017,2
central police division - bukit merah east npc,robbery,2016,3
central police division - bukit merah east npc,robbery,2015,3
central police division - bukit merah east npc,robbery,2014,7
central police division - bukit merah east npc,robbery,2013,6
central police division - bukit merah east npc,robbery,2012,8
central police division - bukit merah east npc,robbery,2011,15
central police division - bukit merah east npc,housebreaking,2024,1
central police division - bukit merah east npc,housebreaking,2023,4
central police division - bukit merah east npc,housebreaking,2022,5
central police division - bukit merah east npc,housebreaking,2021,9
central police division - bukit merah east npc,housebreaking,2020,12
central police division - bukit merah east npc,housebreaking,2019,13
central police division - bukit merah east npc,housebreaking,2018,12
central police division - bukit merah east npc,housebreaking,2017,7
central police division - bukit merah east npc,housebreaking,2016,2
central police division - bukit merah east npc,housebreaking,2015,12
central police division - bukit merah east npc,housebreaking,2014,17
central police division - bukit merah east npc,housebreaking,2013,7
central police division - bukit merah east npc,housebreaking,2012,9
central police division - bukit merah east npc,housebreaking,2011,13
central police division - bukit merah east npc,snatch theft,2024,1
central police division - bukit merah east npc,snatch theft,2023,0
central police division - bukit merah east npc,snatch theft,2022,2
central police division - bukit merah east npc,snatch theft,2021,0
central police division - bukit merah east npc,snatch theft,2020,1
central police division - bukit merah east npc,snatch theft,2019,0
central police division - bukit merah east npc,snatch theft,2018,8
central police division - bukit merah east npc,snatch theft,2017,3
central police division - bukit merah east npc,snatch theft,2016,2
central police division - bukit merah east npc,snatch theft,2015,6
central police division - bukit merah east npc,snatch theft,2014,10
central police division - bukit merah east npc,snatch theft,2013,13
central police division - bukit merah east npc,snatch theft,2012,7
central police division - bukit merah east npc,snatch theft,2011,20
central police division - bukit merah east npc,theft of motor vehicle,2024,2
central police division - bukit merah east npc,theft of motor vehicle,2023,1
central police division - bukit merah east npc,theft of motor vehicle,2022,4
central police division - bukit merah east npc,theft of motor vehicle,2021,3
central police division - bukit merah east npc,theft of motor vehicle,2020,0
central police division - bukit merah east npc,theft of motor vehicle,2019,1
central police division - bukit merah east npc,theft of motor vehicle,2018,1
central police division - bukit merah east npc,theft of motor vehicle,2017,6
central police division - bukit merah east npc,theft of motor vehicle,2016,1
central police division - bukit merah east npc,theft of motor vehicle,2015,8
central police division - bukit merah east npc,theft of motor vehicle,2014,12
central police division - bukit merah east npc,theft of motor vehicle,2013,9
central police division - bukit merah east npc,theft of motor vehicle,2012,12
central police division - bukit merah east npc,theft of motor vehicle,2011,18
central police division - bukit merah east npc,outrage of modesty,2024,49
central police division - bukit merah east npc,outrage of modesty,2023,61
central police division - bukit merah east npc,outrage of modesty,2022,63
central police division - bukit merah east npc,outrage of modesty,2021,52
central police division - bukit merah east npc,outrage of modesty,2020,45
central police division - bukit merah east npc,outrage of modesty,2019,56
central police division - bukit merah east npc,outrage of modesty,2018,74
central police division - bukit merah east npc,outrage of modesty,2017,71
central police division - bukit merah east npc,outrage of modesty,2016,47
central police division - bukit merah east npc,outrage of modesty,2015,54
central police division - bukit merah east npc,outrage of modesty,2014,57
central police division - bukit merah east npc,outrage of modesty,2013,60
central police division - bukit merah east npc,outrage of modesty,2012,48
central police division - bukit merah east npc,outrage of modesty,2011,58
central police division - marina bay npc,robbery,2024,0
central police division - marina bay npc,robbery,2023,1
central police division - marina bay npc,robbery,2022,1
central police division - marina bay npc,robbery,2021,3
central police division - marina bay npc,robbery,2020,0
central police division - marina bay npc,robbery,2019,1
central police division - marina bay npc,robbery,2018,5
central police division - marina bay npc,robbery,2017,4
central police division - marina bay npc,robbery,2016,0
central police division - marina bay npc,robbery,2015,4
central police division - marina bay npc,robbery,2014,2
central police division - marina bay npc,robbery,2013,5
central police division - marina bay npc,robbery,2012,8
central police division - marina bay npc,robbery,2011,12
central police division - marina bay npc,housebreaking,2024,11
central police division - marina bay npc,housebreaking,2023,5
central police division - marina bay npc,housebreaking,2022,8
central police division - marina bay npc,housebreaking,2021,7
central police division - marina bay npc,housebreaking,2020,7
central police division - marina bay npc,housebreaking,2019,6
central police division - marina bay npc,housebreaking,2018,4
central police division - marina bay npc,housebreaking,2017,5
central police division - marina bay npc,housebreaking,2016,7
central police division - marina bay npc,housebreaking,2015,11
central police division - marina bay npc,housebreaking,2014,10
central police division - marina bay npc,housebreaking,2013,9
central police division - marina bay npc,housebreaking,2012,6
central police division - marina bay npc,housebreaking,2011,18
central police division - marina bay npc,snatch theft,2024,0
central police division - marina bay npc,snatch theft,2023,0
central police division - marina bay npc,snatch theft,2022,1
central police division - marina bay npc,snatch theft,2021,0
central police division - marina bay npc,snatch theft,2020,3
central police division - marina bay npc,snatch theft,2019,1
central police division - marina bay npc,snatch theft,2018,3
central police division - marina bay npc,snatch theft,2017,0
central police division - marina bay npc,snatch theft,2016,1
central police division - marina bay npc,snatch theft,2015,3
central police division - marina bay npc,snatch theft,2014,5
central police division - marina bay npc,snatch theft,2013,6
central police division - marina bay npc,snatch theft,2012,3
central police division - marina bay npc,snatch theft,2011,9
central police division - marina bay npc,theft of motor vehicle,2024,0
central police division - marina bay npc,theft of motor vehicle,2023,1
central police division - marina bay npc,theft of motor vehicle,2022,3
central police division - marina bay npc,theft of motor vehicle,2021,2
central police division - marina bay npc,theft of motor vehicle,2020,1
central police division - marina bay npc,theft of motor vehicle,2019,1
central police division - marina bay npc,theft of motor vehicle,2018,3
central police division - marina bay npc,theft of motor vehicle,2017,6
central police division - marina bay npc,theft of motor vehicle,2016,4
central police division - marina bay npc,theft of motor vehicle,2015,2
central police division - marina bay npc,theft of motor vehicle,2014,1
central police division - marina bay npc,theft of motor vehicle,2013,2
central police division - marina bay npc,theft of motor vehicle,2012,4
central police division - marina bay npc,theft of motor vehicle,2011,9
central police division - marina bay npc,outrage of modesty,2024,126
central police division - marina bay npc,outrage of modesty,2023,151
central police division - marina bay npc,outrage of modesty,2022,139
central police division - marina bay npc,outrage of modesty,2021,78
central police division - marina bay npc,outrage of modesty,2020,66
central police division - marina bay npc,outrage of modesty,2019,138
central police division - marina bay npc,outrage of modesty,2018,141
central police division - marina bay npc,outrage of modesty,2017,119
central police division - marina bay npc,outrage of modesty,2016,69
central police division - marina bay npc,outrage of modesty,2015,92
central police division - marina bay npc,outrage of modesty,2014,95
central police division - marina bay npc,outrage of modesty,2013,70
central police division - marina bay npc,outrage of modesty,2012,85
central police division - marina bay npc,outrage of modesty,2011,77
central police division - rochor npc,robbery,2024,0
central police division - rochor npc,robbery,2023,2
central police division - rochor npc,robbery,2022,1
central police division - rochor npc,robbery,2021,3
central police division - rochor npc,robbery,2020,1
central police division - rochor npc,robbery,2019,4
central police division - rochor npc,robbery,2018,10
central police division - rochor npc,robbery,2017,8
central police division - rochor npc,robbery,2016,12
central police division - rochor npc,robbery,2015,14
central police division - rochor npc,robbery,2014,17
central police division - rochor npc,robbery,2013,26
central police division - rochor npc,robbery,2012,18
central police division - rochor npc,robbery,2011,23
central police division - rochor npc,housebreaking,2024,5
central police division - rochor npc,housebreaking,2023,4
central police division - rochor npc,housebreaking,2022,7
central police division - rochor npc,housebreaking,2021,9
central police division - rochor npc,housebreaking,2020,10
central police division - rochor npc,housebreaking,2019,10
central police division - rochor npc,housebreaking,2018,8
central police division - rochor npc,housebreaking,2017,6
central police division - rochor npc,housebreaking,2016,9
central police division - rochor npc,housebreaking,2015,10
central police division - rochor npc,housebreaking,2014,13
central police division - rochor npc,housebreaking,2013,33
central police division - rochor npc,housebreaking,2012,17
central police division - rochor npc,housebreaking,2011,17
central police division - rochor npc,snatch theft,2024,2
central police division - rochor npc,snatch theft,2023,1
central police division - rochor npc,snatch theft,2022,1
central police division - rochor npc,snatch theft,2021,0
central police division - rochor npc,snatch theft,2020,1
central police division - rochor npc,snatch theft,2019,4
central police division - rochor npc,snatch theft,2018,4
central police division - rochor npc,snatch theft,2017,7
central police division - rochor npc,snatch theft,2016,3
central police division - rochor npc,snatch theft,2015,10
central police division - rochor npc,snatch theft,2014,9
central police division - rochor npc,snatch theft,2013,17
central police division - rochor npc,snatch theft,2012,21
central police division - rochor npc,snatch theft,2011,18
central police division - rochor npc,theft of motor vehicle,2024,3
central police division - rochor npc,theft of motor vehicle,2023,3
central police division - rochor npc,theft of motor vehicle,2022,3
central police division - rochor npc,theft of motor vehicle,2021,3
central police division - rochor npc,theft of motor vehicle,2020,2
central police division - rochor npc,theft of motor vehicle,2019,4
central police division - rochor npc,theft of motor vehicle,2018,3
central police division - rochor npc,theft of motor vehicle,2017,5
central police division - rochor npc,theft of motor vehicle,2016,8
central police division - rochor npc,theft of motor vehicle,2015,15
central police division - rochor npc,theft of motor vehicle,2014,20
central police division - rochor npc,theft of motor vehicle,2013,14
central police division - rochor npc,theft of motor vehicle,2012,31
central police division - rochor npc,theft of motor vehicle,2011,21
central police division - rochor npc,outrage of modesty,2024,60
central police division - rochor npc,outrage of modesty,2023,63
central police division - rochor npc,outrage of modesty,2022,84
central police division - rochor npc,outrage of modesty,2021,57
central police division - rochor npc,outrage of modesty,2020,62
central police division - rochor npc,outrage of modesty,2019,62
central police division - rochor npc,outrage of modesty,2018,69
central police division - rochor npc,outrage of modesty,2017,63
central police division - rochor npc,outrage of modesty,2016,48
central police division - rochor npc,outrage of modesty,2015,60
central police division - rochor npc,outrage of modesty,2014,67
central police division - rochor npc,outrage of modesty,2013,56
central police division - rochor npc,outrage of modesty,2012,60
central police division - rochor npc,outrage of modesty,2011,45
central police division - unknown npc,robbery,2024,0
central police division - unknown npc,robbery,2023,0
central police division - unknown npc,robbery,2022,0
central police division - unknown npc,robbery,2021,0
central police division - unknown npc,robbery,2020,0
central police division - unknown npc,robbery,2019,0
central police division - unknown npc,robbery,2018,0
central police division - unknown npc,robbery,2017,0
central police division - unknown npc,robbery,2016,0
central police division - unknown npc,robbery,2015,0
central police division - unknown npc,robbery,2014,0
central police division - unknown npc,robbery,2013,0
central police division - unknown npc,robbery,2012,0
central police division - unknown npc,robbery,2011,0
central police division - unknown npc,housebreaking,2024,0
central police division - unknown npc,housebreaking,2023,0
central police division - unknown npc,housebreaking,2022,0
central police division - unknown npc,housebreaking,2021,0
central police division - unknown npc,housebreaking,2020,0
central police division - unknown npc,housebreaking,2019,0
central police division - unknown npc,housebreaking,2018,0
central police division - unknown npc,housebreaking,2017,0
central police division - unknown npc,housebreaking,2016,0
central police division - unknown npc,housebreaking,2015,0
central police division - unknown npc,housebreaking,2014,0
central police division - unknown npc,housebreaking,2013,0
central police division - unknown npc,housebreaking,2012,0
central police division - unknown npc,housebreaking,2011,0
central police division - unknown npc,snatch theft,2024,0
central police division - unknown npc,snatch theft,2023,0
central police division - unknown npc,snatch theft,2022,0
central police division - unknown npc,snatch theft,2021,0
central police division - unknown npc,snatch theft,2020,0
central police division - unknown npc,snatch theft,2019,0
central police division - unknown npc,snatch theft,2018,0
central police division - unknown npc,snatch theft,2017,0
central police division - unknown npc,snatch theft,2016,0
central police division - unknown npc,snatch theft,2015,0
central police division - unknown npc,snatch theft,2014,0
central police division - unknown npc,snatch theft,2013,0
central police division - unknown npc,snatch theft,2012,0
central police division - unknown npc,snatch theft,2011,0
central police division - unknown npc,theft of motor vehicle,2024,0
central police division - unknown npc,theft of motor vehicle,2023,0
central police division - unknown npc,theft of motor vehicle,2022,0
central police division - unknown npc,theft of motor vehicle,2021,0
central police division - unknown npc,theft of motor vehicle,2020,0
central police division - unknown npc,theft of motor vehicle,2019,0
central police division - unknown npc,theft of motor vehicle,2018,0
central police division - unknown npc,theft of motor vehicle,2017,0
central police division - unknown npc,theft of motor vehicle,2016,0
central police division - unknown npc,theft of motor vehicle,2015,0
central police division - unknown npc,theft of motor vehicle,2014,0
central police division - unknown npc,theft of motor vehicle,2013,0
central police division - unknown npc,theft of motor vehicle,2012,0
central police division - unknown npc,theft of motor vehicle,2011,0
central police division - unknown npc,outrage of modesty,2024,3
central police division - unknown npc,outrage of modesty,2023,2
central police division - unknown npc,outrage of modesty,2022,2
central police division - unknown npc,outrage of modesty,2021,3
central police division - unknown npc,outrage of modesty,2020,3
central police division - unknown npc,outrage of modesty,2019,0
central police division - unknown npc,outrage of modesty,2018,0
central police division - unknown npc,outrage of modesty,2017,0
central police division - unknown npc,outrage of modesty,2016,0
central police division - unknown npc,outrage of modesty,2015,0
central police division - unknown npc,outrage of modesty,2014,0
central police division - unknown npc,outrage of modesty,2013,0
central police division - unknown npc,outrage of modesty,2012,0
central police division - unknown npc,outrage of modesty,2011,0
clementi police division,robbery,2024,1
clementi police division,robbery,2023,0
clementi police division,robbery,2022,2
clementi police division,robbery,2021,2
clementi police division,robbery,2020,4
clementi police division,robbery,2019,2
clementi police division,robbery,2018,3
clementi police division,robbery,2017,4
clementi police division,robbery,2016,5
clementi police division,robbery,2015,9
clementi police division,robbery,2014,25
clementi police division,robbery,2013,23
clementi police division,robbery,2012,24
clementi police division,robbery,2011,47
clementi police division,housebreaking,2024,17
clementi police division,housebreaking,2023,12
clementi police division,housebreaking,2022,7
clementi police division,housebreaking,2021,11
clementi police division,housebreaking,2020,32
clementi police division,housebreaking,2019,33
clementi police division,housebreaking,2018,32
clementi police division,housebreaking,2017,22
clementi police division,housebreaking,2016,26
clementi police division,housebreaking,2015,22
clementi police division,housebreaking,2014,49
clementi police division,housebreaking,2013,69
clementi police division,housebreaking,2012,92
clementi police division,housebreaking,2011,85
clementi police division,snatch theft,2024,1
clementi police division,snatch theft,2023,0
clementi police division,snatch theft,2022,0
clementi police division,snatch theft,2021,1
clementi police division,snatch theft,2020,2
clementi police division,snatch theft,2019,4
clementi police division,snatch theft,2018,4
clementi police division,snatch theft,2017,7
clementi police division,snatch theft,2016,3
clementi police division,snatch theft,2015,13
clementi police division,snatch theft,2014,17
clementi police division,snatch theft,2013,19
clementi police division,snatch theft,2012,27
clementi police division,snatch theft,2011,30
clementi police division,theft of motor vehicle,2024,13
clementi police division,theft of motor vehicle,2023,6
clementi police division,theft of motor vehicle,2022,11
clementi police division,theft of motor vehicle,2021,7
clementi police division,theft of motor vehicle,2020,9
clementi police division,theft of motor vehicle,2019,4
clementi police division,theft of motor vehicle,2018,8
clementi police division,theft of motor vehicle,2017,15
clementi police division,theft of motor vehicle,2016,16
clementi police division,theft of motor vehicle,2015,25
clementi police division,theft of motor vehicle,2014,19
clementi police division,theft of motor vehicle,2013,43
clementi police division,theft of motor vehicle,2012,60
clementi police division,theft of motor vehicle,2011,65
clementi police division,outrage of modesty,2024,175
clementi police division,outrage of modesty,2023,135
clementi police division,outrage of modesty,2022,149
clementi police division,outrage of modesty,2021,169
clementi police division,outrage of modesty,2020,156
clementi police division,outrage of modesty,2019,188
clementi police division,outrage of modesty,2018,166
clementi police division,outrage of modesty,2017,196
clementi police division,outrage of modesty,2016,153
clementi police division,outrage of modesty,2015,137
clementi police division,outrage of modesty,2014,152
clementi police division,outrage of modesty,2013,145
clementi police division,outrage of modesty,2012,143
clementi police division,outrage of modesty,2011,153
clementi police division - bukit merah west npc,robbery,2024,0
clementi police division - bukit merah west npc,robbery,2023,0
clementi police division - bukit merah west npc,robbery,2022,1
clementi police division - bukit merah west npc,robbery,2021,0
clementi police division - bukit merah west npc,robbery,2020,2
clementi police division - bukit merah west npc,robbery,2019,1
clementi police division - bukit merah west npc,robbery,2018,1
clementi police division - bukit merah west npc,robbery,2017,0
clementi police division - bukit merah west npc,robbery,2016,2
clementi police division - bukit merah west npc,robbery,2015,2
clementi police division - bukit merah west npc,robbery,2014,12
clementi police division - bukit merah west npc,robbery,2013,6
clementi police division - bukit merah west npc,robbery,2012,6
clementi police division - bukit merah west npc,robbery,2011,22
clementi police division - bukit merah west npc,housebreaking,2024,3
clementi police division - bukit merah west npc,housebreaking,2023,5
clementi police division - bukit merah west npc,housebreaking,2022,3
clementi police division - bukit merah west npc,housebreaking,2021,4
clementi police division - bukit merah west npc,housebreaking,2020,16
clementi police division - bukit merah west npc,housebreaking,2019,12
clementi police division - bukit merah west npc,housebreaking,2018,5
clementi police division - bukit merah west npc,housebreaking,2017,5
clementi police division - bukit merah west npc,housebreaking,2016,9
clementi police division - bukit merah west npc,housebreaking,2015,5
clementi police division - bukit merah west npc,housebreaking,2014,8
clementi police division - bukit merah west npc,housebreaking,2013,17
clementi police division - bukit merah west npc,housebreaking,2012,25
clementi police division - bukit merah west npc,housebreaking,2011,18
clementi police division - bukit merah west npc,snatch theft,2024,1
clementi police division - bukit merah west npc,snatch theft,2023,0
clementi police division - bukit merah west npc,snatch theft,2022,0
clementi police division - bukit merah west npc,snatch theft,2021,0
clementi police division - bukit merah west npc,snatch theft,2020,0
clementi police division - bukit merah west npc,snatch theft,2019,1
clementi police division - bukit merah west npc,snatch theft,2018,0
clementi police division - bukit merah west npc,snatch theft,2017,4
clementi police division - bukit merah west npc,snatch theft,2016,1
clementi police division - bukit merah west npc,snatch theft,2015,2
clementi police division - bukit merah west npc,snatch theft,2014,4
clementi police division - bukit merah west npc,snatch theft,2013,4
clementi police division - bukit merah west npc,snatch theft,2012,6
clementi police division - bukit merah west npc,snatch theft,2011,12
clementi police division - bukit merah west npc,theft of motor vehicle,2024,5
clementi police division - bukit merah west npc,theft of motor vehicle,2023,2
clementi police division - bukit merah west npc,theft of motor vehicle,2022,2
clementi police division - bukit merah west npc,theft of motor vehicle,2021,5
clementi police division - bukit merah west npc,theft of motor vehicle,2020,1
clementi police division - bukit merah west npc,theft of motor vehicle,2019,1
clementi police division - bukit merah west npc,theft of motor vehicle,2018,2
clementi police division - bukit merah west npc,theft of motor vehicle,2017,3
clementi police division - bukit merah west npc,theft of motor vehicle,2016,6
clementi police division - bukit merah west npc,theft of motor vehicle,2015,7
clementi police division - bukit merah west npc,theft of motor vehicle,2014,9
clementi police division - bukit merah west npc,theft of motor vehicle,2013,17
clementi police division - bukit merah west npc,theft of motor vehicle,2012,25
clementi police division - bukit merah west npc,theft of motor vehicle,2011,36
clementi police division - bukit merah west npc,outrage of modesty,2024,46
clementi police division - bukit merah west npc,outrage of modesty,2023,26
clementi police division - bukit merah west npc,outrage of modesty,2022,37
clementi police division - bukit merah west npc,outrage of modesty,2021,32
clementi police division - bukit merah west npc,outrage of modesty,2020,35
clementi police division - bukit merah west npc,outrage of modesty,2019,37
clementi police division - bukit merah west npc,outrage of modesty,2018,44
clementi police division - bukit merah west npc,outrage of modesty,2017,52
clementi police division - bukit merah west npc,outrage of modesty,2016,46
clementi police division - bukit merah west npc,outrage of modesty,2015,32
clementi police division - bukit merah west npc,outrage of modesty,2014,33
clementi police division - bukit merah west npc,outrage of modesty,2013,38
clementi police division - bukit merah west npc,outrage of modesty,2012,43
clementi police division - bukit merah west npc,outrage of modesty,2011,47
clementi police division - clementi npc,robbery,2024,0
clementi police division - clementi npc,robbery,2023,0
clementi police division - clementi npc,robbery,2022,1
clementi police division - clementi npc,robbery,2021,0
clementi police division - clementi npc,robbery,2020,0
clementi police division - clementi npc,robbery,2019,0
clementi police division - clementi npc,robbery,2018,2
clementi police division - clementi npc,robbery,2017,1
clementi police division - clementi npc,robbery,2016,1
clementi police division - clementi npc,robbery,2015,3
clementi police division - clementi npc,robbery,2014,3
clementi police division - clementi npc,robbery,2013,8
clementi police division - clementi npc,robbery,2012,5
clementi police division - clementi npc,robbery,2011,8
clementi police division - clementi npc,housebreaking,2024,4
clementi police division - clementi npc,housebreaking,2023,1
clementi police division - clementi npc,housebreaking,2022,1
clementi police division - clementi npc,housebreaking,2021,0
clementi police division - clementi npc,housebreaking,2020,9
clementi police division - clementi npc,housebreaking,2019,6
clementi police division - clementi npc,housebreaking,2018,8
clementi police division - clementi npc,housebreaking,2017,7
clementi police division - clementi npc,housebreaking,2016,4
clementi police division - clementi npc,housebreaking,2015,6
clementi police division - clementi npc,housebreaking,2014,20
clementi police division - clementi npc,housebreaking,2013,10
clementi police division - clementi npc,housebreaking,2012,19
clementi police division - clementi npc,housebreaking,2011,25
clementi police division - clementi npc,snatch theft,2024,0
clementi police division - clementi npc,snatch theft,2023,0
clementi police division - clementi npc,snatch theft,2022,0
clementi police division - clementi npc,snatch theft,2021,0
clementi police division - clementi npc,snatch theft,2020,2
clementi police division - clementi npc,snatch theft,2019,1
clementi police division - clementi npc,snatch theft,2018,2
clementi police division - clementi npc,snatch theft,2017,1
clementi police division - clementi npc,snatch theft,2016,0
clementi police division - clementi npc,snatch theft,2015,3
clementi police division - clementi npc,snatch theft,2014,7
clementi police division - clementi npc,snatch theft,2013,3
clementi police division - clementi npc,snatch theft,2012,7
clementi police division - clementi npc,snatch theft,2011,6
clementi police division - clementi npc,theft of motor vehicle,2024,2
clementi police division - clementi npc,theft of motor vehicle,2023,1
clementi police division - clementi npc,theft of motor vehicle,2022,4
clementi police division - clementi npc,theft of motor vehicle,2021,2
clementi police division - clementi npc,theft of motor vehicle,2020,1
clementi police division - clementi npc,theft of motor vehicle,2019,3
clementi police division - clementi npc,theft of motor vehicle,2018,0
clementi police division - clementi npc,theft of motor vehicle,2017,4
clementi police division - clementi npc,theft of motor vehicle,2016,3
clementi police division - clementi npc,theft of motor vehicle,2015,7
clementi police division - clementi npc,theft of motor vehicle,2014,4
clementi police division - clementi npc,theft of motor vehicle,2013,6
clementi police division - clementi npc,theft of motor vehicle,2012,16
clementi police division - clementi npc,theft of motor vehicle,2011,10
clementi police division - clementi npc,outrage of modesty,2024,26
clementi police division - clementi npc,outrage of modesty,2023,29
clementi police division - clementi npc,outrage of modesty,2022,25
clementi police division - clementi npc,outrage of modesty,2021,30
clementi police division - clementi npc,outrage of modesty,2020,31
clementi police division - clementi npc,outrage of modesty,2019,38
clementi police division - clementi npc,outrage of modesty,2018,28
clementi police division - clementi npc,outrage of modesty,2017,37
clementi police division - clementi npc,outrage of modesty,2016,29
clementi police division - clementi npc,outrage of modesty,2015,35
clementi police division - clementi npc,outrage of modesty,2014,37
clementi police division - clementi npc,outrage of modesty,2013,33
clementi police division - clementi npc,outrage of modesty,2012,34
clementi police division - clementi npc,outrage of modesty,2011,24
clementi police division - jurong east npc,robbery,2024,0
clementi police division - jurong east npc,robbery,2023,0
clementi police division - jurong east npc,robbery,2022,0
clementi police division - jurong east npc,robbery,2021,2
clementi police division - jurong east npc,robbery,2020,1
clementi police division - jurong east npc,robbery,2019,0
clementi police division - jurong east npc,robbery,2018,0
clementi police division - jurong east npc,robbery,2017,2
clementi police division - jurong east npc,robbery,2016,1
clementi police division - jurong east npc,robbery,2015,2
clementi police division - jurong east npc,robbery,2014,9
clementi police division - jurong east npc,robbery,2013,5
clementi police division - jurong east npc,robbery,2012,9
clementi police division - jurong east npc,robbery,2011,9
clementi police division - jurong east npc,housebreaking,2024,2
clementi police division - jurong east npc,housebreaking,2023,4
clementi police division - jurong east npc,housebreaking,2022,0
clementi police division - jurong east npc,housebreaking,2021,3
clementi police division - jurong east npc,housebreaking,2020,5
clementi police division - jurong east npc,housebreaking,2019,5
clementi police division - jurong east npc,housebreaking,2018,8
clementi police division - jurong east npc,housebreaking,2017,3
clementi police division - jurong east npc,housebreaking,2016,3
clementi police division - jurong east npc,housebreaking,2015,6
clementi police division - jurong east npc,housebreaking,2014,7
clementi police division - jurong east npc,housebreaking,2013,9
clementi police division - jurong east npc,housebreaking,2012,12
clementi police division - jurong east npc,housebreaking,2011,17
clementi police division - jurong east npc,snatch theft,2024,0
clementi police division - jurong east npc,snatch theft,2023,0
clementi police division - jurong east npc,snatch theft,2022,0
clementi police division - jurong east npc,snatch theft,2021,1
clementi police division - jurong east npc,snatch theft,2020,0
clementi police division - jurong east npc,snatch theft,2019,0
clementi police division - jurong east npc,snatch theft,2018,0
clementi police division - jurong east npc,snatch theft,2017,1
clementi police division - jurong east npc,snatch theft,2016,2
clementi police division - jurong east npc,snatch theft,2015,5
clementi police division - jurong east npc,snatch theft,2014,4
clementi police division - jurong east npc,snatch theft,2013,5
clementi police division - jurong east npc,snatch theft,2012,4
clementi police division - jurong east npc,snatch theft,2011,5
clementi police division - jurong east npc,theft of motor vehicle,2024,3
clementi police division - jurong east npc,theft of motor vehicle,2023,1
clementi police division - jurong east npc,theft of motor vehicle,2022,4
clementi police division - jurong east npc,theft of motor vehicle,2021,0
clementi police division - jurong east npc,theft of motor vehicle,2020,5
clementi police division - jurong east npc,theft of motor vehicle,2019,0
clementi police division - jurong east npc,theft of motor vehicle,2018,3
clementi police division - jurong east npc,theft of motor vehicle,2017,3
clementi police division - jurong east npc,theft of motor vehicle,2016,3
clementi police division - jurong east npc,theft of motor vehicle,2015,8
clementi police division - jurong east npc,theft of motor vehicle,2014,2
clementi police division - jurong east npc,theft of motor vehicle,2013,9
clementi police division - jurong east npc,theft of motor vehicle,2012,8
clementi police division - jurong east npc,theft of motor vehicle,2011,8
clementi police division - jurong east npc,outrage of modesty,2024,45
clementi police division - jurong east npc,outrage of modesty,2023,40
clementi police division - jurong east npc,outrage of modesty,2022,48
clementi police division - jurong east npc,outrage of modesty,2021,39
clementi police division - jurong east npc,outrage of modesty,2020,35
clementi police division - jurong east npc,outrage of modesty,2019,57
clementi police division - jurong east npc,outrage of modesty,2018,45
clementi police division - jurong east npc,outrage of modesty,2017,55
clementi police division - jurong east npc,outrage of modesty,2016,31
clementi police division - jurong east npc,outrage of modesty,2015,31
clementi police division - jurong east npc,outrage of modesty,2014,46
clementi police division - jurong east npc,outrage of modesty,2013,45
clementi police division - jurong east npc,outrage of modesty,2012,34
clementi police division - jurong east npc,outrage of modesty,2011,44
clementi police division - queenstown npc,robbery,2024,1
clementi police division - queenstown npc,robbery,2023,0
clementi police division - queenstown npc,robbery,2022,0
clementi police division - queenstown npc,robbery,2021,0
clementi police division - queenstown npc,robbery,2020,1
clementi police division - queenstown npc,robbery,2019,1
clementi police division - queenstown npc,robbery,2018,0
clementi police division - queenstown npc,robbery,2017,1
clementi police division - queenstown npc,robbery,2016,1
clementi police division - queenstown npc,robbery,2015,2
clementi police division - queenstown npc,robbery,2014,1
clementi police division - queenstown npc,robbery,2013,4
clementi police division - queenstown npc,robbery,2012,4
clementi police division - queenstown npc,robbery,2011,8
clementi police division - queenstown npc,housebreaking,2024,8
clementi police division - queenstown npc,housebreaking,2023,2
clementi police division - queenstown npc,housebreaking,2022,3
clementi police division - queenstown npc,housebreaking,2021,4
clementi police division - queenstown npc,housebreaking,2020,2
clementi police division - queenstown npc,housebreaking,2019,10
clementi police division - queenstown npc,housebreaking,2018,11
clementi police division - queenstown npc,housebreaking,2017,7
clementi police division - queenstown npc,housebreaking,2016,10
clementi police division - queenstown npc,housebreaking,2015,5
clementi police division - queenstown npc,housebreaking,2014,14
clementi police division - queenstown npc,housebreaking,2013,33
clementi police division - queenstown npc,housebreaking,2012,36
clementi police division - queenstown npc,housebreaking,2011,25
clementi police division - queenstown npc,snatch theft,2024,0
clementi police division - queenstown npc,snatch theft,2023,0
clementi police division - queenstown npc,snatch theft,2022,0
clementi police division - queenstown npc,snatch theft,2021,0
clementi police division - queenstown npc,snatch theft,2020,0
clementi police division - queenstown npc,snatch theft,2019,2
clementi police division - queenstown npc,snatch theft,2018,2
clementi police division - queenstown npc,snatch theft,2017,1
clementi police division - queenstown npc,snatch theft,2016,0
clementi police division - queenstown npc,snatch theft,2015,3
clementi police division - queenstown npc,snatch theft,2014,2
clementi police division - queenstown npc,snatch theft,2013,7
clementi police division - queenstown npc,snatch theft,2012,10
clementi police division - queenstown npc,snatch theft,2011,7
clementi police division - queenstown npc,theft of motor vehicle,2024,3
clementi police division - queenstown npc,theft of motor vehicle,2023,2
clementi police division - queenstown npc,theft of motor vehicle,2022,1
clementi police division - queenstown npc,theft of motor vehicle,2021,0
clementi police division - queenstown npc,theft of motor vehicle,2020,2
clementi police division - queenstown npc,theft of motor vehicle,2019,0
clementi police division - queenstown npc,theft of motor vehicle,2018,3
clementi police division - queenstown npc,theft of motor vehicle,2017,5
clementi police division - queenstown npc,theft of motor vehicle,2016,4
clementi police division - queenstown npc,theft of motor vehicle,2015,3
clementi police division - queenstown npc,theft of motor vehicle,2014,4
clementi police division - queenstown npc,theft of motor vehicle,2013,11
clementi police division - queenstown npc,theft of motor vehicle,2012,11
clementi police division - queenstown npc,theft of motor vehicle,2011,11
clementi police division - queenstown npc,outrage of modesty,2024,58
clementi police division - queenstown npc,outrage of modesty,2023,39
clementi police division - queenstown npc,outrage of modesty,2022,39
clementi police division - queenstown npc,outrage of modesty,2021,67
clementi police division - queenstown npc,outrage of modesty,2020,55
clementi police division - queenstown npc,outrage of modesty,2019,56
clementi police division - queenstown npc,outrage of modesty,2018,49
clementi police division - queenstown npc,outrage of modesty,2017,52
clementi police division - queenstown npc,outrage of modesty,2016,47
clementi police division - queenstown npc,outrage of modesty,2015,39
clementi police division - queenstown npc,outrage of modesty,2014,36
clementi police division - queenstown npc,outrage of modesty,2013,29
clementi police division - queenstown npc,outrage of modesty,2012,32
clementi police division - queenstown npc,outrage of modesty,2011,38
clementi police division - unknown npc,robbery,2024,0
clementi police division - unknown npc,robbery,2023,0
clementi police division - unknown npc,robbery,2022,0
clementi police division - unknown npc,robbery,2021,0
clementi police division - unknown npc,robbery,2020,0
clementi police division - unknown npc,robbery,2019,0
clementi police division - unknown npc,robbery,2018,0
clementi police division - unknown npc,robbery,2017,0
clementi police division - unknown npc,robbery,2016,0
clementi police division - unknown npc,robbery,2015,0
clementi police division - unknown npc,robbery,2014,0
clementi police division - unknown npc,robbery,2013,0
clementi police division - unknown npc,robbery,2012,0
clementi police division - unknown npc,robbery,2011,0
clementi police division - unknown npc,housebreaking,2024,0
clementi police division - unknown npc,housebreaking,2023,0
clementi police division - unknown npc,housebreaking,2022,0
clementi police division - unknown npc,housebreaking,2021,0
clementi police division - unknown npc,housebreaking,2020,0
clementi police division - unknown npc,housebreaking,2019,0
clementi police division - unknown npc,housebreaking,2018,0
clementi police division - unknown npc,housebreaking,2017,0
clementi police division - unknown npc,housebreaking,2016,0
clementi police division - unknown npc,housebreaking,2015,0
clementi police division - unknown npc,housebreaking,2014,0
clementi police division - unknown npc,housebreaking,2013,0
clementi police division - unknown npc,housebreaking,2012,0
clementi police division - unknown npc,housebreaking,2011,0
clementi police division - unknown npc,snatch theft,2024,0
clementi police division - unknown npc,snatch theft,2023,0
clementi police division - unknown npc,snatch theft,2022,0
clementi police division - unknown npc,snatch theft,2021,0
clementi police division - unknown npc,snatch theft,2020,0
clementi police division - unknown npc,snatch theft,2019,0
clementi police division - unknown npc,snatch theft,2018,0
clementi police division - unknown npc,snatch theft,2017,0
clementi police division - unknown npc,snatch theft,2016,0
clementi police division - unknown npc,snatch theft,2015,0
clementi police division - unknown npc,snatch theft,2014,0
clementi police division - unknown npc,snatch theft,2013,0
clementi police division - unknown npc,snatch theft,2012,0
clementi police division - unknown npc,snatch theft,2011,0
clementi police division - unknown npc,theft of motor vehicle,2024,0
clementi police division - unknown npc,theft of motor vehicle,2023,0
clementi police division - unknown npc,theft of motor vehicle,2022,0
clementi police division - unknown npc,theft of motor vehicle,2021,0
clementi police division - unknown npc,theft of motor vehicle,2020,0
clementi police division - unknown npc,theft of motor vehicle,2019,0
clementi police division - unknown npc,theft of motor vehicle,2018,0
clementi police division - unknown npc,theft of motor vehicle,2017,0
clementi police division - unknown npc,theft of motor vehicle,2016,0
clementi police division - unknown npc,theft of motor vehicle,2015,0
clementi police division - unknown npc,theft of motor vehicle,2014,0
clementi police division - unknown npc,theft of motor vehicle,2013,0
clementi police division - unknown npc,theft of motor vehicle,2012,0
clementi police division - unknown npc,theft of motor vehicle,2011,0
clementi police division - unknown npc,outrage of modesty,2024,0
clementi police division - unknown npc,outrage of modesty,2023,1
clementi police division - unknown npc,outrage of modesty,2022,0
clementi police division - unknown npc,outrage of modesty,2021,1
clementi police division - unknown npc,outrage of modesty,2020,0
clementi police division - unknown npc,outrage of modesty,2019,0
clementi police division - unknown npc,outrage of modesty,2018,0
clementi police division - unknown npc,outrage of modesty,2017,0
clementi police division - unknown npc,outrage of modesty,2016,0
clementi police division - unknown npc,outrage of modesty,2015,0
clementi police division - unknown npc,outrage of modesty,2014,0
clementi police division - unknown npc,outrage of modesty,2013,0
clementi police division - unknown npc,outrage of modesty,2012,0
clementi police division - unknown npc,outrage of modesty,2011,0
tanglin police division,robbery,2024,3
tanglin police division,robbery,2023,1
tanglin police division,robbery,2022,3
tanglin police division,robbery,2021,3
tanglin police division,robbery,2020,6
tanglin police division,robbery,2019,11
tanglin police division,robbery,2018,10
tanglin police division,robbery,2017,12
tanglin police division,robbery,2016,14
tanglin police division,robbery,2015,15
tanglin police division,robbery,2014,30
tanglin police division,robbery,2013,31
tanglin police division,robbery,2012,36
tanglin police division,robbery,2011,35
tanglin police division,housebreaking,2024,13
tanglin police division,housebreaking,2023,19
tanglin police division,housebreaking,2022,9
tanglin police division,housebreaking,2021,9
tanglin police division,housebreaking,2020,24
tanglin police division,housebreaking,2019,26
tanglin police division,housebreaking,2018,24
tanglin police division,housebreaking,2017,17
tanglin police division,housebreaking,2016,31
tanglin police division,housebreaking,2015,32
tanglin police division,housebreaking,2014,47
tanglin police division,housebreaking,2013,79
tanglin police division,housebreaking,2012,56
tanglin police division,housebreaking,2011,75
tanglin police division,snatch theft,2024,1
tanglin police division,snatch theft,2023,0
tanglin police division,snatch theft,2022,3
tanglin police division,snatch theft,2021,1
tanglin police division,snatch theft,2020,0
tanglin police division,snatch theft,2019,2
tanglin police division,snatch theft,2018,2
tanglin police division,snatch theft,2017,1
tanglin police division,snatch theft,2016,4
tanglin police division,snatch theft,2015,8
tanglin police division,snatch theft,2014,16
tanglin police division,snatch theft,2013,17
tanglin police division,snatch theft,2012,33
tanglin police division,snatch theft,2011,42
tanglin police division,theft of motor vehicle,2024,7
tanglin police division,theft of motor vehicle,2023,1
tanglin police division,theft of motor vehicle,2022,3
tanglin police division,theft of motor vehicle,2021,5
tanglin police division,theft of motor vehicle,2020,4
tanglin police division,theft of motor vehicle,2019,7
tanglin police division,theft of motor vehicle,2018,6
tanglin police division,theft of motor vehicle,2017,9
tanglin police division,theft of motor vehicle,2016,12
tanglin police division,theft of motor vehicle,2015,14
tanglin police division,theft of motor vehicle,2014,28
tanglin police division,theft of motor vehicle,2013,35
tanglin police division,theft of motor vehicle,2012,39
tanglin police division,theft of motor vehicle,2011,47
tanglin police division,outrage of modesty,2024,227
tanglin police division,outrage of modesty,2023,259
tanglin police division,outrage of modesty,2022,259
tanglin police division,outrage of modesty,2021,213
tanglin police division,outrage of modesty,2020,168
tanglin police division,outrage of modesty,2019,275
tanglin police division,outrage of modesty,2018,311
tanglin police division,outrage of modesty,2017,262
tanglin police division,outrage of modesty,2016,206
tanglin police division,outrage of modesty,2015,191
tanglin police division,outrage of modesty,2014,203
tanglin police division,outrage of modesty,2013,208
tanglin police division,outrage of modesty,2012,242
tanglin police division,outrage of modesty,2011,224
tanglin police division - bishan npc,robbery,2024,0
tanglin police division - bishan npc,robbery,2023,0
tanglin police division - bishan npc,robbery,2022,0
tanglin police division - bishan npc,robbery,2021,1
tanglin police division - bishan npc,robbery,2020,0
tanglin police division - bishan npc,robbery,2019,0
tanglin police division - bishan npc,robbery,2018,1
tanglin police division - bishan npc,robbery,2017,2
tanglin police division - bishan npc,robbery,2016,4
tanglin police division - bishan npc,robbery,2015,1
tanglin police division - bishan npc,robbery,2014,3
tanglin police division - bishan npc,robbery,2013,6
tanglin police division - bishan npc,robbery,2012,1
tanglin police division - bishan npc,robbery,2011,6
tanglin police division - bishan npc,housebreaking,2024,3
tanglin police division - bishan npc,housebreaking,2023,2
tanglin police division - bishan npc,housebreaking,2022,0
tanglin police division - bishan npc,housebreaking,2021,1
tanglin police division - bishan npc,housebreaking,2020,3
tanglin police division - bishan npc,housebreaking,2019,0
tanglin police division - bishan npc,housebreaking,2018,5
tanglin police division - bishan npc,housebreaking,2017,2
tanglin police division - bishan npc,housebreaking,2016,4
tanglin police division - bishan npc,housebreaking,2015,5
tanglin police division - bishan npc,housebreaking,2014,9
tanglin police division - bishan npc,housebreaking,2013,9
tanglin police division - bishan npc,housebreaking,2012,16
tanglin police division - bishan npc,housebreaking,2011,17
tanglin police division - bishan npc,snatch theft,2024,0
tanglin police division - bishan npc,snatch theft,2023,0
tanglin police division - bishan npc,snatch theft,2022,0
tanglin police division - bishan npc,snatch theft,2021,0
tanglin police division - bishan npc,snatch theft,2020,0
tanglin police division - bishan npc,snatch theft,2019,0
tanglin police division - bishan npc,snatch theft,2018,0
tanglin police division - bishan npc,snatch theft,2017,0
tanglin police division - bishan npc,snatch theft,2016,0
tanglin police division - bishan npc,snatch theft,2015,3
tanglin police division - bishan npc,snatch theft,2014,2
tanglin police division - bishan npc,snatch theft,2013,4
tanglin police division - bishan npc,snatch theft,2012,0
tanglin police division - bishan npc,snatch theft,2011,7
tanglin police division - bishan npc,theft of motor vehicle,2024,1
tanglin police division - bishan npc,theft of motor vehicle,2023,0
tanglin police division - bishan npc,theft of motor vehicle,2022,1
tanglin police division - bishan npc,theft of motor vehicle,2021,4
tanglin police division - bishan npc,theft of motor vehicle,2020,0
tanglin police division - bishan npc,theft of motor vehicle,2019,1
tanglin police division - bishan npc,theft of motor vehicle,2018,0
tanglin police division - bishan npc,theft of motor vehicle,2017,1
tanglin police division - bishan npc,theft of motor vehicle,2016,5
tanglin police division - bishan npc,theft of motor vehicle,2015,3
tanglin police division - bishan npc,theft of motor vehicle,2014,5
tanglin police division - bishan npc,theft of motor vehicle,2013,5
tanglin police division - bishan npc,theft of motor vehicle,2012,4
tanglin police division - bishan npc,theft of motor vehicle,2011,11
tanglin police division - bishan npc,outrage of modesty,2024,22
tanglin police division - bishan npc,outrage of modesty,2023,27
tanglin police division - bishan npc,outrage of modesty,2022,24
tanglin police division - bishan npc,outrage of modesty,2021,31
tanglin police division - bishan npc,outrage of modesty,2020,16
tanglin police division - bishan npc,outrage of modesty,2019,21
tanglin police division - bishan npc,outrage of modesty,2018,38
tanglin police division - bishan npc,outrage of modesty,2017,24
tanglin police division - bishan npc,outrage of modesty,2016,22
tanglin police division - bishan npc,outrage of modesty,2015,17
tanglin police division - bishan npc,outrage of modesty,2014,16
tanglin police division - bishan npc,outrage of modesty,2013,33
tanglin police division - bishan npc,outrage of modesty,2012,22
tanglin police division - bishan npc,outrage of modesty,2011,26
tanglin police division - bukit timah npc,robbery,2024,0
tanglin police division - bukit timah npc,robbery,2023,0
tanglin police division - bukit timah npc,robbery,2022,0
tanglin police division - bukit timah npc,robbery,2021,0
tanglin police division - bukit timah npc,robbery,2020,1
tanglin police division - bukit timah npc,robbery,2019,0
tanglin police division - bukit timah npc,robbery,2018,3
tanglin police division - bukit timah npc,robbery,2017,0
tanglin police division - bukit timah npc,robbery,2016,0
tanglin police division - bukit timah npc,robbery,2015,1
tanglin police division - bukit timah npc,robbery,2014,4
tanglin police division - bukit timah npc,robbery,2013,1
tanglin police division - bukit timah npc,robbery,2012,2
tanglin police division - bukit timah npc,robbery,2011,1
tanglin police division - bukit timah npc,housebreaking,2024,2
tanglin police division - bukit timah npc,housebreaking,2023,2
tanglin police division - bukit timah npc,housebreaking,2022,2
tanglin police division - bukit timah npc,housebreaking,2021,3
tanglin police division - bukit timah npc,housebreaking,2020,2
tanglin police division - bukit timah npc,housebreaking,2019,6
tanglin police division - bukit timah npc,housebreaking,2018,5
tanglin police division - bukit timah npc,housebreaking,2017,2
tanglin police division - bukit timah npc,housebreaking,2016,8
tanglin police division - bukit timah npc,housebreaking,2015,7
tanglin police division - bukit timah npc,housebreaking,2014,8
tanglin police division - bukit timah npc,housebreaking,2013,14
tanglin police division - bukit timah npc,housebreaking,2012,11
tanglin police division - bukit timah npc,housebreaking,2011,7
tanglin police division - bukit timah npc,snatch theft,2024,0
tanglin police division - bukit timah npc,snatch theft,2023,0
tanglin police division - bukit timah npc,snatch theft,2022,0
tanglin police division - bukit timah npc,snatch theft,2021,0
tanglin police division - bukit timah npc,snatch theft,2020,0
tanglin police division - bukit timah npc,snatch theft,2019,0
tanglin police division - bukit timah npc,snatch theft,2018,0
tanglin police division - bukit timah npc,snatch theft,2017,0
tanglin police division - bukit timah npc,snatch theft,2016,0
tanglin police division - bukit timah npc,snatch theft,2015,0
tanglin police division - bukit timah npc,snatch theft,2014,4
tanglin police division - bukit timah npc,snatch theft,2013,2
tanglin police division - bukit timah npc,snatch theft,2012,5
tanglin police division - bukit timah npc,snatch theft,2011,1
tanglin police division - bukit timah npc,theft of motor vehicle,2024,1
tanglin police division - bukit timah npc,theft of motor vehicle,2023,0
tanglin police division - bukit timah npc,theft of motor vehicle,2022,0
tanglin police division - bukit timah npc,theft of motor vehicle,2021,0
tanglin police division - bukit timah npc,theft of motor vehicle,2020,2
tanglin police division - bukit timah npc,theft of motor vehicle,2019,1
tanglin police division - bukit timah npc,theft of motor vehicle,2018,2
tanglin police division - bukit timah npc,theft of motor vehicle,2017,0
tanglin police division - bukit timah npc,theft of motor vehicle,2016,2
tanglin police division - bukit timah npc,theft of motor vehicle,2015,2
tanglin police division - bukit timah npc,theft of motor vehicle,2014,3
tanglin police division - bukit timah npc,theft of motor vehicle,2013,4
tanglin police division - bukit timah npc,theft of motor vehicle,2012,2
tanglin police division - bukit timah npc,theft of motor vehicle,2011,8
tanglin police division - bukit timah npc,outrage of modesty,2024,20
tanglin police division - bukit timah npc,outrage of modesty,2023,29
tanglin police division - bukit timah npc,outrage of modesty,2022,29
tanglin police division - bukit timah npc,outrage of modesty,2021,30
tanglin police division - bukit timah npc,outrage of modesty,2020,24
tanglin police division - bukit timah npc,outrage of modesty,2019,32
tanglin police division - bukit timah npc,outrage of modesty,2018,31
tanglin police division - bukit timah npc,outrage of modesty,2017,23
tanglin police division - bukit timah npc,outrage of modesty,2016,17
tanglin police division - bukit timah npc,outrage of modesty,2015,19
tanglin police division - bukit timah npc,outrage of modesty,2014,21
tanglin police division - bukit timah npc,outrage of modesty,2013,17
tanglin police division - bukit timah npc,outrage of modesty,2012,28
tanglin police division - bukit timah npc,outrage of modesty,2011,15
tanglin police division - kampong java npc,robbery,2024,1
tanglin police division - kampong java npc,robbery,2023,0
tanglin police division - kampong java npc,robbery,2022,0
tanglin police division - kampong java npc,robbery,2021,1
tanglin police division - kampong java npc,robbery,2020,4
tanglin police division - kampong java npc,robbery,2019,2
tanglin police division - kampong java npc,robbery,2018,1
tanglin police division - kampong java npc,robbery,2017,2
tanglin police division - kampong java npc,robbery,2016,2
tanglin police division - kampong java npc,robbery,2015,6
tanglin police division - kampong java npc,robbery,2014,6
tanglin police division - kampong java npc,robbery,2013,15
tanglin police division - kampong java npc,robbery,2012,6
tanglin police division - kampong java npc,robbery,2011,6
tanglin police division - kampong java npc,housebreaking,2024,2
tanglin police division - kampong java npc,housebreaking,2023,3
tanglin police division - kampong java npc,housebreaking,2022,2
tanglin police division - kampong java npc,housebreaking,2021,1
tanglin police division - kampong java npc,housebreaking,2020,8
tanglin police division - kampong java npc,housebreaking,2019,4
tanglin police division - kampong java npc,housebreaking,2018,1
tanglin police division - kampong java npc,housebreaking,2017,3
tanglin police division - kampong java npc,housebreaking,2016,3
tanglin police division - kampong java npc,housebreaking,2015,6
tanglin police division - kampong java npc,housebreaking,2014,10
tanglin police division - kampong java npc,housebreaking,2013,13
tanglin police division - kampong java npc,housebreaking,2012,9
tanglin police division - kampong java npc,housebreaking,2011,8
tanglin police division - kampong java npc,snatch theft,2024,0
tanglin police division - kampong java npc,snatch theft,2023,0
tanglin police division - kampong java npc,snatch theft,2022,0
tanglin police division - kampong java npc,snatch theft,2021,0
tanglin police division - kampong java npc,snatch theft,2020,0
tanglin police division - kampong java npc,snatch theft,2019,0
tanglin police division - kampong java npc,snatch theft,2018,1
tanglin police division - kampong java npc,snatch theft,2017,0
tanglin police division - kampong java npc,snatch theft,2016,1
tanglin police division - kampong java npc,snatch theft,2015,2
tanglin police division - kampong java npc,snatch theft,2014,6
tanglin police division - kampong java npc,snatch theft,2013,2
tanglin police division - kampong java npc,snatch theft,2012,3
tanglin police division - kampong java npc,snatch theft,2011,7
tanglin police division - kampong java npc,theft of motor vehicle,2024,3
tanglin police division - kampong java npc,theft of motor vehicle,2023,0
tanglin police division - kampong java npc,theft of motor vehicle,2022,1
tanglin police division - kampong java npc,theft of motor vehicle,2021,0
tanglin police division - kampong java npc,theft of motor vehicle,2020,1
tanglin police division - kampong java npc,theft of motor vehicle,2019,1
tanglin police division - kampong java npc,theft of motor vehicle,2018,0
tanglin police division - kampong java npc,theft of motor vehicle,2017,1
tanglin police division - kampong java npc,theft of motor vehicle,2016,1
tanglin police division - kampong java npc,theft of motor vehicle,2015,1
tanglin police division - kampong java npc,theft of motor vehicle,2014,5
tanglin police division - kampong java npc,theft of motor vehicle,2013,4
tanglin police division - kampong java npc,theft of motor vehicle,2012,17
tanglin police division - kampong java npc,theft of motor vehicle,2011,5
tanglin police division - kampong java npc,outrage of modesty,2024,27
tanglin police division - kampong java npc,outrage of modesty,2023,33
tanglin police division - kampong java npc,outrage of modesty,2022,28
tanglin police division - kampong java npc,outrage of modesty,2021,43
tanglin police division - kampong java npc,outrage of modesty,2020,26
tanglin police division - kampong java npc,outrage of modesty,2019,28
tanglin police division - kampong java npc,outrage of modesty,2018,30
tanglin police division - kampong java npc,outrage of modesty,2017,32
tanglin police division - kampong java npc,outrage of modesty,2016,25
tanglin police division - kampong java npc,outrage of modesty,2015,28
tanglin police division - kampong java npc,outrage of modesty,2014,24
tanglin police division - kampong java npc,outrage of modesty,2013,29
tanglin police division - kampong java npc,outrage of modesty,2012,30
tanglin police division - kampong java npc,outrage of modesty,2011,26
tanglin police division - orchard npc,robbery,2024,1
tanglin police division - orchard npc,robbery,2023,0
tanglin police division - orchard npc,robbery,2022,1
tanglin police division - orchard npc,robbery,2021,0
tanglin police division - orchard npc,robbery,2020,0
tanglin police division - orchard npc,robbery,2019,3
tanglin police division - orchard npc,robbery,2018,2
tanglin police division - orchard npc,robbery,2017,5
tanglin police division - orchard npc,robbery,2016,5
tanglin police division - orchard npc,robbery,2015,6
tanglin police division - orchard npc,robbery,2014,8
tanglin police division - orchard npc,robbery,2013,7
tanglin police division - orchard npc,robbery,2012,15
tanglin police division - orchard npc,robbery,2011,10
tanglin police division - orchard npc,housebreaking,2024,6
tanglin police division - orchard npc,housebreaking,2023,5
tanglin police division - orchard npc,housebreaking,2022,2
tanglin police division - orchard npc,housebreaking,2021,2
tanglin police division - orchard npc,housebreaking,2020,5
tanglin police division - orchard npc,housebreaking,2019,5
tanglin police division - orchard npc,housebreaking,2018,9
tanglin police division - orchard npc,housebreaking,2017,3
tanglin police division - orchard npc,housebreaking,2016,8
tanglin police division - orchard npc,housebreaking,2015,5
tanglin police division - orchard npc,housebreaking,2014,11
tanglin police division - orchard npc,housebreaking,2013,13
tanglin police division - orchard npc,housebreaking,2012,10
tanglin police division - orchard npc,housebreaking,2011,17
tanglin police division - orchard npc,snatch theft,2024,1
tanglin police division - orchard npc,snatch theft,2023,0
tanglin police division - orchard npc,snatch theft,2022,1
tanglin police division - orchard npc,snatch theft,2021,0
tanglin police division - orchard npc,snatch theft,2020,0
tanglin police division - orchard npc,snatch theft,2019,1
tanglin police division - orchard npc,snatch theft,2018,0
tanglin police division - orchard npc,snatch theft,2017,1
tanglin police division - orchard npc,snatch theft,2016,0
tanglin police division - orchard npc,snatch theft,2015,3
tanglin police division - orchard npc,snatch theft,2014,4
tanglin police division - orchard npc,snatch theft,2013,7
tanglin police division - orchard npc,snatch theft,2012,10
tanglin police division - orchard npc,snatch theft,2011,14
tanglin police division - orchard npc,theft of motor vehicle,2024,1
tanglin police division - orchard npc,theft of motor vehicle,2023,0
tanglin police division - orchard npc,theft of motor vehicle,2022,0
tanglin police division - orchard npc,theft of motor vehicle,2021,0
tanglin police division - orchard npc,theft of motor vehicle,2020,0
tanglin police division - orchard npc,theft of motor vehicle,2019,2
tanglin police division - orchard npc,theft of motor vehicle,2018,1
tanglin police division - orchard npc,theft of motor vehicle,2017,3
tanglin police division - orchard npc,theft of motor vehicle,2016,3
tanglin police division - orchard npc,theft of motor vehicle,2015,1
tanglin police division - orchard npc,theft of motor vehicle,2014,7
tanglin police division - orchard npc,theft of motor vehicle,2013,6
tanglin police division - orchard npc,theft of motor vehicle,2012,2
tanglin police division - orchard npc,theft of motor vehicle,2011,7
tanglin police division - orchard npc,outrage of modesty,2024,125
tanglin police division - orchard npc,outrage of modesty,2023,124
tanglin police division - orchard npc,outrage of modesty,2022,133
tanglin police division - orchard npc,outrage of modesty,2021,64
tanglin police division - orchard npc,outrage of modesty,2020,57
tanglin police division - orchard npc,outrage of modesty,2019,145
tanglin police division - orchard npc,outrage of modesty,2018,173
tanglin police division - orchard npc,outrage of modesty,2017,146
tanglin police division - orchard npc,outrage of modesty,2016,108
tanglin police division - orchard npc,outrage of modesty,2015,93
tanglin police division - orchard npc,outrage of modesty,2014,108
tanglin police division - orchard npc,outrage of modesty,2013,102
tanglin police division - orchard npc,outrage of modesty,2012,125
tanglin police division - orchard npc,outrage of modesty,2011,108
tanglin police division - toa payoh npc,robbery,2024,1
tanglin police division - toa payoh npc,robbery,2023,1
tanglin police division - toa payoh npc,robbery,2022,2
tanglin police division - toa payoh npc,robbery,2021,1
tanglin police division - toa payoh npc,robbery,2020,1
tanglin police division - toa payoh npc,robbery,2019,6
tanglin police division - toa payoh npc,robbery,2018,3
tanglin police division - toa payoh npc,robbery,2017,3
tanglin police division - toa payoh npc,robbery,2016,3
tanglin police division - toa payoh npc,robbery,2015,1
tanglin police division - toa payoh npc,robbery,2014,9
tanglin police division - toa payoh npc,robbery,2013,2
tanglin police division - toa payoh npc,robbery,2012,12
tanglin police division - toa payoh npc,robbery,2011,12
tanglin police division - toa payoh npc,housebreaking,2024,0
tanglin police division - toa payoh npc,housebreaking,2023,7
tanglin police division - toa payoh npc,housebreaking,2022,3
tanglin police division - toa payoh npc,housebreaking,2021,2
tanglin police division - toa payoh npc,housebreaking,2020,6
tanglin police division - toa payoh npc,housebreaking,2019,11
tanglin police division - toa payoh npc,housebreaking,2018,4
tanglin police division - toa payoh npc,housebreaking,2017,7
tanglin police division - toa payoh npc,housebreaking,2016,8
tanglin police division - toa payoh npc,housebreaking,2015,9
tanglin police division - toa payoh npc,housebreaking,2014,9
tanglin police division - toa payoh npc,housebreaking,2013,30
tanglin police division - toa payoh npc,housebreaking,2012,10
tanglin police division - toa payoh npc,housebreaking,2011,26
tanglin police division - toa payoh npc,snatch theft,2024,0
tanglin police division - toa payoh npc,snatch theft,2023,0
tanglin police division - toa payoh npc,snatch theft,2022,2
tanglin police division - toa payoh npc,snatch theft,2021,1
tanglin police division - toa payoh npc,snatch theft,2020,0
tanglin police division - toa payoh npc,snatch theft,2019,1
tanglin police division - toa payoh npc,snatch theft,2018,1
tanglin police division - toa payoh npc,snatch theft,2017,0
tanglin police division - toa payoh npc,snatch theft,2016,3
tanglin police division - toa payoh npc,snatch theft,2015,0
tanglin police division - toa payoh npc,snatch theft,2014,0
tanglin police division - toa payoh npc,snatch theft,2013,2
tanglin police division - toa payoh npc,snatch theft,2012,15
tanglin police division - toa payoh npc,snatch theft,2011,13
tanglin police division - toa payoh npc,theft of motor vehicle,2024,1
tanglin police division - toa payoh npc,theft of motor vehicle,2023,1
tanglin police division - toa payoh npc,theft of motor vehicle,2022,1
tanglin police division - toa payoh npc,theft of motor vehicle,2021,1
tanglin police division - toa payoh npc,theft of motor vehicle,2020,1
tanglin police division - toa payoh npc,theft of motor vehicle,2019,2
tanglin police division - toa payoh npc,theft of motor vehicle,2018,3
tanglin police division - toa payoh npc,theft of motor vehicle,2017,4
tanglin police division - toa payoh npc,theft of motor vehicle,2016,1
tanglin police division - toa payoh npc,theft of motor vehicle,2015,7
tanglin police division - toa payoh npc,theft of motor vehicle,2014,8
tanglin police division - toa payoh npc,theft of motor vehicle,2013,16
tanglin police division - toa payoh npc,theft of motor vehicle,2012,14
tanglin police division - toa payoh npc,theft of motor vehicle,2011,16
tanglin police division - toa payoh npc,outrage of modesty,2024,32
tanglin police division - toa payoh npc,outrage of modesty,2023,44
tanglin police division - toa payoh npc,outrage of modesty,2022,42
tanglin police division - toa payoh npc,outrage of modesty,2021,44
tanglin police division - toa payoh npc,outrage of modesty,2020,45
tanglin police division - toa payoh npc,outrage of modesty,2019,49
tanglin police division - toa payoh npc,outrage of modesty,2018,39
tanglin police division - toa payoh npc,outrage of modesty,2017,37
tanglin police division - toa payoh npc,outrage of modesty,2016,34
tanglin police division - toa payoh npc,outrage of modesty,2015,34
tanglin police division - toa payoh npc,outrage of modesty,2014,34
tanglin police division - toa payoh npc,outrage of modesty,2013,27
tanglin police division - toa payoh npc,outrage of modesty,2012,37
tanglin police division - toa payoh npc,outrage of modesty,2011,49
tanglin police division - unknown npc,robbery,2024,0
tanglin police division - unknown npc,robbery,2023,0
tanglin police division - unknown npc,robbery,2022,0
tanglin police division - unknown npc,robbery,2021,0
tanglin police division - unknown npc,robbery,2020,0
tanglin police division - unknown npc,robbery,2019,0
tanglin police division - unknown npc,robbery,2018,0
tanglin police division - unknown npc,robbery,2017,0
tanglin police division - unknown npc,robbery,2016,0
tanglin police division - unknown npc,robbery,2015,0
tanglin police division - unknown npc,robbery,2014,0
tanglin police division - unknown npc,robbery,2013,0
tanglin police division - unknown npc,robbery,2012,0
tanglin police division - unknown npc,robbery,2011,0
tanglin police division - unknown npc,housebreaking,2024,0
tanglin police division - unknown npc,housebreaking,2023,0
tanglin police division - unknown npc,housebreaking,2022,0
tanglin police division - unknown npc,housebreaking,2021,0
tanglin police division - unknown npc,housebreaking,2020,0
tanglin police division - unknown npc,housebreaking,2019,0
tanglin police division - unknown npc,housebreaking,2018,0
tanglin police division - unknown npc,housebreaking,2017,0
tanglin police division - unknown npc,housebreaking,2016,0
tanglin police division - unknown npc,housebreaking,2015,0
tanglin police division - unknown npc,housebreaking,2014,0
tanglin police division - unknown npc,housebreaking,2013,0
tanglin police division - unknown npc,housebreaking,2012,0
tanglin police division - unknown npc,housebreaking,2011,0
tanglin police division - unknown npc,snatch theft,2024,0
tanglin police division - unknown npc,snatch theft,2023,0
tanglin police division - unknown npc,snatch theft,2022,0
tanglin police division - unknown npc,snatch theft,2021,0
tanglin police division - unknown npc,snatch theft,2020,0
tanglin police division - unknown npc,snatch theft,2019,0
tanglin police division - unknown npc,snatch theft,2018,0
tanglin police division - unknown npc,snatch theft,2017,0
tanglin police division - unknown npc,snatch theft,2016,0
tanglin police division - unknown npc,snatch theft,2015,0
tanglin police division - unknown npc,snatch theft,2014,0
tanglin police division - unknown npc,snatch theft,2013,0
tanglin police division - unknown npc,snatch theft,2012,0
tanglin police division - unknown npc,snatch theft,2011,0
tanglin police division - unknown npc,theft of motor vehicle,2024,0
tanglin police division - unknown npc,theft of motor vehicle,2023,0
tanglin police division - unknown npc,theft of motor vehicle,2022,0
tanglin police division - unknown npc,theft of motor vehicle,2021,0
tanglin police division - unknown npc,theft of motor vehicle,2020,0
tanglin police division - unknown npc,theft of motor vehicle,2019,0
tanglin police division - unknown npc,theft of motor vehicle,2018,0
tanglin police division - unknown npc,theft of motor vehicle,2017,0
tanglin police division - unknown npc,theft of motor vehicle,2016,0
tanglin police division - unknown npc,theft of motor vehicle,2015,0
tanglin police division - unknown npc,theft of motor vehicle,2014,0
tanglin police division - unknown npc,theft of motor vehicle,2013,0
tanglin police division - unknown npc,theft of motor vehicle,2012,0
tanglin police division - unknown npc,theft of motor vehicle,2011,0
tanglin police division - unknown npc,outrage of modesty,2024,1
tanglin police division - unknown npc,outrage of modesty,2023,2
tanglin police division - unknown npc,outrage of modesty,2022,3
tanglin police division - unknown npc,outrage of modesty,2021,1
tanglin police division - unknown npc,outrage of modesty,2020,0
tanglin police division - unknown npc,outrage of modesty,2019,0
tanglin police division - unknown npc,outrage of modesty,2018,0
tanglin police division - unknown npc,outrage of modesty,2017,0
tanglin police division - unknown npc,outrage of modesty,2016,0
tanglin police division - unknown npc,outrage of modesty,2015,0
tanglin police division - unknown npc,outrage of modesty,2014,0
tanglin police division - unknown npc,outrage of modesty,2013,0
tanglin police division - unknown npc,outrage of modesty,2012,0
tanglin police division - unknown npc,outrage of modesty,2011,0
ang mo kio police division,robbery,2024,4
ang mo kio police division,robbery,2023,4
ang mo kio police division,robbery,2022,1
ang mo kio police division,robbery,2021,5
ang mo kio police division,robbery,2020,6
ang mo kio police division,robbery,2019,11
ang mo kio police division,robbery,2018,10
ang mo kio police division,robbery,2017,9
ang mo kio police division,robbery,2016,17
ang mo kio police division,robbery,2015,12
ang mo kio police division,robbery,2014,31
ang mo kio police division,robbery,2013,40
ang mo kio police division,robbery,2012,46
ang mo kio police division,robbery,2011,66
ang mo kio police division,housebreaking,2024,17
ang mo kio police division,housebreaking,2023,16
ang mo kio police division,housebreaking,2022,12
ang mo kio police division,housebreaking,2021,18
ang mo kio police division,housebreaking,2020,23
ang mo kio police division,housebreaking,2019,25
ang mo kio police division,housebreaking,2018,57
ang mo kio police division,housebreaking,2017,25
ang mo kio police division,housebreaking,2016,39
ang mo kio police division,housebreaking,2015,35
ang mo kio police division,housebreaking,2014,39
ang mo kio police division,housebreaking,2013,47
ang mo kio police division,housebreaking,2012,121
ang mo kio police division,housebreaking,2011,120
ang mo kio police division,snatch theft,2024,0
ang mo kio police division,snatch theft,2023,9
ang mo kio police division,snatch theft,2022,1
ang mo kio police division,snatch theft,2021,4
ang mo kio police division,snatch theft,2020,2
ang mo kio police division,snatch theft,2019,8
ang mo kio police division,snatch theft,2018,12
ang mo kio police division,snatch theft,2017,15
ang mo kio police division,snatch theft,2016,9
ang mo kio police division,snatch theft,2015,16
ang mo kio police division,snatch theft,2014,20
ang mo kio police division,snatch theft,2013,26
ang mo kio police division,snatch theft,2012,39
ang mo kio police division,snatch theft,2011,70
ang mo kio police division,theft of motor vehicle,2024,18
ang mo kio police division,theft of motor vehicle,2023,11
ang mo kio police division,theft of motor vehicle,2022,20
ang mo kio police division,theft of motor vehicle,2021,16
ang mo kio police division,theft of motor vehicle,2020,7
ang mo kio police division,theft of motor vehicle,2019,8
ang mo kio police division,theft of motor vehicle,2018,18
ang mo kio police division,theft of motor vehicle,2017,35
ang mo kio police division,theft of motor vehicle,2016,32
ang mo kio police division,theft of motor vehicle,2015,65
ang mo kio police division,theft of motor vehicle,2014,43
ang mo kio police division,theft of motor vehicle,2013,77
ang mo kio police division,theft of motor vehicle,2012,140
ang mo kio police division,theft of motor vehicle,2011,118
ang mo kio police division,outrage of modesty,2024,218
ang mo kio police division,outrage of modesty,2023,221
ang mo kio police division,outrage of modesty,2022,270
ang mo kio police division,outrage of modesty,2021,245
ang mo kio police division,outrage of modesty,2020,187
ang mo kio police division,outrage of modesty,2019,233
ang mo kio police division,outrage of modesty,2018,327
ang mo kio police division,outrage of modesty,2017,301
ang mo kio police division,outrage of modesty,2016,258
ang mo kio police division,outrage of modesty,2015,252
ang mo kio police division,outrage of modesty,2014,233
ang mo kio police division,outrage of modesty,2013,213
ang mo kio police division,outrage of modesty,2012,234
ang mo kio police division,outrage of modesty,2011,251
ang mo kio police division - ang mo kio north npc,robbery,2024,1
ang mo kio police division - ang mo kio north npc,robbery,2023,0
ang mo kio police division - ang mo kio north npc,robbery,2022,0
ang mo kio police division - ang mo kio north npc,robbery,2021,1
ang mo kio police division - ang mo kio north npc,robbery,2020,1
ang mo kio police division - ang mo kio north npc,robbery,2019,0
ang mo kio police division - ang mo kio north npc,robbery,2018,0
ang mo kio police division - ang mo kio north npc,robbery,2017,1
ang mo kio police division - ang mo kio north npc,robbery,2016,3
ang mo kio police division - ang mo kio north npc,robbery,2015,0
ang mo kio police division - ang mo kio north npc,robbery,2014,1
ang mo kio police division - ang mo kio north npc,robbery,2013,4
ang mo kio police division - ang mo kio north npc,robbery,2012,5
ang mo kio police division - ang mo kio north npc,robbery,2011,10
ang mo kio police division - ang mo kio north npc,housebreaking,2024,1
ang mo kio police division - ang mo kio north npc,housebreaking,2023,3
ang mo kio police division - ang mo kio north npc,housebreaking,2022,1
ang mo kio police division - ang mo kio north npc,housebreaking,2021,2
ang mo kio police division - ang mo kio north npc,housebreaking,2020,4
ang mo kio police division - ang mo kio north npc,housebreaking,2019,1
ang mo kio police division - ang mo kio north npc,housebreaking,2018,3
ang mo kio police division - ang mo kio north npc,housebreaking,2017,1
ang mo kio police division - ang mo kio north npc,housebreaking,2016,4
ang mo kio police division - ang mo kio north npc,housebreaking,2015,3
ang mo kio police division - ang mo kio north npc,housebreaking,2014,3
ang mo kio police division - ang mo kio north npc,housebreaking,2013,8
ang mo kio police division - ang mo kio north npc,housebreaking,2012,12
ang mo kio police division - ang mo kio north npc,housebreaking,2011,18
ang mo kio police division - ang mo kio north npc,snatch theft,2024,0
ang mo kio police division - ang mo kio north npc,snatch theft,2023,2
ang mo kio police division - ang mo kio north npc,snatch theft,2022,0
ang mo kio police division - ang mo kio north npc,snatch theft,2021,0
ang mo kio police division - ang mo kio north npc,snatch theft,2020,0
ang mo kio police division - ang mo kio north npc,snatch theft,2019,2
ang mo kio police division - ang mo kio north npc,snatch theft,2018,1
ang mo kio police division - ang mo kio north npc,snatch theft,2017,3
ang mo kio police division - ang mo kio north npc,snatch theft,2016,1
ang mo kio police division - ang mo kio north npc,snatch theft,2015,2
ang mo kio police division - ang mo kio north npc,snatch theft,2014,4
ang mo kio police division - ang mo kio north npc,snatch theft,2013,5
ang mo kio police division - ang mo kio north npc,snatch theft,2012,3
ang mo kio police division - ang mo kio north npc,snatch theft,2011,8
ang mo kio police division - ang mo kio north npc,theft of motor vehicle,2024,1
ang mo kio police division - ang mo kio north npc,theft of motor vehicle,2023,0
ang mo kio police division - ang mo kio north npc,theft of motor vehicle,2022,1
ang mo kio police division - ang mo kio north npc,theft of motor vehicle,2021,0
ang mo kio police division - ang mo kio north npc,theft of motor vehicle,2020,1
ang mo kio police division - ang mo kio north npc,theft of motor vehicle,2019,0
ang mo kio police division - ang mo kio north npc,theft of motor vehicle,2018,2
ang mo kio police division - ang mo kio north npc,theft of motor vehicle,2017,2
ang mo kio police division - ang mo kio north npc,theft of motor vehicle,2016,5
ang mo kio police division - ang mo kio north npc,theft of motor vehicle,2015,4
ang mo kio police division - ang mo kio north npc,theft of motor vehicle,2014,4
ang mo kio police division - ang mo kio north npc,theft of motor vehicle,2013,5
ang mo kio police division - ang mo kio north npc,theft of motor vehicle,2012,13
ang mo kio police division - ang mo kio north npc,theft of motor vehicle,2011,13
ang mo kio police division - ang mo kio north npc,outrage of modesty,2024,15
ang mo kio police division - ang mo kio north npc,outrage of modesty,2023,23
ang mo kio police division - ang mo kio north npc,outrage of modesty,2022,32
ang mo kio police division - ang mo kio north npc,outrage of modesty,2021,32
ang mo kio police division - ang mo kio north npc,outrage of modesty,2020,29
ang mo kio police division - ang mo kio north npc,outrage of modesty,2019,23
ang mo kio police division - ang mo kio north npc,outrage of modesty,2018,28
ang mo kio police division - ang mo kio north npc,outrage of modesty,2017,27
ang mo kio police division - ang mo kio north npc,outrage of modesty,2016,24
ang mo kio police division - ang mo kio north npc,outrage of modesty,2015,22
ang mo kio police division - ang mo kio north npc,outrage of modesty,2014,33
ang mo kio police division - ang mo kio north npc,outrage of modesty,2013,20
ang mo kio police division - ang mo kio north npc,outrage of modesty,2012,28
ang mo kio police division - ang mo kio north npc,outrage of modesty,2011,25
ang mo kio police division - ang mo kio south npc,robbery,2024,0
ang mo kio police division - ang mo kio south npc,robbery,2023,0
ang mo kio police division - ang mo kio south npc,robbery,2022,0
ang mo kio police division - ang mo kio south npc,robbery,2021,1
ang mo kio police division - ang mo kio south npc,robbery,2020,0
ang mo kio police division - ang mo kio south npc,robbery,2019,4
ang mo kio police division - ang mo kio south npc,robbery,2018,1
ang mo kio police division - ang mo kio south npc,robbery,2017,0
ang mo kio police division - ang mo kio south npc,robbery,2016,2
ang mo kio police division - ang mo kio south npc,robbery,2015,3
ang mo kio police division - ang mo kio south npc,robbery,2014,4
ang mo kio police division - ang mo kio south npc,robbery,2013,5
ang mo kio police division - ang mo kio south npc,robbery,2012,9
ang mo kio police division - ang mo kio south npc,robbery,2011,12
ang mo kio police division - ang mo kio south npc,housebreaking,2024,2
ang mo kio police division - ang mo kio south npc,housebreaking,2023,0
ang mo kio police division - ang mo kio south npc,housebreaking,2022,1
ang mo kio police division - ang mo kio south npc,housebreaking,2021,5
ang mo kio police division - ang mo kio south npc,housebreaking,2020,2
ang mo kio police division - ang mo kio south npc,housebreaking,2019,2
ang mo kio police division - ang mo kio south npc,housebreaking,2018,4
ang mo kio police division - ang mo kio south npc,housebreaking,2017,4
ang mo kio police division - ang mo kio south npc,housebreaking,2016,3
ang mo kio police division - ang mo kio south npc,housebreaking,2015,3
ang mo kio police division - ang mo kio south npc,housebreaking,2014,7
ang mo kio police division - ang mo kio south npc,housebreaking,2013,0
ang mo kio police division - ang mo kio south npc,housebreaking,2012,7
ang mo kio police division - ang mo kio south npc,housebreaking,2011,10
ang mo kio police division - ang mo kio south npc,snatch theft,2024,0
ang mo kio police division - ang mo kio south npc,snatch theft,2023,2
ang mo kio police division - ang mo kio south npc,snatch theft,2022,1
ang mo kio police division - ang mo kio south npc,snatch theft,2021,3
ang mo kio police division - ang mo kio south npc,snatch theft,2020,0
ang mo kio police division - ang mo kio south npc,snatch theft,2019,4
ang mo kio police division - ang mo kio south npc,snatch theft,2018,3
ang mo kio police division - ang mo kio south npc,snatch theft,2017,2
ang mo kio police division - ang mo kio south npc,snatch theft,2016,3
ang mo kio police division - ang mo kio south npc,snatch theft,2015,1
ang mo kio police division - ang mo kio south npc,snatch theft,2014,3
ang mo kio police division - ang mo kio south npc,snatch theft,2013,5
ang mo kio police division - ang mo kio south npc,snatch theft,2012,10
ang mo kio police division - ang mo kio south npc,snatch theft,2011,10
ang mo kio police division - ang mo kio south npc,theft of motor vehicle,2024,0
ang mo kio police division - ang mo kio south npc,theft of motor vehicle,2023,1
ang mo kio police division - ang mo kio south npc,theft of motor vehicle,2022,0
ang mo kio police division - ang mo kio south npc,theft of motor vehicle,2021,2
ang mo kio police division - ang mo kio south npc,theft of motor vehicle,2020,1
ang mo kio police division - ang mo kio south npc,theft of motor vehicle,2019,0
ang mo kio police division - ang mo kio south npc,theft of motor vehicle,2018,2
ang mo kio police division - ang mo kio south npc,theft of motor vehicle,2017,3
ang mo kio police division - ang mo kio south npc,theft of motor vehicle,2016,1
ang mo kio police division - ang mo kio south npc,theft of motor vehicle,2015,8
ang mo kio police division - ang mo kio south npc,theft of motor vehicle,2014,5
ang mo kio police division - ang mo kio south npc,theft of motor vehicle,2013,5
ang mo kio police division - ang mo kio south npc,theft of motor vehicle,2012,21
ang mo kio police division - ang mo kio south npc,theft of motor vehicle,2011,8
ang mo kio police division - ang mo kio south npc,outrage of modesty,2024,13
ang mo kio police division - ang mo kio south npc,outrage of modesty,2023,31
ang mo kio police division - ang mo kio south npc,outrage of modesty,2022,24
ang mo kio police division - ang mo kio south npc,outrage of modesty,2021,19
ang mo kio police division - ang mo kio south npc,outrage of modesty,2020,10
ang mo kio police division - ang mo kio south npc,outrage of modesty,2019,30
ang mo kio police division - ang mo kio south npc,outrage of modesty,2018,34
ang mo kio police division - ang mo kio south npc,outrage of modesty,2017,26
ang mo kio police division - ang mo kio south npc,outrage of modesty,2016,29
ang mo kio police division - ang mo kio south npc,outrage of modesty,2015,24
ang mo kio police division - ang mo kio south npc,outrage of modesty,2014,22
ang mo kio police division - ang mo kio south npc,outrage of modesty,2013,20
ang mo kio police division - ang mo kio south npc,outrage of modesty,2012,24
ang mo kio police division - ang mo kio south npc,outrage of modesty,2011,19
ang mo kio police division - hougang npc,robbery,2024,1
ang mo kio police division - hougang npc,robbery,2023,1
ang mo kio police division - hougang npc,robbery,2022,1
ang mo kio police division - hougang npc,robbery,2021,0
ang mo kio police division - hougang npc,robbery,2020,2
ang mo kio police division - hougang npc,robbery,2019,2
ang mo kio police division - hougang npc,robbery,2018,4
ang mo kio police division - hougang npc,robbery,2017,1
ang mo kio police division - hougang npc,robbery,2016,2
ang mo kio police division - hougang npc,robbery,2015,4
ang mo kio police division - hougang npc,robbery,2014,3
ang mo kio police division - hougang npc,robbery,2013,10
ang mo kio police division - hougang npc,robbery,2012,11
ang mo kio police division - hougang npc,robbery,2011,9
ang mo kio police division - hougang npc,housebreaking,2024,1
ang mo kio police division - hougang npc,housebreaking,2023,5
ang mo kio police division - hougang npc,housebreaking,2022,3
ang mo kio police division - hougang npc,housebreaking,2021,4
ang mo kio police division - hougang npc,housebreaking,2020,8
ang mo kio police division - hougang npc,housebreaking,2019,8
ang mo kio police division - hougang npc,housebreaking,2018,9
ang mo kio police division - hougang npc,housebreaking,2017,4
ang mo kio police division - hougang npc,housebreaking,2016,7
ang mo kio police division - hougang npc,housebreaking,2015,10
ang mo kio police division - hougang npc,housebreaking,2014,9
ang mo kio police division - hougang npc,housebreaking,2013,15
ang mo kio police division - hougang npc,housebreaking,2012,23
ang mo kio police division - hougang npc,housebreaking,2011,23
ang mo kio police division - hougang npc,snatch theft,2024,0
ang mo kio police division - hougang npc,snatch theft,2023,2
ang mo kio police division - hougang npc,snatch theft,2022,0
ang mo kio police division - hougang npc,snatch theft,2021,0
ang mo kio police division - hougang npc,snatch theft,2020,1
ang mo kio police division - hougang npc,snatch theft,2019,0
ang mo kio police division - hougang npc,snatch theft,2018,1
ang mo kio police division - hougang npc,snatch theft,2017,3
ang mo kio police division - hougang npc,snatch theft,2016,3
ang mo kio police division - hougang npc,snatch theft,2015,7
ang mo kio police division - hougang npc,snatch theft,2014,2
ang mo kio police division - hougang npc,snatch theft,2013,5
ang mo kio police division - hougang npc,snatch theft,2012,7
ang mo kio police division - hougang npc,snatch theft,2011,13
ang mo kio police division - hougang npc,theft of motor vehicle,2024,1
ang mo kio police division - hougang npc,theft of motor vehicle,2023,2
ang mo kio police division - hougang npc,theft of motor vehicle,2022,5
ang mo kio police division - hougang npc,theft of motor vehicle,2021,5
ang mo kio police division - hougang npc,theft of motor vehicle,2020,2
ang mo kio police division - hougang npc,theft of motor vehicle,2019,2
ang mo kio police division - hougang npc,theft of motor vehicle,2018,1
ang mo kio police division - hougang npc,theft of motor vehicle,2017,4
ang mo kio police division - hougang npc,theft of motor vehicle,2016,10
ang mo kio police division - hougang npc,theft of motor vehicle,2015,21
ang mo kio police division - hougang npc,theft of motor vehicle,2014,9
ang mo kio police division - hougang npc,theft of motor vehicle,2013,17
ang mo kio police division - hougang npc,theft of motor vehicle,2012,30
ang mo kio police division - hougang npc,theft of motor vehicle,2011,28
ang mo kio police division - hougang npc,outrage of modesty,2024,22
ang mo kio police division - hougang npc,outrage of modesty,2023,38
ang mo kio police division - hougang npc,outrage of modesty,2022,59
ang mo kio police division - hougang npc,outrage of modesty,2021,48
ang mo kio police division - hougang npc,outrage of modesty,2020,38
ang mo kio police division - hougang npc,outrage of modesty,2019,59
ang mo kio police division - hougang npc,outrage of modesty,2018,52
ang mo kio police division - hougang npc,outrage of modesty,2017,43
ang mo kio police division - hougang npc,outrage of modesty,2016,39
ang mo kio police division - hougang npc,outrage of modesty,2015,53
ang mo kio police division - hougang npc,outrage of modesty,2014,32
ang mo kio police division - hougang npc,outrage of modesty,2013,37
ang mo kio police division - hougang npc,outrage of modesty,2012,48
ang mo kio police division - hougang npc,outrage of modesty,2011,55
ang mo kio police division - punggol npc,robbery,2024,1
ang mo kio police division - punggol npc,robbery,2023,2
ang mo kio police division - punggol npc,robbery,2022,0
ang mo kio police division - punggol npc,robbery,2021,1
ang mo kio police division - punggol npc,robbery,2020,2
ang mo kio police division - punggol npc,robbery,2019,2
ang mo kio police division - punggol npc,robbery,2018,3
ang mo kio police division - punggol npc,robbery,2017,2
ang mo kio police division - punggol npc,robbery,2016,2
ang mo kio police division - punggol npc,robbery,2015,1
ang mo kio police division - punggol npc,robbery,2014,0
ang mo kio police division - punggol npc,robbery,2013,2
ang mo kio police division - punggol npc,robbery,2012,0
ang mo kio police division - punggol npc,robbery,2011,0
ang mo kio police division - punggol npc,housebreaking,2024,4
ang mo kio police division - punggol npc,housebreaking,2023,1
ang mo kio police division - punggol npc,housebreaking,2022,1
ang mo kio police division - punggol npc,housebreaking,2021,2
ang mo kio police division - punggol npc,housebreaking,2020,5
ang mo kio police division - punggol npc,housebreaking,2019,9
ang mo kio police division - punggol npc,housebreaking,2018,5
ang mo kio police division - punggol npc,housebreaking,2017,3
ang mo kio police division - punggol npc,housebreaking,2016,6
ang mo kio police division - punggol npc,housebreaking,2015,1
ang mo kio police division - punggol npc,housebreaking,2014,1
ang mo kio police division - punggol npc,housebreaking,2013,1
ang mo kio police division - punggol npc,housebreaking,2012,0
ang mo kio police division - punggol npc,housebreaking,2011,0
ang mo kio police division - punggol npc,snatch theft,2024,0
ang mo kio police division - punggol npc,snatch theft,2023,0
ang mo kio police division - punggol npc,snatch theft,2022,0
ang mo kio police division - punggol npc,snatch theft,2021,0
ang mo kio police division - punggol npc,snatch theft,2020,1
ang mo kio police division - punggol npc,snatch theft,2019,1
ang mo kio police division - punggol npc,snatch theft,2018,1
ang mo kio police division - punggol npc,snatch theft,2017,1
ang mo kio police division - punggol npc,snatch theft,2016,0
ang mo kio police division - punggol npc,snatch theft,2015,1
ang mo kio police division - punggol npc,snatch theft,2014,1
ang mo kio police division - punggol npc,snatch theft,2013,0
ang mo kio police division - punggol npc,snatch theft,2012,0
ang mo kio police division - punggol npc,snatch theft,2011,0
ang mo kio police division - punggol npc,theft of motor vehicle,2024,6
ang mo kio police division - punggol npc,theft of motor vehicle,2023,1
ang mo kio police division - punggol npc,theft of motor vehicle,2022,8
ang mo kio police division - punggol npc,theft of motor vehicle,2021,2
ang mo kio police division - punggol npc,theft of motor vehicle,2020,2
ang mo kio police division - punggol npc,theft of motor vehicle,2019,2
ang mo kio police division - punggol npc,theft of motor vehicle,2018,1
ang mo kio police division - punggol npc,theft of motor vehicle,2017,3
ang mo kio police division - punggol npc,theft of motor vehicle,2016,0
ang mo kio police division - punggol npc,theft of motor vehicle,2015,3
ang mo kio police division - punggol npc,theft of motor vehicle,2014,5
ang mo kio police division - punggol npc,theft of motor vehicle,2013,5
ang mo kio police division - punggol npc,theft of motor vehicle,2012,0
ang mo kio police division - punggol npc,theft of motor vehicle,2011,0
ang mo kio police division - punggol npc,outrage of modesty,2024,45
ang mo kio police division - punggol npc,outrage of modesty,2023,35
ang mo kio police division - punggol npc,outrage of modesty,2022,42
ang mo kio police division - punggol npc,outrage of modesty,2021,39
ang mo kio police division - punggol npc,outrage of modesty,2020,33
ang mo kio police division - punggol npc,outrage of modesty,2019,39
ang mo kio police division - punggol npc,outrage of modesty,2018,23
ang mo kio police division - punggol npc,outrage of modesty,2017,21
ang mo kio police division - punggol npc,outrage of modesty,2016,25
ang mo kio police division - punggol npc,outrage of modesty,2015,19
ang mo kio police division - punggol npc,outrage of modesty,2014,7
ang mo kio police division - punggol npc,outrage of modesty,2013,12
ang mo kio police division - punggol npc,outrage of modesty,2012,0
ang mo kio police division - punggol npc,outrage of modesty,2011,0
ang mo kio police division - sembawang npc,robbery,2024,0
ang mo kio police division - sembawang npc,robbery,2023,0
ang mo kio police division - sembawang npc,robbery,2022,0
ang mo kio police division - sembawang npc,robbery,2021,0
ang mo kio police division - sembawang npc,robbery,2020,0
ang mo kio police division - sembawang npc,robbery,2019,0
ang mo kio police division - sembawang npc,robbery,2018,0
ang mo kio police division - sembawang npc,robbery,2017,1
ang mo kio police division - sembawang npc,robbery,2016,0
ang mo kio police division - sembawang npc,robbery,2015,1
ang mo kio police division - sembawang npc,robbery,2014,8
ang mo kio police division - sembawang npc,robbery,2013,3
ang mo kio police division - sembawang npc,robbery,2012,5
ang mo kio police division - sembawang npc,robbery,2011,6
ang mo kio police division - sembawang npc,housebreaking,2024,0
ang mo kio police division - sembawang npc,housebreaking,2023,0
ang mo kio police division - sembawang npc,housebreaking,2022,0
ang mo kio police division - sembawang npc,housebreaking,2021,0
ang mo kio police division - sembawang npc,housebreaking,2020,0
ang mo kio police division - sembawang npc,housebreaking,2019,0
ang mo kio police division - sembawang npc,housebreaking,2018,4
ang mo kio police division - sembawang npc,housebreaking,2017,0
ang mo kio police division - sembawang npc,housebreaking,2016,5
ang mo kio police division - sembawang npc,housebreaking,2015,0
ang mo kio police division - sembawang npc,housebreaking,2014,2
ang mo kio police division - sembawang npc,housebreaking,2013,2
ang mo kio police division - sembawang npc,housebreaking,2012,12
ang mo kio police division - sembawang npc,housebreaking,2011,4
ang mo kio police division - sembawang npc,snatch theft,2024,0
ang mo kio police division - sembawang npc,snatch theft,2023,0
ang mo kio police division - sembawang npc,snatch theft,2022,0
ang mo kio police division - sembawang npc,snatch theft,2021,0
ang mo kio police division - sembawang npc,snatch theft,2020,0
ang mo kio police division - sembawang npc,snatch theft,2019,0
ang mo kio police division - sembawang npc,snatch theft,2018,0
ang mo kio police division - sembawang npc,snatch theft,2017,1
ang mo kio police division - sembawang npc,snatch theft,2016,0
ang mo kio police division - sembawang npc,snatch theft,2015,1
ang mo kio police division - sembawang npc,snatch theft,2014,2
ang mo kio police division - sembawang npc,snatch theft,2013,1
ang mo kio police division - sembawang npc,snatch theft,2012,3
ang mo kio police division - sembawang npc,snatch theft,2011,5
ang mo kio police division - sembawang npc,theft of motor vehicle,2024,0
ang mo kio police division - sembawang npc,theft of motor vehicle,2023,0
ang mo kio police division - sembawang npc,theft of motor vehicle,2022,0
ang mo kio police division - sembawang npc,theft of motor vehicle,2021,0
ang mo kio police division - sembawang npc,theft of motor vehicle,2020,0
ang mo kio police division - sembawang npc,theft of motor vehicle,2019,0
ang mo kio police division - sembawang npc,theft of motor vehicle,2018,1
ang mo kio police division - sembawang npc,theft of motor vehicle,2017,2
ang mo kio police division - sembawang npc,theft of motor vehicle,2016,1
ang mo kio police division - sembawang npc,theft of motor vehicle,2015,1
ang mo kio police division - sembawang npc,theft of motor vehicle,2014,4
ang mo kio police division - sembawang npc,theft of motor vehicle,2013,12
ang mo kio police division - sembawang npc,theft of motor vehicle,2012,6
ang mo kio police division - sembawang npc,theft of motor vehicle,2011,3
ang mo kio police division - sembawang npc,outrage of modesty,2024,0
ang mo kio police division - sembawang npc,outrage of modesty,2023,0
ang mo kio police division - sembawang npc,outrage of modesty,2022,0
ang mo kio police division - sembawang npc,outrage of modesty,2021,0
ang mo kio police division - sembawang npc,outrage of modesty,2020,0
ang mo kio police division - sembawang npc,outrage of modesty,2019,0
ang mo kio police division - sembawang npc,outrage of modesty,2018,27
ang mo kio police division - sembawang npc,outrage of modesty,2017,32
ang mo kio police division - sembawang npc,outrage of modesty,2016,16
ang mo kio police division - sembawang npc,outrage of modesty,2015,14
ang mo kio police division - sembawang npc,outrage of modesty,2014,18
ang mo kio police division - sembawang npc,outrage of modesty,2013,13
ang mo kio police division - sembawang npc,outrage of modesty,2012,31
ang mo kio police division - sembawang npc,outrage of modesty,2011,21
ang mo kio police division - sengkang npc,robbery,2024,0
ang mo kio police division - sengkang npc,robbery,2023,1
ang mo kio police division - sengkang npc,robbery,2022,0
ang mo kio police division - sengkang npc,robbery,2021,1
ang mo kio police division - sengkang npc,robbery,2020,0
ang mo kio police division - sengkang npc,robbery,2019,3
ang mo kio police division - sengkang npc,robbery,2018,1
ang mo kio police division - sengkang npc,robbery,2017,0
ang mo kio police division - sengkang npc,robbery,2016,4
ang mo kio police division - sengkang npc,robbery,2015,1
ang mo kio police division - sengkang npc,robbery,2014,7
ang mo kio police division - sengkang npc,robbery,2013,6
ang mo kio police division - sengkang npc,robbery,2012,3
ang mo kio police division - sengkang npc,robbery,2011,7
ang mo kio police division - sengkang npc,housebreaking,2024,3
ang mo kio police division - sengkang npc,housebreaking,2023,3
ang mo kio police division - sengkang npc,housebreaking,2022,2
ang mo kio police division - sengkang npc,housebreaking,2021,2
ang mo kio police division - sengkang npc,housebreaking,2020,2
ang mo kio police division - sengkang npc,housebreaking,2019,3
ang mo kio police division - sengkang npc,housebreaking,2018,8
ang mo kio police division - sengkang npc,housebreaking,2017,2
ang mo kio police division - sengkang npc,housebreaking,2016,1
ang mo kio police division - sengkang npc,housebreaking,2015,6
ang mo kio police division - sengkang npc,housebreaking,2014,4
ang mo kio police division - sengkang npc,housebreaking,2013,3
ang mo kio police division - sengkang npc,housebreaking,2012,9
ang mo kio police division - sengkang npc,housebreaking,2011,20
ang mo kio police division - sengkang npc,snatch theft,2024,0
ang mo kio police division - sengkang npc,snatch theft,2023,1
ang mo kio police division - sengkang npc,snatch theft,2022,0
ang mo kio police division - sengkang npc,snatch theft,2021,1
ang mo kio police division - sengkang npc,snatch theft,2020,0
ang mo kio police division - sengkang npc,snatch theft,2019,1
ang mo kio police division - sengkang npc,snatch theft,2018,1
ang mo kio police division - sengkang npc,snatch theft,2017,3
ang mo kio police division - sengkang npc,snatch theft,2016,1
ang mo kio police division - sengkang npc,snatch theft,2015,2
ang mo kio police division - sengkang npc,snatch theft,2014,2
ang mo kio police division - sengkang npc,snatch theft,2013,2
ang mo kio police division - sengkang npc,snatch theft,2012,4
ang mo kio police division - sengkang npc,snatch theft,2011,5
ang mo kio police division - sengkang npc,theft of motor vehicle,2024,6
ang mo kio police division - sengkang npc,theft of motor vehicle,2023,5
ang mo kio police division - sengkang npc,theft of motor vehicle,2022,2
ang mo kio police division - sengkang npc,theft of motor vehicle,2021,6
ang mo kio police division - sengkang npc,theft of motor vehicle,2020,1
ang mo kio police division - sengkang npc,theft of motor vehicle,2019,3
ang mo kio police division - sengkang npc,theft of motor vehicle,2018,2
ang mo kio police division - sengkang npc,theft of motor vehicle,2017,6
ang mo kio police division - sengkang npc,theft of motor vehicle,2016,2
ang mo kio police division - sengkang npc,theft of motor vehicle,2015,10
ang mo kio police division - sengkang npc,theft of motor vehicle,2014,4
ang mo kio police division - sengkang npc,theft of motor vehicle,2013,12
ang mo kio police division - sengkang npc,theft of motor vehicle,2012,37
ang mo kio police division - sengkang npc,theft of motor vehicle,2011,36
ang mo kio police division - sengkang npc,outrage of modesty,2024,58
ang mo kio police division - sengkang npc,outrage of modesty,2023,52
ang mo kio police division - sengkang npc,outrage of modesty,2022,64
ang mo kio police division - sengkang npc,outrage of modesty,2021,73
ang mo kio police division - sengkang npc,outrage of modesty,2020,53
ang mo kio police division - sengkang npc,outrage of modesty,2019,57
ang mo kio police division - sengkang npc,outrage of modesty,2018,49
ang mo kio police division - sengkang npc,outrage of modesty,2017,61
ang mo kio police division - sengkang npc,outrage of modesty,2016,34
ang mo kio police division - sengkang npc,outrage of modesty,2015,32
ang mo kio police division - sengkang npc,outrage of modesty,2014,40
ang mo kio police division - sengkang npc,outrage of modesty,2013,31
ang mo kio police division - sengkang npc,outrage of modesty,2012,34
ang mo kio police division - sengkang npc,outrage of modesty,2011,47
ang mo kio police division - serangoon npc,robbery,2024,0
ang mo kio police division - serangoon npc,robbery,2023,0
ang mo kio police division - serangoon npc,robbery,2022,0
ang mo kio police division - serangoon npc,robbery,2021,1
ang mo kio police division - serangoon npc,robbery,2020,1
ang mo kio police division - serangoon npc,robbery,2019,0
ang mo kio police division - serangoon npc,robbery,2018,0
ang mo kio police division - serangoon npc,robbery,2017,1
ang mo kio police division - serangoon npc,robbery,2016,2
ang mo kio police division - serangoon npc,robbery,2015,0
ang mo kio police division - serangoon npc,robbery,2014,2
ang mo kio police division - serangoon npc,robbery,2013,4
ang mo kio police division - serangoon npc,robbery,2012,3
ang mo kio police division - serangoon npc,robbery,2011,7
ang mo kio police division - serangoon npc,housebreaking,2024,4
ang mo kio police division - serangoon npc,housebreaking,2023,2
ang mo kio police division - serangoon npc,housebreaking,2022,4
ang mo kio police division - serangoon npc,housebreaking,2021,3
ang mo kio police division - serangoon npc,housebreaking,2020,2
ang mo kio police division - serangoon npc,housebreaking,2019,2
ang mo kio police division - serangoon npc,housebreaking,2018,10
ang mo kio police division - serangoon npc,housebreaking,2017,2
ang mo kio police division - serangoon npc,housebreaking,2016,8
ang mo kio police division - serangoon npc,housebreaking,2015,4
ang mo kio police division - serangoon npc,housebreaking,2014,6
ang mo kio police division - serangoon npc,housebreaking,2013,8
ang mo kio police division - serangoon npc,housebreaking,2012,28
ang mo kio police division - serangoon npc,housebreaking,2011,17
ang mo kio police division - serangoon npc,snatch theft,2024,0
ang mo kio police division - serangoon npc,snatch theft,2023,2
ang mo kio police division - serangoon npc,snatch theft,2022,0
ang mo kio police division - serangoon npc,snatch theft,2021,0
ang mo kio police division - serangoon npc,snatch theft,2020,0
ang mo kio police division - serangoon npc,snatch theft,2019,0
ang mo kio police division - serangoon npc,snatch theft,2018,2
ang mo kio police division - serangoon npc,snatch theft,2017,0
ang mo kio police division - serangoon npc,snatch theft,2016,0
ang mo kio police division - serangoon npc,snatch theft,2015,0
ang mo kio police division - serangoon npc,snatch theft,2014,3
ang mo kio police division - serangoon npc,snatch theft,2013,0
ang mo kio police division - serangoon npc,snatch theft,2012,0
ang mo kio police division - serangoon npc,snatch theft,2011,14
ang mo kio police division - serangoon npc,theft of motor vehicle,2024,0
ang mo kio police division - serangoon npc,theft of motor vehicle,2023,2
ang mo kio police division - serangoon npc,theft of motor vehicle,2022,4
ang mo kio police division - serangoon npc,theft of motor vehicle,2021,1
ang mo kio police division - serangoon npc,theft of motor vehicle,2020,0
ang mo kio police division - serangoon npc,theft of motor vehicle,2019,1
ang mo kio police division - serangoon npc,theft of motor vehicle,2018,1
ang mo kio police division - serangoon npc,theft of motor vehicle,2017,2
ang mo kio police division - serangoon npc,theft of motor vehicle,2016,3
ang mo kio police division - serangoon npc,theft of motor vehicle,2015,3
ang mo kio police division - serangoon npc,theft of motor vehicle,2014,6
ang mo kio police division - serangoon npc,theft of motor vehicle,2013,3
ang mo kio police division - serangoon npc,theft of motor vehicle,2012,9
ang mo kio police division - serangoon npc,theft of motor vehicle,2011,12
ang mo kio police division - serangoon npc,outrage of modesty,2024,28
ang mo kio police division - serangoon npc,outrage of modesty,2023,27
ang mo kio police division - serangoon npc,outrage of modesty,2022,48
ang mo kio police division - serangoon npc,outrage of modesty,2021,33
ang mo kio police division - serangoon npc,outrage of modesty,2020,22
ang mo kio police division - serangoon npc,outrage of modesty,2019,24
ang mo kio police division - serangoon npc,outrage of modesty,2018,36
ang mo kio police division - serangoon npc,outrage of modesty,2017,24
ang mo kio police division - serangoon npc,outrage of modesty,2016,28
ang mo kio police division - serangoon npc,outrage of modesty,2015,27
ang mo kio police division - serangoon npc,outrage of modesty,2014,29
ang mo kio police division - serangoon npc,outrage of modesty,2013,20
ang mo kio police division - serangoon npc,outrage of modesty,2012,26
ang mo kio police division - serangoon npc,outrage of modesty,2011,22
ang mo kio police division - yishun north npc,robbery,2024,0
ang mo kio police division - yishun north npc,robbery,2023,0
ang mo kio police division - yishun north npc,robbery,2022,0
ang mo kio police division - yishun north npc,robbery,2021,0
ang mo kio police division - yishun north npc,robbery,2020,0
ang mo kio police division - yishun north npc,robbery,2019,0
ang mo kio police division - yishun north npc,robbery,2018,1
ang mo kio police division - yishun north npc,robbery,2017,3
ang mo kio police division - yishun north npc,robbery,2016,1
ang mo kio police division - yishun north npc,robbery,2015,1
ang mo kio police division - yishun north npc,robbery,2014,4
ang mo kio police division - yishun north npc,robbery,2013,3
ang mo kio police division - yishun north npc,robbery,2012,6
ang mo kio police division - yishun north npc,robbery,2011,13
ang mo kio police division - yishun north npc,housebreaking,2024,0
ang mo kio police division - yishun north npc,housebreaking,2023,0
ang mo kio police division - yishun north npc,housebreaking,2022,0
ang mo kio police division - yishun north npc,housebreaking,2021,0
ang mo kio police division - yishun north npc,housebreaking,2020,0
ang mo kio police division - yishun north npc,housebreaking,2019,0
ang mo kio police division - yishun north npc,housebreaking,2018,12
ang mo kio police division - yishun north npc,housebreaking,2017,7
ang mo kio police division - yishun north npc,housebreaking,2016,5
ang mo kio police division - yishun north npc,housebreaking,2015,6
ang mo kio police division - yishun north npc,housebreaking,2014,3
ang mo kio police division - yishun north npc,housebreaking,2013,7
ang mo kio police division - yishun north npc,housebreaking,2012,13
ang mo kio police division - yishun north npc,housebreaking,2011,20
ang mo kio police division - yishun north npc,snatch theft,2024,0
ang mo kio police division - yishun north npc,snatch theft,2023,0
ang mo kio police division - yishun north npc,snatch theft,2022,0
ang mo kio police division - yishun north npc,snatch theft,2021,0
ang mo kio police division - yishun north npc,snatch theft,2020,0
ang mo kio police division - yishun north npc,snatch theft,2019,0
ang mo kio police division - yishun north npc,snatch theft,2018,3
ang mo kio police division - yishun north npc,snatch theft,2017,2
ang mo kio police division - yishun north npc,snatch theft,2016,1
ang mo kio police division - yishun north npc,snatch theft,2015,1
ang mo kio police division - yishun north npc,snatch theft,2014,3
ang mo kio police division - yishun north npc,snatch theft,2013,7
ang mo kio police division - yishun north npc,snatch theft,2012,9
ang mo kio police division - yishun north npc,snatch theft,2011,11
ang mo kio police division - yishun north npc,theft of motor vehicle,2024,0
ang mo kio police division - yishun north npc,theft of motor vehicle,2023,0
ang mo kio police division - yishun north npc,theft of motor vehicle,2022,0
ang mo kio police division - yishun north npc,theft of motor vehicle,2021,0
ang mo kio police division - yishun north npc,theft of motor vehicle,2020,0
ang mo kio police division - yishun north npc,theft of motor vehicle,2019,0
ang mo kio police division - yishun north npc,theft of motor vehicle,2018,5
ang mo kio police division - yishun north npc,theft of motor vehicle,2017,10
ang mo kio police division - yishun north npc,theft of motor vehicle,2016,5
ang mo kio police division - yishun north npc,theft of motor vehicle,2015,10
ang mo kio police division - yishun north npc,theft of motor vehicle,2014,3
ang mo kio police division - yishun north npc,theft of motor vehicle,2013,14
ang mo kio police division - yishun north npc,theft of motor vehicle,2012,17
ang mo kio police division - yishun north npc,theft of motor vehicle,2011,11
ang mo kio police division - yishun north npc,outrage of modesty,2024,0
ang mo kio police division - yishun north npc,outrage of modesty,2023,0
ang mo kio police division - yishun north npc,outrage of modesty,2022,0
ang mo kio police division - yishun north npc,outrage of modesty,2021,0
ang mo kio police division - yishun north npc,outrage of modesty,2020,0
ang mo kio police division - yishun north npc,outrage of modesty,2019,0
ang mo kio police division - yishun north npc,outrage of modesty,2018,43
ang mo kio police division - yishun north npc,outrage of modesty,2017,39
ang mo kio police division - yishun north npc,outrage of modesty,2016,33
ang mo kio police division - yishun north npc,outrage of modesty,2015,31
ang mo kio police division - yishun north npc,outrage of modesty,2014,37
ang mo kio police division - yishun north npc,outrage of modesty,2013,43
ang mo kio police division - yishun north npc,outrage of modesty,2012,27
ang mo kio police division - yishun north npc,outrage of modesty,2011,36
ang mo kio police division - yishun south npc,robbery,2024,0
ang mo kio police division - yishun south npc,robbery,2023,0
ang mo kio police division - yishun south npc,robbery,2022,0
ang mo kio police division - yishun south npc,robbery,2021,0
ang mo kio police division - yishun south npc,robbery,2020,0
ang mo kio police division - yishun south npc,robbery,2019,0
ang mo kio police division - yishun south npc,robbery,2018,0
ang mo kio police division - yishun south npc,robbery,2017,0
ang mo kio police division - yishun south npc,robbery,2016,1
ang mo kio police division - yishun south npc,robbery,2015,1
ang mo kio police division - yishun south npc,robbery,2014,2
ang mo kio police division - yishun south npc,robbery,2013,3
ang mo kio police division - yishun south npc,robbery,2012,4
ang mo kio police division - yishun south npc,robbery,2011,2
ang mo kio police division - yishun south npc,housebreaking,2024,0
ang mo kio police division - yishun south npc,housebreaking,2023,0
ang mo kio police division - yishun south npc,housebreaking,2022,0
ang mo kio police division - yishun south npc,housebreaking,2021,0
ang mo kio police division - yishun south npc,housebreaking,2020,0
ang mo kio police division - yishun south npc,housebreaking,2019,0
ang mo kio police division - yishun south npc,housebreaking,2018,2
ang mo kio police division - yishun south npc,housebreaking,2017,2
ang mo kio police division - yishun south npc,housebreaking,2016,0
ang mo kio police division - yishun south npc,housebreaking,2015,2
ang mo kio police division - yishun south npc,housebreaking,2014,4
ang mo kio police division - yishun south npc,housebreaking,2013,3
ang mo kio police division - yishun south npc,housebreaking,2012,17
ang mo kio police division - yishun south npc,housebreaking,2011,8
ang mo kio police division - yishun south npc,snatch theft,2024,0
ang mo kio police division - yishun south npc,snatch theft,2023,0
ang mo kio police division - yishun south npc,snatch theft,2022,0
ang mo kio police division - yishun south npc,snatch theft,2021,0
ang mo kio police division - yishun south npc,snatch theft,2020,0
ang mo kio police division - yishun south npc,snatch theft,2019,0
ang mo kio police division - yishun south npc,snatch theft,2018,0
ang mo kio police division - yishun south npc,snatch theft,2017,0
ang mo kio police division - yishun south npc,snatch theft,2016,0
ang mo kio police division - yishun south npc,snatch theft,2015,1
ang mo kio police division - yishun south npc,snatch theft,2014,0
ang mo kio police division - yishun south npc,snatch theft,2013,1
ang mo kio police division - yishun south npc,snatch theft,2012,3
ang mo kio police division - yishun south npc,snatch theft,2011,4
ang mo kio police division - yishun south npc,theft of motor vehicle,2024,0
ang mo kio police division - yishun south npc,theft of motor vehicle,2023,0
ang mo kio police division - yishun south npc,theft of motor vehicle,2022,0
ang mo kio police division - yishun south npc,theft of motor vehicle,2021,0
ang mo kio police division - yishun south npc,theft of motor vehicle,2020,0
ang mo kio police division - yishun south npc,theft of motor vehicle,2019,0
ang mo kio police division - yishun south npc,theft of motor vehicle,2018,3
ang mo kio police division - yishun south npc,theft of motor vehicle,2017,3
ang mo kio police division - yishun south npc,theft of motor vehicle,2016,5
ang mo kio police division - yishun south npc,theft of motor vehicle,2015,5
ang mo kio police division - yishun south npc,theft of motor vehicle,2014,3
ang mo kio police division - yishun south npc,theft of motor vehicle,2013,4
ang mo kio police division - yishun south npc,theft of motor vehicle,2012,7
ang mo kio police division - yishun south npc,theft of motor vehicle,2011,7
ang mo kio police division - yishun south npc,outrage of modesty,2024,0
ang mo kio police division - yishun south npc,outrage of modesty,2023,0
ang mo kio police division - yishun south npc,outrage of modesty,2022,0
ang mo kio police division - yishun south npc,outrage of modesty,2021,0
ang mo kio police division - yishun south npc,outrage of modesty,2020,0
ang mo kio police division - yishun south npc,outrage of modesty,2019,0
ang mo kio police division - yishun south npc,outrage of modesty,2018,33
ang mo kio police division - yishun south npc,outrage of modesty,2017,27
ang mo kio police division - yishun south npc,outrage of modesty,2016,29
ang mo kio police division - yishun south npc,outrage of modesty,2015,30
ang mo kio police division - yishun south npc,outrage of modesty,2014,15
ang mo kio police division - yishun south npc,outrage of modesty,2013,17
ang mo kio police division - yishun south npc,outrage of modesty,2012,16
ang mo kio police division - yishun south npc,outrage of modesty,2011,26
ang mo kio police division - woodleigh npc,robbery,2024,1
ang mo kio police division - woodleigh npc,robbery,2023,0
ang mo kio police division - woodleigh npc,robbery,2022,0
ang mo kio police division - woodleigh npc,robbery,2021,0
ang mo kio police division - woodleigh npc,robbery,2020,0
ang mo kio police division - woodleigh npc,robbery,2019,0
ang mo kio police division - woodleigh npc,robbery,2018,0
ang mo kio police division - woodleigh npc,robbery,2017,0
ang mo kio police division - woodleigh npc,robbery,2016,0
ang mo kio police division - woodleigh npc,robbery,2015,0
ang mo kio police division - woodleigh npc,robbery,2014,0
ang mo kio police division - woodleigh npc,robbery,2013,0
ang mo kio police division - woodleigh npc,robbery,2012,0
ang mo kio police division - woodleigh npc,robbery,2011,0
ang mo kio police division - woodleigh npc,housebreaking,2024,2
ang mo kio police division - woodleigh npc,housebreaking,2023,2
ang mo kio police division - woodleigh npc,housebreaking,2022,0
ang mo kio police division - woodleigh npc,housebreaking,2021,0
ang mo kio police division - woodleigh npc,housebreaking,2020,0
ang mo kio police division - woodleigh npc,housebreaking,2019,0
ang mo kio police division - woodleigh npc,housebreaking,2018,0
ang mo kio police division - woodleigh npc,housebreaking,2017,0
ang mo kio police division - woodleigh npc,housebreaking,2016,0
ang mo kio police division - woodleigh npc,housebreaking,2015,0
ang mo kio police division - woodleigh npc,housebreaking,2014,0
ang mo kio police division - woodleigh npc,housebreaking,2013,0
ang mo kio police division - woodleigh npc,housebreaking,2012,0
ang mo kio police division - woodleigh npc,housebreaking,2011,0
ang mo kio police division - woodleigh npc,snatch theft,2024,0
ang mo kio police division - woodleigh npc,snatch theft,2023,0
ang mo kio police division - woodleigh npc,snatch theft,2022,0
ang mo kio police division - woodleigh npc,snatch theft,2021,0
ang mo kio police division - woodleigh npc,snatch theft,2020,0
ang mo kio police division - woodleigh npc,snatch theft,2019,0
ang mo kio police division - woodleigh npc,snatch theft,2018,0
ang mo kio police division - woodleigh npc,snatch theft,2017,0
ang mo kio police division - woodleigh npc,snatch theft,2016,0
ang mo kio police division - woodleigh npc,snatch theft,2015,0
ang mo kio police division - woodleigh npc,snatch theft,2014,0
ang mo kio police division - woodleigh npc,snatch theft,2013,0
ang mo kio police division - woodleigh npc,snatch theft,2012,0
ang mo kio police division - woodleigh npc,snatch theft,2011,0
ang mo kio police division - woodleigh npc,theft of motor vehicle,2024,4
ang mo kio police division - woodleigh npc,theft of motor vehicle,2023,0
ang mo kio police division - woodleigh npc,theft of motor vehicle,2022,0
ang mo kio police division - woodleigh npc,theft of motor vehicle,2021,0
ang mo kio police division - woodleigh npc,theft of motor vehicle,2020,0
ang mo kio police division - woodleigh npc,theft of motor vehicle,2019,0
ang mo kio police division - woodleigh npc,theft of motor vehicle,2018,0
ang mo kio police division - woodleigh npc,theft of motor vehicle,2017,0
ang mo kio police division - woodleigh npc,theft of motor vehicle,2016,0
ang mo kio police division - woodleigh npc,theft of motor vehicle,2015,0
ang mo kio police division - woodleigh npc,theft of motor vehicle,2014,0
ang mo kio police division - woodleigh npc,theft of motor vehicle,2013,0
ang mo kio police division - woodleigh npc,theft of motor vehicle,2012,0
ang mo kio police division - woodleigh npc,theft of motor vehicle,2011,0
ang mo kio police division - woodleigh npc,outrage of modesty,2024,33
ang mo kio police division - woodleigh npc,outrage of modesty,2023,11
ang mo kio police division - woodleigh npc,outrage of modesty,2022,0
ang mo kio police division - woodleigh npc,outrage of modesty,2021,0
ang mo kio police division - woodleigh npc,outrage of modesty,2020,0
ang mo kio police division - woodleigh npc,outrage of modesty,2019,0
ang mo kio police division - woodleigh npc,outrage of modesty,2018,0
ang mo kio police division - woodleigh npc,outrage of modesty,2017,0
ang mo kio police division - woodleigh npc,outrage of modesty,2016,0
ang mo kio police division - woodleigh npc,outrage of modesty,2015,0
ang mo kio police division - woodleigh npc,outrage of modesty,2014,0
ang mo kio police division - woodleigh npc,outrage of modesty,2013,0
ang mo kio police division - woodleigh npc,outrage of modesty,2012,0
ang mo kio police division - woodleigh npc,outrage of modesty,2011,0
ang mo kio police division - unknown npc,robbery,2024,0
ang mo kio police division - unknown npc,robbery,2023,0
ang mo kio police division - unknown npc,robbery,2022,0
ang mo kio police division - unknown npc,robbery,2021,0
ang mo kio police division - unknown npc,robbery,2020,0
ang mo kio police division - unknown npc,robbery,2019,0
ang mo kio police division - unknown npc,robbery,2018,0
ang mo kio police division - unknown npc,robbery,2017,0
ang mo kio police division - unknown npc,robbery,2016,0
ang mo kio police division - unknown npc,robbery,2015,0
ang mo kio police division - unknown npc,robbery,2014,0
ang mo kio police division - unknown npc,robbery,2013,0
ang mo kio police division - unknown npc,robbery,2012,0
ang mo kio police division - unknown npc,robbery,2011,0
ang mo kio police division - unknown npc,housebreaking,2024,0
ang mo kio police division - unknown npc,housebreaking,2023,0
ang mo kio police division - unknown npc,housebreaking,2022,0
ang mo kio police division - unknown npc,housebreaking,2021,0
ang mo kio police division - unknown npc,housebreaking,2020,0
ang mo kio police division - unknown npc,housebreaking,2019,0
ang mo kio police division - unknown npc,housebreaking,2018,0
ang mo kio police division - unknown npc,housebreaking,2017,0
ang mo kio police division - unknown npc,housebreaking,2016,0
ang mo kio police division - unknown npc,housebreaking,2015,0
ang mo kio police division - unknown npc,housebreaking,2014,0
ang mo kio police division - unknown npc,housebreaking,2013,0
ang mo kio police division - unknown npc,housebreaking,2012,0
ang mo kio police division - unknown npc,housebreaking,2011,0
ang mo kio police division - unknown npc,snatch theft,2024,0
ang mo kio police division - unknown npc,snatch theft,2023,0
ang mo kio police division - unknown npc,snatch theft,2022,0
ang mo kio police division - unknown npc,snatch theft,2021,0
ang mo kio police division - unknown npc,snatch theft,2020,0
ang mo kio police division - unknown npc,snatch theft,2019,0
ang mo kio police division - unknown npc,snatch theft,2018,0
ang mo kio police division - unknown npc,snatch theft,2017,0
ang mo kio police division - unknown npc,snatch theft,2016,0
ang mo kio police division - unknown npc,snatch theft,2015,0
ang mo kio police division - unknown npc,snatch theft,2014,0
ang mo kio police division - unknown npc,snatch theft,2013,0
ang mo kio police division - unknown npc,snatch theft,2012,0
ang mo kio police division - unknown npc,snatch theft,2011,0
ang mo kio police division - unknown npc,theft of motor vehicle,2024,0
ang mo kio police division - unknown npc,theft of motor vehicle,2023,0
ang mo kio police division - unknown npc,theft of motor vehicle,2022,0
ang mo kio police division - unknown npc,theft of motor vehicle,2021,0
ang mo kio police division - unknown npc,theft of motor vehicle,2020,0
ang mo kio police division - unknown npc,theft of motor vehicle,2019,0
ang mo kio police division - unknown npc,theft of motor vehicle,2018,0
ang mo kio police division - unknown npc,theft of motor vehicle,2017,0
ang mo kio police division - unknown npc,theft of motor vehicle,2016,0
ang mo kio police division - unknown npc,theft of motor vehicle,2015,0
ang mo kio police division - unknown npc,theft of motor vehicle,2014,0
ang mo kio police division - unknown npc,theft of motor vehicle,2013,0
ang mo kio police division - unknown npc,theft of motor vehicle,2012,0
ang mo kio police division - unknown npc,theft of motor vehicle,2011,0
ang mo kio police division - unknown npc,outrage of modesty,2024,4
ang mo kio police division - unknown npc,outrage of modesty,2023,4
ang mo kio police division - unknown npc,outrage of modesty,2022,1
ang mo kio police division - unknown npc,outrage of modesty,2021,1
ang mo kio police division - unknown npc,outrage of modesty,2020,2
ang mo kio police division - unknown npc,outrage of modesty,2019,0
ang mo kio police division - unknown npc,outrage of modesty,2018,0
ang mo kio police division - unknown npc,outrage of modesty,2017,0
ang mo kio police division - unknown npc,outrage of modesty,2016,0
ang mo kio police division - unknown npc,outrage of modesty,2015,0
ang mo kio police division - unknown npc,outrage of modesty,2014,0
ang mo kio police division - unknown npc,outrage of modesty,2013,0
ang mo kio police division - unknown npc,outrage of modesty,2012,0
ang mo kio police division - unknown npc,outrage of modesty,2011,0
bedok police division,robbery,2024,8
bedok police division,robbery,2023,4
bedok police division,robbery,2022,12
bedok police division,robbery,2021,4
bedok police division,robbery,2020,7
bedok police division,robbery,2019,10
bedok police division,robbery,2018,13
bedok police division,robbery,2017,17
bedok police division,robbery,2016,31
bedok police division,robbery,2015,54
bedok police division,robbery,2014,71
bedok police division,robbery,2013,70
bedok police division,robbery,2012,87
bedok police division,robbery,2011,107
bedok police division,housebreaking,2024,24
bedok police division,housebreaking,2023,40
bedok police division,housebreaking,2022,30
bedok police division,housebreaking,2021,20
bedok police division,housebreaking,2020,25
bedok police division,housebreaking,2019,23
bedok police division,housebreaking,2018,24
bedok police division,housebreaking,2017,44
bedok police division,housebreaking,2016,45
bedok police division,housebreaking,2015,67
bedok police division,housebreaking,2014,94
bedok police division,housebreaking,2013,140
bedok police division,housebreaking,2012,138
bedok police division,housebreaking,2011,139
bedok police division,snatch theft,2024,3
bedok police division,snatch theft,2023,3
bedok police division,snatch theft,2022,7
bedok police division,snatch theft,2021,1
bedok police division,snatch theft,2020,6
bedok police division,snatch theft,2019,4
bedok police division,snatch theft,2018,10
bedok police division,snatch theft,2017,8
bedok police division,snatch theft,2016,21
bedok police division,snatch theft,2015,17
bedok police division,snatch theft,2014,43
bedok police division,snatch theft,2013,95
bedok police division,snatch theft,2012,74
bedok police division,snatch theft,2011,99
bedok police division,theft of motor vehicle,2024,9
bedok police division,theft of motor vehicle,2023,16
bedok police division,theft of motor vehicle,2022,26
bedok police division,theft of motor vehicle,2021,17
bedok police division,theft of motor vehicle,2020,9
bedok police division,theft of motor vehicle,2019,23
bedok police division,theft of motor vehicle,2018,42
bedok police division,theft of motor vehicle,2017,35
bedok police division,theft of motor vehicle,2016,41
bedok police division,theft of motor vehicle,2015,89
bedok police division,theft of motor vehicle,2014,84
bedok police division,theft of motor vehicle,2013,123
bedok police division,theft of motor vehicle,2012,157
bedok police division,theft of motor vehicle,2011,201
bedok police division,outrage of modesty,2024,219
bedok police division,outrage of modesty,2023,261
bedok police division,outrage of modesty,2022,295
bedok police division,outrage of modesty,2021,264
bedok police division,outrage of modesty,2020,213
bedok police division,outrage of modesty,2019,262
bedok police division,outrage of modesty,2018,288
bedok police division,outrage of modesty,2017,235
bedok police division,outrage of modesty,2016,239
bedok police division,outrage of modesty,2015,211
bedok police division,outrage of modesty,2014,270
bedok police division,outrage of modesty,2013,267
bedok police division,outrage of modesty,2012,308
bedok police division,outrage of modesty,2011,284
bedok police division - bedok npc,robbery,2024,1
bedok police division - bedok npc,robbery,2023,1
bedok police division - bedok npc,robbery,2022,3
bedok police division - bedok npc,robbery,2021,3
bedok police division - bedok npc,robbery,2020,3
bedok police division - bedok npc,robbery,2019,1
bedok police division - bedok npc,robbery,2018,2
bedok police division - bedok npc,robbery,2017,1
bedok police division - bedok npc,robbery,2016,3
bedok police division - bedok npc,robbery,2015,6
bedok police division - bedok npc,robbery,2014,16
bedok police division - bedok npc,robbery,2013,9
bedok police division - bedok npc,robbery,2012,24
bedok police division - bedok npc,robbery,2011,23
bedok police division - bedok npc,housebreaking,2024,8
bedok police division - bedok npc,housebreaking,2023,10
bedok police division - bedok npc,housebreaking,2022,9
bedok police division - bedok npc,housebreaking,2021,2
bedok police division - bedok npc,housebreaking,2020,5
bedok police division - bedok npc,housebreaking,2019,6
bedok police division - bedok npc,housebreaking,2018,7
bedok police division - bedok npc,housebreaking,2017,14
bedok police division - bedok npc,housebreaking,2016,12
bedok police division - bedok npc,housebreaking,2015,18
bedok police division - bedok npc,housebreaking,2014,28
bedok police division - bedok npc,housebreaking,2013,33
bedok police division - bedok npc,housebreaking,2012,49
bedok police division - bedok npc,housebreaking,2011,33
bedok police division - bedok npc,snatch theft,2024,1
bedok police division - bedok npc,snatch theft,2023,1
bedok police division - bedok npc,snatch theft,2022,2
bedok police division - bedok npc,snatch theft,2021,0
bedok police division - bedok npc,snatch theft,2020,1
bedok police division - bedok npc,snatch theft,2019,2
bedok police division - bedok npc,snatch theft,2018,1
bedok police division - bedok npc,snatch theft,2017,2
bedok police division - bedok npc,snatch theft,2016,3
bedok police division - bedok npc,snatch theft,2015,3
bedok police division - bedok npc,snatch theft,2014,14
bedok police division - bedok npc,snatch theft,2013,23
bedok police division - bedok npc,snatch theft,2012,14
bedok police division - bedok npc,snatch theft,2011,24
bedok police division - bedok npc,theft of motor vehicle,2024,3
bedok police division - bedok npc,theft of motor vehicle,2023,2
bedok police division - bedok npc,theft of motor vehicle,2022,5
bedok police division - bedok npc,theft of motor vehicle,2021,5
bedok police division - bedok npc,theft of motor vehicle,2020,3
bedok police division - bedok npc,theft of motor vehicle,2019,6
bedok police division - bedok npc,theft of motor vehicle,2018,15
bedok police division - bedok npc,theft of motor vehicle,2017,6
bedok police division - bedok npc,theft of motor vehicle,2016,8
bedok police division - bedok npc,theft of motor vehicle,2015,19
bedok police division - bedok npc,theft of motor vehicle,2014,16
bedok police division - bedok npc,theft of motor vehicle,2013,43
bedok police division - bedok npc,theft of motor vehicle,2012,52
bedok police division - bedok npc,theft of motor vehicle,2011,60
bedok police division - bedok npc,outrage of modesty,2024,42
bedok police division - bedok npc,outrage of modesty,2023,64
bedok police division - bedok npc,outrage of modesty,2022,72
bedok police division - bedok npc,outrage of modesty,2021,70
bedok police division - bedok npc,outrage of modesty,2020,52
bedok police division - bedok npc,outrage of modesty,2019,71
bedok police division - bedok npc,outrage of modesty,2018,63
bedok police division - bedok npc,outrage of modesty,2017,63
bedok police division - bedok npc,outrage of modesty,2016,66
bedok police division - bedok npc,outrage of modesty,2015,57
bedok police division - bedok npc,outrage of modesty,2014,76
bedok police division - bedok npc,outrage of modesty,2013,65
bedok police division - bedok npc,outrage of modesty,2012,79
bedok police division - bedok npc,outrage of modesty,2011,59
bedok police division - changi npc,robbery,2024,0
bedok police division - changi npc,robbery,2023,0
bedok police division - changi npc,robbery,2022,0
bedok police division - changi npc,robbery,2021,1
bedok police division - changi npc,robbery,2020,0
bedok police division - changi npc,robbery,2019,0
bedok police division - changi npc,robbery,2018,1
bedok police division - changi npc,robbery,2017,0
bedok police division - changi npc,robbery,2016,3
bedok police division - changi npc,robbery,2015,0
bedok police division - changi npc,robbery,2014,3
bedok police division - changi npc,robbery,2013,4
bedok police division - changi npc,robbery,2012,3
bedok police division - changi npc,robbery,2011,6
bedok police division - changi npc,housebreaking,2024,3
bedok police division - changi npc,housebreaking,2023,1
bedok police division - changi npc,housebreaking,2022,1
bedok police division - changi npc,housebreaking,2021,1
bedok police division - changi npc,housebreaking,2020,1
bedok police division - changi npc,housebreaking,2019,0
bedok police division - changi npc,housebreaking,2018,2
bedok police division - changi npc,housebreaking,2017,6
bedok police division - changi npc,housebreaking,2016,0
bedok police division - changi npc,housebreaking,2015,3
bedok police division - changi npc,housebreaking,2014,5
bedok police division - changi npc,housebreaking,2013,14
bedok police division - changi npc,housebreaking,2012,9
bedok police division - changi npc,housebreaking,2011,20
bedok police division - changi npc,snatch theft,2024,0
bedok police division - changi npc,snatch theft,2023,1
bedok police division - changi npc,snatch theft,2022,0
bedok police division - changi npc,snatch theft,2021,0
bedok police division - changi npc,snatch theft,2020,0
bedok police division - changi npc,snatch theft,2019,0
bedok police division - changi npc,snatch theft,2018,0
bedok police division - changi npc,snatch theft,2017,1
bedok police division - changi npc,snatch theft,2016,1
bedok police division - changi npc,snatch theft,2015,0
bedok police division - changi npc,snatch theft,2014,2
bedok police division - changi npc,snatch theft,2013,9
bedok police division - changi npc,snatch theft,2012,2
bedok police division - changi npc,snatch theft,2011,2
bedok police division - changi npc,theft of motor vehicle,2024,0
bedok police division - changi npc,theft of motor vehicle,2023,1
bedok police division - changi npc,theft of motor vehicle,2022,0
bedok police division - changi npc,theft of motor vehicle,2021,2
bedok police division - changi npc,theft of motor vehicle,2020,1
bedok police division - changi npc,theft of motor vehicle,2019,1
bedok police division - changi npc,theft of motor vehicle,2018,2
bedok police division - changi npc,theft of motor vehicle,2017,1
bedok police division - changi npc,theft of motor vehicle,2016,3
bedok police division - changi npc,theft of motor vehicle,2015,9
bedok police division - changi npc,theft of motor vehicle,2014,12
bedok police division - changi npc,theft of motor vehicle,2013,10
bedok police division - changi npc,theft of motor vehicle,2012,12
bedok police division - changi npc,theft of motor vehicle,2011,15
bedok police division - changi npc,outrage of modesty,2024,30
bedok police division - changi npc,outrage of modesty,2023,33
bedok police division - changi npc,outrage of modesty,2022,46
bedok police division - changi npc,outrage of modesty,2021,28
bedok police division - changi npc,outrage of modesty,2020,12
bedok police division - changi npc,outrage of modesty,2019,21
bedok police division - changi npc,outrage of modesty,2018,47
bedok police division - changi npc,outrage of modesty,2017,23
bedok police division - changi npc,outrage of modesty,2016,17
bedok police division - changi npc,outrage of modesty,2015,24
bedok police division - changi npc,outrage of modesty,2014,26
bedok police division - changi npc,outrage of modesty,2013,31
bedok police division - changi npc,outrage of modesty,2012,33
bedok police division - changi npc,outrage of modesty,2011,33
bedok police division - geylang npc,robbery,2024,2
bedok police division - geylang npc,robbery,2023,1
bedok police division - geylang npc,robbery,2022,5
bedok police division - geylang npc,robbery,2021,0
bedok police division - geylang npc,robbery,2020,3
bedok police division - geylang npc,robbery,2019,6
bedok police division - geylang npc,robbery,2018,8
bedok police division - geylang npc,robbery,2017,12
bedok police division - geylang npc,robbery,2016,16
bedok police division - geylang npc,robbery,2015,39
bedok police division - geylang npc,robbery,2014,39
bedok police division - geylang npc,robbery,2013,47
bedok police division - geylang npc,robbery,2012,42
bedok police division - geylang npc,robbery,2011,44
bedok police division - geylang npc,housebreaking,2024,6
bedok police division - geylang npc,housebreaking,2023,15
bedok police division - geylang npc,housebreaking,2022,10
bedok police division - geylang npc,housebreaking,2021,12
bedok police division - geylang npc,housebreaking,2020,5
bedok police division - geylang npc,housebreaking,2019,4
bedok police division - geylang npc,housebreaking,2018,7
bedok police division - geylang npc,housebreaking,2017,14
bedok police division - geylang npc,housebreaking,2016,17
bedok police division - geylang npc,housebreaking,2015,20
bedok police division - geylang npc,housebreaking,2014,25
bedok police division - geylang npc,housebreaking,2013,60
bedok police division - geylang npc,housebreaking,2012,53
bedok police division - geylang npc,housebreaking,2011,36
bedok police division - geylang npc,snatch theft,2024,1
bedok police division - geylang npc,snatch theft,2023,0
bedok police division - geylang npc,snatch theft,2022,4
bedok police division - geylang npc,snatch theft,2021,0
bedok police division - geylang npc,snatch theft,2020,2
bedok police division - geylang npc,snatch theft,2019,1
bedok police division - geylang npc,snatch theft,2018,9
bedok police division - geylang npc,snatch theft,2017,4
bedok police division - geylang npc,snatch theft,2016,9
bedok police division - geylang npc,snatch theft,2015,7
bedok police division - geylang npc,snatch theft,2014,22
bedok police division - geylang npc,snatch theft,2013,40
bedok police division - geylang npc,snatch theft,2012,33
bedok police division - geylang npc,snatch theft,2011,45
bedok police division - geylang npc,theft of motor vehicle,2024,3
bedok police division - geylang npc,theft of motor vehicle,2023,5
bedok police division - geylang npc,theft of motor vehicle,2022,7
bedok police division - geylang npc,theft of motor vehicle,2021,6
bedok police division - geylang npc,theft of motor vehicle,2020,3
bedok police division - geylang npc,theft of motor vehicle,2019,7
bedok police division - geylang npc,theft of motor vehicle,2018,14
bedok police division - geylang npc,theft of motor vehicle,2017,6
bedok police division - geylang npc,theft of motor vehicle,2016,17
bedok police division - geylang npc,theft of motor vehicle,2015,31
bedok police division - geylang npc,theft of motor vehicle,2014,32
bedok police division - geylang npc,theft of motor vehicle,2013,33
bedok police division - geylang npc,theft of motor vehicle,2012,50
bedok police division - geylang npc,theft of motor vehicle,2011,62
bedok police division - geylang npc,outrage of modesty,2024,63
bedok police division - geylang npc,outrage of modesty,2023,58
bedok police division - geylang npc,outrage of modesty,2022,64
bedok police division - geylang npc,outrage of modesty,2021,55
bedok police division - geylang npc,outrage of modesty,2020,63
bedok police division - geylang npc,outrage of modesty,2019,71
bedok police division - geylang npc,outrage of modesty,2018,68
bedok police division - geylang npc,outrage of modesty,2017,68
bedok police division - geylang npc,outrage of modesty,2016,64
bedok police division - geylang npc,outrage of modesty,2015,46
bedok police division - geylang npc,outrage of modesty,2014,73
bedok police division - geylang npc,outrage of modesty,2013,54
bedok police division - geylang npc,outrage of modesty,2012,95
bedok police division - geylang npc,outrage of modesty,2011,73
bedok police division - marine parade npc,robbery,2024,1
bedok police division - marine parade npc,robbery,2023,0
bedok police division - marine parade npc,robbery,2022,1
bedok police division - marine parade npc,robbery,2021,0
bedok police division - marine parade npc,robbery,2020,1
bedok police division - marine parade npc,robbery,2019,1
bedok police division - marine parade npc,robbery,2018,1
bedok police division - marine parade npc,robbery,2017,1
bedok police division - marine parade npc,robbery,2016,1
bedok police division - marine parade npc,robbery,2015,0
bedok police division - marine parade npc,robbery,2014,1
bedok police division - marine parade npc,robbery,2013,2
bedok police division - marine parade npc,robbery,2012,4
bedok police division - marine parade npc,robbery,2011,8
bedok police division - marine parade npc,housebreaking,2024,1
bedok police division - marine parade npc,housebreaking,2023,5
bedok police division - marine parade npc,housebreaking,2022,3
bedok police division - marine parade npc,housebreaking,2021,4
bedok police division - marine parade npc,housebreaking,2020,6
bedok police division - marine parade npc,housebreaking,2019,3
bedok police division - marine parade npc,housebreaking,2018,6
bedok police division - marine parade npc,housebreaking,2017,6
bedok police division - marine parade npc,housebreaking,2016,11
bedok police division - marine parade npc,housebreaking,2015,17
bedok police division - marine parade npc,housebreaking,2014,10
bedok police division - marine parade npc,housebreaking,2013,20
bedok police division - marine parade npc,housebreaking,2012,11
bedok police division - marine parade npc,housebreaking,2011,14
bedok police division - marine parade npc,snatch theft,2024,1
bedok police division - marine parade npc,snatch theft,2023,0
bedok police division - marine parade npc,snatch theft,2022,0
bedok police division - marine parade npc,snatch theft,2021,1
bedok police division - marine parade npc,snatch theft,2020,1
bedok police division - marine parade npc,snatch theft,2019,0
bedok police division - marine parade npc,snatch theft,2018,0
bedok police division - marine parade npc,snatch theft,2017,0
bedok police division - marine parade npc,snatch theft,2016,1
bedok police division - marine parade npc,snatch theft,2015,3
bedok police division - marine parade npc,snatch theft,2014,2
bedok police division - marine parade npc,snatch theft,2013,6
bedok police division - marine parade npc,snatch theft,2012,5
bedok police division - marine parade npc,snatch theft,2011,13
bedok police division - marine parade npc,theft of motor vehicle,2024,0
bedok police division - marine parade npc,theft of motor vehicle,2023,0
bedok police division - marine parade npc,theft of motor vehicle,2022,1
bedok police division - marine parade npc,theft of motor vehicle,2021,0
bedok police division - marine parade npc,theft of motor vehicle,2020,1
bedok police division - marine parade npc,theft of motor vehicle,2019,3
bedok police division - marine parade npc,theft of motor vehicle,2018,0
bedok police division - marine parade npc,theft of motor vehicle,2017,2
bedok police division - marine parade npc,theft of motor vehicle,2016,3
bedok police division - marine parade npc,theft of motor vehicle,2015,3
bedok police division - marine parade npc,theft of motor vehicle,2014,1
bedok police division - marine parade npc,theft of motor vehicle,2013,6
bedok police division - marine parade npc,theft of motor vehicle,2012,5
bedok police division - marine parade npc,theft of motor vehicle,2011,16
bedok police division - marine parade npc,outrage of modesty,2024,32
bedok police division - marine parade npc,outrage of modesty,2023,31
bedok police division - marine parade npc,outrage of modesty,2022,34
bedok police division - marine parade npc,outrage of modesty,2021,27
bedok police division - marine parade npc,outrage of modesty,2020,27
bedok police division - marine parade npc,outrage of modesty,2019,29
bedok police division - marine parade npc,outrage of modesty,2018,32
bedok police division - marine parade npc,outrage of modesty,2017,26
bedok police division - marine parade npc,outrage of modesty,2016,28
bedok police division - marine parade npc,outrage of modesty,2015,24
bedok police division - marine parade npc,outrage of modesty,2014,25
bedok police division - marine parade npc,outrage of modesty,2013,28
bedok police division - marine parade npc,outrage of modesty,2012,27
bedok police division - marine parade npc,outrage of modesty,2011,26
bedok police division - pasir ris npc,robbery,2024,2
bedok police division - pasir ris npc,robbery,2023,1
bedok police division - pasir ris npc,robbery,2022,0
bedok police division - pasir ris npc,robbery,2021,0
bedok police division - pasir ris npc,robbery,2020,0
bedok police division - pasir ris npc,robbery,2019,2
bedok police division - pasir ris npc,robbery,2018,0
bedok police division - pasir ris npc,robbery,2017,1
bedok police division - pasir ris npc,robbery,2016,1
bedok police division - pasir ris npc,robbery,2015,1
bedok police division - pasir ris npc,robbery,2014,5
bedok police division - pasir ris npc,robbery,2013,2
bedok police division - pasir ris npc,robbery,2012,4
bedok police division - pasir ris npc,robbery,2011,9
bedok police division - pasir ris npc,housebreaking,2024,3
bedok police division - pasir ris npc,housebreaking,2023,4
bedok police division - pasir ris npc,housebreaking,2022,4
bedok police division - pasir ris npc,housebreaking,2021,0
bedok police division - pasir ris npc,housebreaking,2020,5
bedok police division - pasir ris npc,housebreaking,2019,5
bedok police division - pasir ris npc,housebreaking,2018,1
bedok police division - pasir ris npc,housebreaking,2017,2
bedok police division - pasir ris npc,housebreaking,2016,0
bedok police division - pasir ris npc,housebreaking,2015,4
bedok police division - pasir ris npc,housebreaking,2014,13
bedok police division - pasir ris npc,housebreaking,2013,2
bedok police division - pasir ris npc,housebreaking,2012,7
bedok police division - pasir ris npc,housebreaking,2011,9
bedok police division - pasir ris npc,snatch theft,2024,0
bedok police division - pasir ris npc,snatch theft,2023,0
bedok police division - pasir ris npc,snatch theft,2022,0
bedok police division - pasir ris npc,snatch theft,2021,0
bedok police division - pasir ris npc,snatch theft,2020,0
bedok police division - pasir ris npc,snatch theft,2019,1
bedok police division - pasir ris npc,snatch theft,2018,0
bedok police division - pasir ris npc,snatch theft,2017,0
bedok police division - pasir ris npc,snatch theft,2016,1
bedok police division - pasir ris npc,snatch theft,2015,0
bedok police division - pasir ris npc,snatch theft,2014,0
bedok police division - pasir ris npc,snatch theft,2013,4
bedok police division - pasir ris npc,snatch theft,2012,9
bedok police division - pasir ris npc,snatch theft,2011,5
bedok police division - pasir ris npc,theft of motor vehicle,2024,1
bedok police division - pasir ris npc,theft of motor vehicle,2023,3
bedok police division - pasir ris npc,theft of motor vehicle,2022,0
bedok police division - pasir ris npc,theft of motor vehicle,2021,1
bedok police division - pasir ris npc,theft of motor vehicle,2020,0
bedok police division - pasir ris npc,theft of motor vehicle,2019,1
bedok police division - pasir ris npc,theft of motor vehicle,2018,3
bedok police division - pasir ris npc,theft of motor vehicle,2017,2
bedok police division - pasir ris npc,theft of motor vehicle,2016,3
bedok police division - pasir ris npc,theft of motor vehicle,2015,6
bedok police division - pasir ris npc,theft of motor vehicle,2014,6
bedok police division - pasir ris npc,theft of motor vehicle,2013,12
bedok police division - pasir ris npc,theft of motor vehicle,2012,13
bedok police division - pasir ris npc,theft of motor vehicle,2011,17
bedok police division - pasir ris npc,outrage of modesty,2024,18
bedok police division - pasir ris npc,outrage of modesty,2023,28
bedok police division - pasir ris npc,outrage of modesty,2022,35
bedok police division - pasir ris npc,outrage of modesty,2021,32
bedok police division - pasir ris npc,outrage of modesty,2020,22
bedok police division - pasir ris npc,outrage of modesty,2019,23
bedok police division - pasir ris npc,outrage of modesty,2018,32
bedok police division - pasir ris npc,outrage of modesty,2017,18
bedok police division - pasir ris npc,outrage of modesty,2016,32
bedok police division - pasir ris npc,outrage of modesty,2015,22
bedok police division - pasir ris npc,outrage of modesty,2014,25
bedok police division - pasir ris npc,outrage of modesty,2013,39
bedok police division - pasir ris npc,outrage of modesty,2012,31
bedok police division - pasir ris npc,outrage of modesty,2011,44
bedok police division - tampines npc,robbery,2024,2
bedok police division - tampines npc,robbery,2023,1
bedok police division - tampines npc,robbery,2022,3
bedok police division - tampines npc,robbery,2021,0
bedok police division - tampines npc,robbery,2020,0
bedok police division - tampines npc,robbery,2019,0
bedok police division - tampines npc,robbery,2018,1
bedok police division - tampines npc,robbery,2017,2
bedok police division - tampines npc,robbery,2016,7
bedok police division - tampines npc,robbery,2015,8
bedok police division - tampines npc,robbery,2014,7
bedok police division - tampines npc,robbery,2013,6
bedok police division - tampines npc,robbery,2012,10
bedok police division - tampines npc,robbery,2011,17
bedok police division - tampines npc,housebreaking,2024,3
bedok police division - tampines npc,housebreaking,2023,5
bedok police division - tampines npc,housebreaking,2022,3
bedok police division - tampines npc,housebreaking,2021,1
bedok police division - tampines npc,housebreaking,2020,3
bedok police division - tampines npc,housebreaking,2019,5
bedok police division - tampines npc,housebreaking,2018,1
bedok police division - tampines npc,housebreaking,2017,2
bedok police division - tampines npc,housebreaking,2016,5
bedok police division - tampines npc,housebreaking,2015,5
bedok police division - tampines npc,housebreaking,2014,13
bedok police division - tampines npc,housebreaking,2013,11
bedok police division - tampines npc,housebreaking,2012,9
bedok police division - tampines npc,housebreaking,2011,27
bedok police division - tampines npc,snatch theft,2024,0
bedok police division - tampines npc,snatch theft,2023,1
bedok police division - tampines npc,snatch theft,2022,1
bedok police division - tampines npc,snatch theft,2021,0
bedok police division - tampines npc,snatch theft,2020,2
bedok police division - tampines npc,snatch theft,2019,0
bedok police division - tampines npc,snatch theft,2018,0
bedok police division - tampines npc,snatch theft,2017,1
bedok police division - tampines npc,snatch theft,2016,6
bedok police division - tampines npc,snatch theft,2015,4
bedok police division - tampines npc,snatch theft,2014,3
bedok police division - tampines npc,snatch theft,2013,13
bedok police division - tampines npc,snatch theft,2012,11
bedok police division - tampines npc,snatch theft,2011,10
bedok police division - tampines npc,theft of motor vehicle,2024,2
bedok police division - tampines npc,theft of motor vehicle,2023,5
bedok police division - tampines npc,theft of motor vehicle,2022,13
bedok police division - tampines npc,theft of motor vehicle,2021,3
bedok police division - tampines npc,theft of motor vehicle,2020,1
bedok police division - tampines npc,theft of motor vehicle,2019,5
bedok police division - tampines npc,theft of motor vehicle,2018,8
bedok police division - tampines npc,theft of motor vehicle,2017,18
bedok police division - tampines npc,theft of motor vehicle,2016,7
bedok police division - tampines npc,theft of motor vehicle,2015,21
bedok police division - tampines npc,theft of motor vehicle,2014,17
bedok police division - tampines npc,theft of motor vehicle,2013,19
bedok police division - tampines npc,theft of motor vehicle,2012,25
bedok police division - tampines npc,theft of motor vehicle,2011,31
bedok police division - tampines npc,outrage of modesty,2024,27
bedok police division - tampines npc,outrage of modesty,2023,42
bedok police division - tampines npc,outrage of modesty,2022,41
bedok police division - tampines npc,outrage of modesty,2021,52
bedok police division - tampines npc,outrage of modesty,2020,36
bedok police division - tampines npc,outrage of modesty,2019,46
bedok police division - tampines npc,outrage of modesty,2018,45
bedok police division - tampines npc,outrage of modesty,2017,35
bedok police division - tampines npc,outrage of modesty,2016,32
bedok police division - tampines npc,outrage of modesty,2015,38
bedok police division - tampines npc,outrage of modesty,2014,45
bedok police division - tampines npc,outrage of modesty,2013,50
bedok police division - tampines npc,outrage of modesty,2012,43
bedok police division - tampines npc,outrage of modesty,2011,49
bedok police division - unknown npc,robbery,2024,0
bedok police division - unknown npc,robbery,2023,0
bedok police division - unknown npc,robbery,2022,0
bedok police division - unknown npc,robbery,2021,0
bedok police division - unknown npc,robbery,2020,0
bedok police division - unknown npc,robbery,2019,0
bedok police division - unknown npc,robbery,2018,0
bedok police division - unknown npc,robbery,2017,0
bedok police division - unknown npc,robbery,2016,0
bedok police division - unknown npc,robbery,2015,0
bedok police division - unknown npc,robbery,2014,0
bedok police division - unknown npc,robbery,2013,0
bedok police division - unknown npc,robbery,2012,0
bedok police division - unknown npc,robbery,2011,0
bedok police division - unknown npc,housebreaking,2024,0
bedok police division - unknown npc,housebreaking,2023,0
bedok police division - unknown npc,housebreaking,2022,0
bedok police division - unknown npc,housebreaking,2021,0
bedok police division - unknown npc,housebreaking,2020,0
bedok police division - unknown npc,housebreaking,2019,0
bedok police division - unknown npc,housebreaking,2018,0
bedok police division - unknown npc,housebreaking,2017,0
bedok police division - unknown npc,housebreaking,2016,0
bedok police division - unknown npc,housebreaking,2015,0
bedok police division - unknown npc,housebreaking,2014,0
bedok police division - unknown npc,housebreaking,2013,0
bedok police division - unknown npc,housebreaking,2012,0
bedok police division - unknown npc,housebreaking,2011,0
bedok police division - unknown npc,snatch theft,2024,0
bedok police division - unknown npc,snatch theft,2023,0
bedok police division - unknown npc,snatch theft,2022,0
bedok police division - unknown npc,snatch theft,2021,0
bedok police division - unknown npc,snatch theft,2020,0
bedok police division - unknown npc,snatch theft,2019,0
bedok police division - unknown npc,snatch theft,2018,0
bedok police division - unknown npc,snatch theft,2017,0
bedok police division - unknown npc,snatch theft,2016,0
bedok police division - unknown npc,snatch theft,2015,0
bedok police division - unknown npc,snatch theft,2014,0
bedok police division - unknown npc,snatch theft,2013,0
bedok police division - unknown npc,snatch theft,2012,0
bedok police division - unknown npc,snatch theft,2011,0
bedok police division - unknown npc,theft of motor vehicle,2024,0
bedok police division - unknown npc,theft of motor vehicle,2023,0
bedok police division - unknown npc,theft of motor vehicle,2022,0
bedok police division - unknown npc,theft of motor vehicle,2021,0
bedok police division - unknown npc,theft of motor vehicle,2020,0
bedok police division - unknown npc,theft of motor vehicle,2019,0
bedok police division - unknown npc,theft of motor vehicle,2018,0
bedok police division - unknown npc,theft of motor vehicle,2017,0
bedok police division - unknown npc,theft of motor vehicle,2016,0
bedok police division - unknown npc,theft of motor vehicle,2015,0
bedok police division - unknown npc,theft of motor vehicle,2014,0
bedok police division - unknown npc,theft of motor vehicle,2013,0
bedok police division - unknown npc,theft of motor vehicle,2012,0
bedok police division - unknown npc,theft of motor vehicle,2011,0
bedok police division - unknown npc,outrage of modesty,2024,7
bedok police division - unknown npc,outrage of modesty,2023,5
bedok police division - unknown npc,outrage of modesty,2022,3
bedok police division - unknown npc,outrage of modesty,2021,0
bedok police division - unknown npc,outrage of modesty,2020,1
bedok police division - unknown npc,outrage of modesty,2019,0
bedok police division - unknown npc,outrage of modesty,2018,0
bedok police division - unknown npc,outrage of modesty,2017,0
bedok police division - unknown npc,outrage of modesty,2016,0
bedok police division - unknown npc,outrage of modesty,2015,0
bedok police division - unknown npc,outrage of modesty,2014,0
bedok police division - unknown npc,outrage of modesty,2013,0
bedok police division - unknown npc,outrage of modesty,2012,0
bedok police division - unknown npc,outrage of modesty,2011,0
jurong police division,robbery,2024,3
jurong police division,robbery,2023,3
jurong police division,robbery,2022,4
jurong police division,robbery,2021,2
jurong police division,robbery,2020,5
jurong police division,robbery,2019,7
jurong police division,robbery,2018,18
jurong police division,robbery,2017,13
jurong police division,robbery,2016,14
jurong police division,robbery,2015,12
jurong police division,robbery,2014,47
jurong police division,robbery,2013,50
jurong police division,robbery,2012,57
jurong police division,robbery,2011,87
jurong police division,housebreaking,2024,18
jurong police division,housebreaking,2023,22
jurong police division,housebreaking,2022,18
jurong police division,housebreaking,2021,18
jurong police division,housebreaking,2020,8
jurong police division,housebreaking,2019,20
jurong police division,housebreaking,2018,41
jurong police division,housebreaking,2017,29
jurong police division,housebreaking,2016,53
jurong police division,housebreaking,2015,61
jurong police division,housebreaking,2014,41
jurong police division,housebreaking,2013,123
jurong police division,housebreaking,2012,106
jurong police division,housebreaking,2011,170
jurong police division,snatch theft,2024,3
jurong police division,snatch theft,2023,4
jurong police division,snatch theft,2022,7
jurong police division,snatch theft,2021,3
jurong police division,snatch theft,2020,1
jurong police division,snatch theft,2019,4
jurong police division,snatch theft,2018,5
jurong police division,snatch theft,2017,8
jurong police division,snatch theft,2016,20
jurong police division,snatch theft,2015,11
jurong police division,snatch theft,2014,45
jurong police division,snatch theft,2013,46
jurong police division,snatch theft,2012,82
jurong police division,snatch theft,2011,61
jurong police division,theft of motor vehicle,2024,21
jurong police division,theft of motor vehicle,2023,14
jurong police division,theft of motor vehicle,2022,17
jurong police division,theft of motor vehicle,2021,14
jurong police division,theft of motor vehicle,2020,12
jurong police division,theft of motor vehicle,2019,21
jurong police division,theft of motor vehicle,2018,32
jurong police division,theft of motor vehicle,2017,31
jurong police division,theft of motor vehicle,2016,51
jurong police division,theft of motor vehicle,2015,83
jurong police division,theft of motor vehicle,2014,107
jurong police division,theft of motor vehicle,2013,101
jurong police division,theft of motor vehicle,2012,141
jurong police division,theft of motor vehicle,2011,194
jurong police division,outrage of modesty,2024,219
jurong police division,outrage of modesty,2023,227
jurong police division,outrage of modesty,2022,197
jurong police division,outrage of modesty,2021,227
jurong police division,outrage of modesty,2020,224
jurong police division,outrage of modesty,2019,211
jurong police division,outrage of modesty,2018,321
jurong police division,outrage of modesty,2017,299
jurong police division,outrage of modesty,2016,254
jurong police division,outrage of modesty,2015,288
jurong police division,outrage of modesty,2014,284
jurong police division,outrage of modesty,2013,294
jurong police division,outrage of modesty,2012,278
jurong police division,outrage of modesty,2011,287
jurong police division - bukit batok npc,robbery,2024,0
jurong police division - bukit batok npc,robbery,2023,2
jurong police division - bukit batok npc,robbery,2022,1
jurong police division - bukit batok npc,robbery,2021,2
jurong police division - bukit batok npc,robbery,2020,0
jurong police division - bukit batok npc,robbery,2019,0
jurong police division - bukit batok npc,robbery,2018,1
jurong police division - bukit batok npc,robbery,2017,2
jurong police division - bukit batok npc,robbery,2016,1
jurong police division - bukit batok npc,robbery,2015,0
jurong police division - bukit batok npc,robbery,2014,3
jurong police division - bukit batok npc,robbery,2013,5
jurong police division - bukit batok npc,robbery,2012,6
jurong police division - bukit batok npc,robbery,2011,11
jurong police division - bukit batok npc,housebreaking,2024,6
jurong police division - bukit batok npc,housebreaking,2023,3
jurong police division - bukit batok npc,housebreaking,2022,1
jurong police division - bukit batok npc,housebreaking,2021,6
jurong police division - bukit batok npc,housebreaking,2020,2
jurong police division - bukit batok npc,housebreaking,2019,2
jurong police division - bukit batok npc,housebreaking,2018,7
jurong police division - bukit batok npc,housebreaking,2017,2
jurong police division - bukit batok npc,housebreaking,2016,7
jurong police division - bukit batok npc,housebreaking,2015,7
jurong police division - bukit batok npc,housebreaking,2014,7
jurong police division - bukit batok npc,housebreaking,2013,15
jurong police division - bukit batok npc,housebreaking,2012,8
jurong police division - bukit batok npc,housebreaking,2011,33
jurong police division - bukit batok npc,snatch theft,2024,1
jurong police division - bukit batok npc,snatch theft,2023,1
jurong police division - bukit batok npc,snatch theft,2022,1
jurong police division - bukit batok npc,snatch theft,2021,0
jurong police division - bukit batok npc,snatch theft,2020,0
jurong police division - bukit batok npc,snatch theft,2019,1
jurong police division - bukit batok npc,snatch theft,2018,1
jurong police division - bukit batok npc,snatch theft,2017,0
jurong police division - bukit batok npc,snatch theft,2016,4
jurong police division - bukit batok npc,snatch theft,2015,0
jurong police division - bukit batok npc,snatch theft,2014,1
jurong police division - bukit batok npc,snatch theft,2013,8
jurong police division - bukit batok npc,snatch theft,2012,11
jurong police division - bukit batok npc,snatch theft,2011,9
jurong police division - bukit batok npc,theft of motor vehicle,2024,2
jurong police division - bukit batok npc,theft of motor vehicle,2023,3
jurong police division - bukit batok npc,theft of motor vehicle,2022,4
jurong police division - bukit batok npc,theft of motor vehicle,2021,3
jurong police division - bukit batok npc,theft of motor vehicle,2020,2
jurong police division - bukit batok npc,theft of motor vehicle,2019,4
jurong police division - bukit batok npc,theft of motor vehicle,2018,1
jurong police division - bukit batok npc,theft of motor vehicle,2017,0
jurong police division - bukit batok npc,theft of motor vehicle,2016,2
jurong police division - bukit batok npc,theft of motor vehicle,2015,3
jurong police division - bukit batok npc,theft of motor vehicle,2014,4
jurong police division - bukit batok npc,theft of motor vehicle,2013,9
jurong police division - bukit batok npc,theft of motor vehicle,2012,17
jurong police division - bukit batok npc,theft of motor vehicle,2011,21
jurong police division - bukit batok npc,outrage of modesty,2024,51
jurong police division - bukit batok npc,outrage of modesty,2023,52
jurong police division - bukit batok npc,outrage of modesty,2022,35
jurong police division - bukit batok npc,outrage of modesty,2021,41
jurong police division - bukit batok npc,outrage of modesty,2020,42
jurong police division - bukit batok npc,outrage of modesty,2019,45
jurong police division - bukit batok npc,outrage of modesty,2018,52
jurong police division - bukit batok npc,outrage of modesty,2017,46
jurong police division - bukit batok npc,outrage of modesty,2016,35
jurong police division - bukit batok npc,outrage of modesty,2015,44
jurong police division - bukit batok npc,outrage of modesty,2014,29
jurong police division - bukit batok npc,outrage of modesty,2013,37
jurong police division - bukit batok npc,outrage of modesty,2012,25
jurong police division - bukit batok npc,outrage of modesty,2011,40
jurong police division - bukit panjang npc,robbery,2024,0
jurong police division - bukit panjang npc,robbery,2023,1
jurong police division - bukit panjang npc,robbery,2022,0
jurong police division - bukit panjang npc,robbery,2021,0
jurong police division - bukit panjang npc,robbery,2020,0
jurong police division - bukit panjang npc,robbery,2019,0
jurong police division - bukit panjang npc,robbery,2018,1
jurong police division - bukit panjang npc,robbery,2017,1
jurong police division - bukit panjang npc,robbery,2016,3
jurong police division - bukit panjang npc,robbery,2015,0
jurong police division - bukit panjang npc,robbery,2014,6
jurong police division - bukit panjang npc,robbery,2013,3
jurong police division - bukit panjang npc,robbery,2012,0
jurong police division - bukit panjang npc,robbery,2011,1
jurong police division - bukit panjang npc,housebreaking,2024,1
jurong police division - bukit panjang npc,housebreaking,2023,1
jurong police division - bukit panjang npc,housebreaking,2022,1
jurong police division - bukit panjang npc,housebreaking,2021,0
jurong police division - bukit panjang npc,housebreaking,2020,1
jurong police division - bukit panjang npc,housebreaking,2019,1
jurong police division - bukit panjang npc,housebreaking,2018,4
jurong police division - bukit panjang npc,housebreaking,2017,8
jurong police division - bukit panjang npc,housebreaking,2016,6
jurong police division - bukit panjang npc,housebreaking,2015,12
jurong police division - bukit panjang npc,housebreaking,2014,5
jurong police division - bukit panjang npc,housebreaking,2013,7
jurong police division - bukit panjang npc,housebreaking,2012,12
jurong police division - bukit panjang npc,housebreaking,2011,7
jurong police division - bukit panjang npc,snatch theft,2024,0
jurong police division - bukit panjang npc,snatch theft,2023,0
jurong police division - bukit panjang npc,snatch theft,2022,0
jurong police division - bukit panjang npc,snatch theft,2021,0
jurong police division - bukit panjang npc,snatch theft,2020,0
jurong police division - bukit panjang npc,snatch theft,2019,0
jurong police division - bukit panjang npc,snatch theft,2018,2
jurong police division - bukit panjang npc,snatch theft,2017,1
jurong police division - bukit panjang npc,snatch theft,2016,0
jurong police division - bukit panjang npc,snatch theft,2015,1
jurong police division - bukit panjang npc,snatch theft,2014,6
jurong police division - bukit panjang npc,snatch theft,2013,3
jurong police division - bukit panjang npc,snatch theft,2012,7
jurong police division - bukit panjang npc,snatch theft,2011,7
jurong police division - bukit panjang npc,theft of motor vehicle,2024,2
jurong police division - bukit panjang npc,theft of motor vehicle,2023,1
jurong police division - bukit panjang npc,theft of motor vehicle,2022,1
jurong police division - bukit panjang npc,theft of motor vehicle,2021,0
jurong police division - bukit panjang npc,theft of motor vehicle,2020,1
jurong police division - bukit panjang npc,theft of motor vehicle,2019,4
jurong police division - bukit panjang npc,theft of motor vehicle,2018,3
jurong police division - bukit panjang npc,theft of motor vehicle,2017,0
jurong police division - bukit panjang npc,theft of motor vehicle,2016,8
jurong police division - bukit panjang npc,theft of motor vehicle,2015,5
jurong police division - bukit panjang npc,theft of motor vehicle,2014,5
jurong police division - bukit panjang npc,theft of motor vehicle,2013,3
jurong police division - bukit panjang npc,theft of motor vehicle,2012,10
jurong police division - bukit panjang npc,theft of motor vehicle,2011,16
jurong police division - bukit panjang npc,outrage of modesty,2024,33
jurong police division - bukit panjang npc,outrage of modesty,2023,31
jurong police division - bukit panjang npc,outrage of modesty,2022,26
jurong police division - bukit panjang npc,outrage of modesty,2021,32
jurong police division - bukit panjang npc,outrage of modesty,2020,34
jurong police division - bukit panjang npc,outrage of modesty,2019,25
jurong police division - bukit panjang npc,outrage of modesty,2018,36
jurong police division - bukit panjang npc,outrage of modesty,2017,20
jurong police division - bukit panjang npc,outrage of modesty,2016,21
jurong police division - bukit panjang npc,outrage of modesty,2015,29
jurong police division - bukit panjang npc,outrage of modesty,2014,22
jurong police division - bukit panjang npc,outrage of modesty,2013,33
jurong police division - bukit panjang npc,outrage of modesty,2012,27
jurong police division - bukit panjang npc,outrage of modesty,2011,24
jurong police division - choa chu kang npc,robbery,2024,1
jurong police division - choa chu kang npc,robbery,2023,0
jurong police division - choa chu kang npc,robbery,2022,0
jurong police division - choa chu kang npc,robbery,2021,0
jurong police division - choa chu kang npc,robbery,2020,3
jurong police division - choa chu kang npc,robbery,2019,3
jurong police division - choa chu kang npc,robbery,2018,0
jurong police division - choa chu kang npc,robbery,2017,0
jurong police division - choa chu kang npc,robbery,2016,1
jurong police division - choa chu kang npc,robbery,2015,2
jurong police division - choa chu kang npc,robbery,2014,2
jurong police division - choa chu kang npc,robbery,2013,10
jurong police division - choa chu kang npc,robbery,2012,12
jurong police division - choa chu kang npc,robbery,2011,13
jurong police division - choa chu kang npc,housebreaking,2024,0
jurong police division - choa chu kang npc,housebreaking,2023,0
jurong police division - choa chu kang npc,housebreaking,2022,4
jurong police division - choa chu kang npc,housebreaking,2021,3
jurong police division - choa chu kang npc,housebreaking,2020,3
jurong police division - choa chu kang npc,housebreaking,2019,6
jurong police division - choa chu kang npc,housebreaking,2018,8
jurong police division - choa chu kang npc,housebreaking,2017,4
jurong police division - choa chu kang npc,housebreaking,2016,13
jurong police division - choa chu kang npc,housebreaking,2015,11
jurong police division - choa chu kang npc,housebreaking,2014,3
jurong police division - choa chu kang npc,housebreaking,2013,13
jurong police division - choa chu kang npc,housebreaking,2012,6
jurong police division - choa chu kang npc,housebreaking,2011,15
jurong police division - choa chu kang npc,snatch theft,2024,1
jurong police division - choa chu kang npc,snatch theft,2023,1
jurong police division - choa chu kang npc,snatch theft,2022,2
jurong police division - choa chu kang npc,snatch theft,2021,1
jurong police division - choa chu kang npc,snatch theft,2020,0
jurong police division - choa chu kang npc,snatch theft,2019,1
jurong police division - choa chu kang npc,snatch theft,2018,0
jurong police division - choa chu kang npc,snatch theft,2017,2
jurong police division - choa chu kang npc,snatch theft,2016,1
jurong police division - choa chu kang npc,snatch theft,2015,0
jurong police division - choa chu kang npc,snatch theft,2014,5
jurong police division - choa chu kang npc,snatch theft,2013,8
jurong police division - choa chu kang npc,snatch theft,2012,8
jurong police division - choa chu kang npc,snatch theft,2011,8
jurong police division - choa chu kang npc,theft of motor vehicle,2024,9
jurong police division - choa chu kang npc,theft of motor vehicle,2023,2
jurong police division - choa chu kang npc,theft of motor vehicle,2022,1
jurong police division - choa chu kang npc,theft of motor vehicle,2021,2
jurong police division - choa chu kang npc,theft of motor vehicle,2020,5
jurong police division - choa chu kang npc,theft of motor vehicle,2019,4
jurong police division - choa chu kang npc,theft of motor vehicle,2018,3
jurong police division - choa chu kang npc,theft of motor vehicle,2017,2
jurong police division - choa chu kang npc,theft of motor vehicle,2016,7
jurong police division - choa chu kang npc,theft of motor vehicle,2015,15
jurong police division - choa chu kang npc,theft of motor vehicle,2014,16
jurong police division - choa chu kang npc,theft of motor vehicle,2013,18
jurong police division - choa chu kang npc,theft of motor vehicle,2012,16
jurong police division - choa chu kang npc,theft of motor vehicle,2011,40
jurong police division - choa chu kang npc,outrage of modesty,2024,43
jurong police division - choa chu kang npc,outrage of modesty,2023,50
jurong police division - choa chu kang npc,outrage of modesty,2022,43
jurong police division - choa chu kang npc,outrage of modesty,2021,55
jurong police division - choa chu kang npc,outrage of modesty,2020,52
jurong police division - choa chu kang npc,outrage of modesty,2019,57
jurong police division - choa chu kang npc,outrage of modesty,2018,45
jurong police division - choa chu kang npc,outrage of modesty,2017,39
jurong police division - choa chu kang npc,outrage of modesty,2016,34
jurong police division - choa chu kang npc,outrage of modesty,2015,52
jurong police division - choa chu kang npc,outrage of modesty,2014,34
jurong police division - choa chu kang npc,outrage of modesty,2013,46
jurong police division - choa chu kang npc,outrage of modesty,2012,40
jurong police division - choa chu kang npc,outrage of modesty,2011,44
jurong police division - jurong west npc,robbery,2024,0
jurong police division - jurong west npc,robbery,2023,0
jurong police division - jurong west npc,robbery,2022,1
jurong police division - jurong west npc,robbery,2021,0
jurong police division - jurong west npc,robbery,2020,0
jurong police division - jurong west npc,robbery,2019,0
jurong police division - jurong west npc,robbery,2018,3
jurong police division - jurong west npc,robbery,2017,4
jurong police division - jurong west npc,robbery,2016,3
jurong police division - jurong west npc,robbery,2015,0
jurong police division - jurong west npc,robbery,2014,6
jurong police division - jurong west npc,robbery,2013,5
jurong police division - jurong west npc,robbery,2012,7
jurong police division - jurong west npc,robbery,2011,15
jurong police division - jurong west npc,housebreaking,2024,8
jurong police division - jurong west npc,housebreaking,2023,10
jurong police division - jurong west npc,housebreaking,2022,4
jurong police division - jurong west npc,housebreaking,2021,4
jurong police division - jurong west npc,housebreaking,2020,1
jurong police division - jurong west npc,housebreaking,2019,1
jurong police division - jurong west npc,housebreaking,2018,8
jurong police division - jurong west npc,housebreaking,2017,2
jurong police division - jurong west npc,housebreaking,2016,8
jurong police division - jurong west npc,housebreaking,2015,14
jurong police division - jurong west npc,housebreaking,2014,4
jurong police division - jurong west npc,housebreaking,2013,24
jurong police division - jurong west npc,housebreaking,2012,29
jurong police division - jurong west npc,housebreaking,2011,25
jurong police division - jurong west npc,snatch theft,2024,0
jurong police division - jurong west npc,snatch theft,2023,1
jurong police division - jurong west npc,snatch theft,2022,2
jurong police division - jurong west npc,snatch theft,2021,2
jurong police division - jurong west npc,snatch theft,2020,0
jurong police division - jurong west npc,snatch theft,2019,0
jurong police division - jurong west npc,snatch theft,2018,0
jurong police division - jurong west npc,snatch theft,2017,2
jurong police division - jurong west npc,snatch theft,2016,4
jurong police division - jurong west npc,snatch theft,2015,5
jurong police division - jurong west npc,snatch theft,2014,9
jurong police division - jurong west npc,snatch theft,2013,6
jurong police division - jurong west npc,snatch theft,2012,22
jurong police division - jurong west npc,snatch theft,2011,9
jurong police division - jurong west npc,theft of motor vehicle,2024,3
jurong police division - jurong west npc,theft of motor vehicle,2023,3
jurong police division - jurong west npc,theft of motor vehicle,2022,4
jurong police division - jurong west npc,theft of motor vehicle,2021,5
jurong police division - jurong west npc,theft of motor vehicle,2020,3
jurong police division - jurong west npc,theft of motor vehicle,2019,5
jurong police division - jurong west npc,theft of motor vehicle,2018,4
jurong police division - jurong west npc,theft of motor vehicle,2017,10
jurong police division - jurong west npc,theft of motor vehicle,2016,4
jurong police division - jurong west npc,theft of motor vehicle,2015,19
jurong police division - jurong west npc,theft of motor vehicle,2014,22
jurong police division - jurong west npc,theft of motor vehicle,2013,13
jurong police division - jurong west npc,theft of motor vehicle,2012,20
jurong police division - jurong west npc,theft of motor vehicle,2011,32
jurong police division - jurong west npc,outrage of modesty,2024,45
jurong police division - jurong west npc,outrage of modesty,2023,43
jurong police division - jurong west npc,outrage of modesty,2022,46
jurong police division - jurong west npc,outrage of modesty,2021,52
jurong police division - jurong west npc,outrage of modesty,2020,42
jurong police division - jurong west npc,outrage of modesty,2019,45
jurong police division - jurong west npc,outrage of modesty,2018,47
jurong police division - jurong west npc,outrage of modesty,2017,41
jurong police division - jurong west npc,outrage of modesty,2016,49
jurong police division - jurong west npc,outrage of modesty,2015,40
jurong police division - jurong west npc,outrage of modesty,2014,59
jurong police division - jurong west npc,outrage of modesty,2013,49
jurong police division - jurong west npc,outrage of modesty,2012,52
jurong police division - jurong west npc,outrage of modesty,2011,48
jurong police division - nanyang npc,robbery,2024,2
jurong police division - nanyang npc,robbery,2023,0
jurong police division - nanyang npc,robbery,2022,2
jurong police division - nanyang npc,robbery,2021,0
jurong police division - nanyang npc,robbery,2020,2
jurong police division - nanyang npc,robbery,2019,4
jurong police division - nanyang npc,robbery,2018,4
jurong police division - nanyang npc,robbery,2017,4
jurong police division - nanyang npc,robbery,2016,2
jurong police division - nanyang npc,robbery,2015,3
jurong police division - nanyang npc,robbery,2014,9
jurong police division - nanyang npc,robbery,2013,11
jurong police division - nanyang npc,robbery,2012,11
jurong police division - nanyang npc,robbery,2011,18
jurong police division - nanyang npc,housebreaking,2024,3
jurong police division - nanyang npc,housebreaking,2023,8
jurong police division - nanyang npc,housebreaking,2022,8
jurong police division - nanyang npc,housebreaking,2021,5
jurong police division - nanyang npc,housebreaking,2020,1
jurong police division - nanyang npc,housebreaking,2019,10
jurong police division - nanyang npc,housebreaking,2018,7
jurong police division - nanyang npc,housebreaking,2017,6
jurong police division - nanyang npc,housebreaking,2016,8
jurong police division - nanyang npc,housebreaking,2015,3
jurong police division - nanyang npc,housebreaking,2014,5
jurong police division - nanyang npc,housebreaking,2013,32
jurong police division - nanyang npc,housebreaking,2012,25
jurong police division - nanyang npc,housebreaking,2011,36
jurong police division - nanyang npc,snatch theft,2024,1
jurong police division - nanyang npc,snatch theft,2023,1
jurong police division - nanyang npc,snatch theft,2022,2
jurong police division - nanyang npc,snatch theft,2021,0
jurong police division - nanyang npc,snatch theft,2020,1
jurong police division - nanyang npc,snatch theft,2019,2
jurong police division - nanyang npc,snatch theft,2018,1
jurong police division - nanyang npc,snatch theft,2017,0
jurong police division - nanyang npc,snatch theft,2016,2
jurong police division - nanyang npc,snatch theft,2015,0
jurong police division - nanyang npc,snatch theft,2014,3
jurong police division - nanyang npc,snatch theft,2013,9
jurong police division - nanyang npc,snatch theft,2012,12
jurong police division - nanyang npc,snatch theft,2011,15
jurong police division - nanyang npc,theft of motor vehicle,2024,5
jurong police division - nanyang npc,theft of motor vehicle,2023,5
jurong police division - nanyang npc,theft of motor vehicle,2022,7
jurong police division - nanyang npc,theft of motor vehicle,2021,4
jurong police division - nanyang npc,theft of motor vehicle,2020,1
jurong police division - nanyang npc,theft of motor vehicle,2019,4
jurong police division - nanyang npc,theft of motor vehicle,2018,12
jurong police division - nanyang npc,theft of motor vehicle,2017,4
jurong police division - nanyang npc,theft of motor vehicle,2016,9
jurong police division - nanyang npc,theft of motor vehicle,2015,13
jurong police division - nanyang npc,theft of motor vehicle,2014,8
jurong police division - nanyang npc,theft of motor vehicle,2013,26
jurong police division - nanyang npc,theft of motor vehicle,2012,14
jurong police division - nanyang npc,theft of motor vehicle,2011,23
jurong police division - nanyang npc,outrage of modesty,2024,44
jurong police division - nanyang npc,outrage of modesty,2023,47
jurong police division - nanyang npc,outrage of modesty,2022,47
jurong police division - nanyang npc,outrage of modesty,2021,45
jurong police division - nanyang npc,outrage of modesty,2020,52
jurong police division - nanyang npc,outrage of modesty,2019,39
jurong police division - nanyang npc,outrage of modesty,2018,55
jurong police division - nanyang npc,outrage of modesty,2017,50
jurong police division - nanyang npc,outrage of modesty,2016,46
jurong police division - nanyang npc,outrage of modesty,2015,45
jurong police division - nanyang npc,outrage of modesty,2014,53
jurong police division - nanyang npc,outrage of modesty,2013,41
jurong police division - nanyang npc,outrage of modesty,2012,35
jurong police division - nanyang npc,outrage of modesty,2011,48
jurong police division - woodlands npc,robbery,2024,0
jurong police division - woodlands npc,robbery,2023,0
jurong police division - woodlands npc,robbery,2022,0
jurong police division - woodlands npc,robbery,2021,0
jurong police division - woodlands npc,robbery,2020,0
jurong police division - woodlands npc,robbery,2019,0
jurong police division - woodlands npc,robbery,2018,0
jurong police division - woodlands npc,robbery,2017,0
jurong police division - woodlands npc,robbery,2016,0
jurong police division - woodlands npc,robbery,2015,0
jurong police division - woodlands npc,robbery,2014,0
jurong police division - woodlands npc,robbery,2013,0
jurong police division - woodlands npc,robbery,2012,0
jurong police division - woodlands npc,robbery,2011,29
jurong police division - woodlands npc,housebreaking,2024,0
jurong police division - woodlands npc,housebreaking,2023,0
jurong police division - woodlands npc,housebreaking,2022,0
jurong police division - woodlands npc,housebreaking,2021,0
jurong police division - woodlands npc,housebreaking,2020,0
jurong police division - woodlands npc,housebreaking,2019,0
jurong police division - woodlands npc,housebreaking,2018,0
jurong police division - woodlands npc,housebreaking,2017,0
jurong police division - woodlands npc,housebreaking,2016,0
jurong police division - woodlands npc,housebreaking,2015,0
jurong police division - woodlands npc,housebreaking,2014,0
jurong police division - woodlands npc,housebreaking,2013,0
jurong police division - woodlands npc,housebreaking,2012,0
jurong police division - woodlands npc,housebreaking,2011,54
jurong police division - woodlands npc,snatch theft,2024,0
jurong police division - woodlands npc,snatch theft,2023,0
jurong police division - woodlands npc,snatch theft,2022,0
jurong police division - woodlands npc,snatch theft,2021,0
jurong police division - woodlands npc,snatch theft,2020,0
jurong police division - woodlands npc,snatch theft,2019,0
jurong police division - woodlands npc,snatch theft,2018,0
jurong police division - woodlands npc,snatch theft,2017,0
jurong police division - woodlands npc,snatch theft,2016,0
jurong police division - woodlands npc,snatch theft,2015,0
jurong police division - woodlands npc,snatch theft,2014,0
jurong police division - woodlands npc,snatch theft,2013,0
jurong police division - woodlands npc,snatch theft,2012,0
jurong police division - woodlands npc,snatch theft,2011,13
jurong police division - woodlands npc,theft of motor vehicle,2024,0
jurong police division - woodlands npc,theft of motor vehicle,2023,0
jurong police division - woodlands npc,theft of motor vehicle,2022,0
jurong police division - woodlands npc,theft of motor vehicle,2021,0
jurong police division - woodlands npc,theft of motor vehicle,2020,0
jurong police division - woodlands npc,theft of motor vehicle,2019,0
jurong police division - woodlands npc,theft of motor vehicle,2018,0
jurong police division - woodlands npc,theft of motor vehicle,2017,0
jurong police division - woodlands npc,theft of motor vehicle,2016,0
jurong police division - woodlands npc,theft of motor vehicle,2015,0
jurong police division - woodlands npc,theft of motor vehicle,2014,0
jurong police division - woodlands npc,theft of motor vehicle,2013,0
jurong police division - woodlands npc,theft of motor vehicle,2012,0
jurong police division - woodlands npc,theft of motor vehicle,2011,62
jurong police division - woodlands npc,outrage of modesty,2024,0
jurong police division - woodlands npc,outrage of modesty,2023,0
jurong police division - woodlands npc,outrage of modesty,2022,0
jurong police division - woodlands npc,outrage of modesty,2021,0
jurong police division - woodlands npc,outrage of modesty,2020,0
jurong police division - woodlands npc,outrage of modesty,2019,0
jurong police division - woodlands npc,outrage of modesty,2018,0
jurong police division - woodlands npc,outrage of modesty,2017,0
jurong police division - woodlands npc,outrage of modesty,2016,0
jurong police division - woodlands npc,outrage of modesty,2015,0
jurong police division - woodlands npc,outrage of modesty,2014,0
jurong police division - woodlands npc,outrage of modesty,2013,0
jurong police division - woodlands npc,outrage of modesty,2012,0
jurong police division - woodlands npc,outrage of modesty,2011,83
jurong police division - woodlands east npc,robbery,2024,0
jurong police division - woodlands east npc,robbery,2023,0
jurong police division - woodlands east npc,robbery,2022,0
jurong police division - woodlands east npc,robbery,2021,0
jurong police division - woodlands east npc,robbery,2020,0
jurong police division - woodlands east npc,robbery,2019,0
jurong police division - woodlands east npc,robbery,2018,0
jurong police division - woodlands east npc,robbery,2017,1
jurong police division - woodlands east npc,robbery,2016,1
jurong police division - woodlands east npc,robbery,2015,1
jurong police division - woodlands east npc,robbery,2014,11
jurong police division - woodlands east npc,robbery,2013,5
jurong police division - woodlands east npc,robbery,2012,8
jurong police division - woodlands east npc,robbery,2011,0
jurong police division - woodlands east npc,housebreaking,2024,0
jurong police division - woodlands east npc,housebreaking,2023,0
jurong police division - woodlands east npc,housebreaking,2022,0
jurong police division - woodlands east npc,housebreaking,2021,0
jurong police division - woodlands east npc,housebreaking,2020,0
jurong police division - woodlands east npc,housebreaking,2019,0
jurong police division - woodlands east npc,housebreaking,2018,2
jurong police division - woodlands east npc,housebreaking,2017,4
jurong police division - woodlands east npc,housebreaking,2016,2
jurong police division - woodlands east npc,housebreaking,2015,2
jurong police division - woodlands east npc,housebreaking,2014,4
jurong police division - woodlands east npc,housebreaking,2013,22
jurong police division - woodlands east npc,housebreaking,2012,12
jurong police division - woodlands east npc,housebreaking,2011,0
jurong police division - woodlands east npc,snatch theft,2024,0
jurong police division - woodlands east npc,snatch theft,2023,0
jurong police division - woodlands east npc,snatch theft,2022,0
jurong police division - woodlands east npc,snatch theft,2021,0
jurong police division - woodlands east npc,snatch theft,2020,0
jurong police division - woodlands east npc,snatch theft,2019,0
jurong police division - woodlands east npc,snatch theft,2018,1
jurong police division - woodlands east npc,snatch theft,2017,2
jurong police division - woodlands east npc,snatch theft,2016,3
jurong police division - woodlands east npc,snatch theft,2015,1
jurong police division - woodlands east npc,snatch theft,2014,14
jurong police division - woodlands east npc,snatch theft,2013,7
jurong police division - woodlands east npc,snatch theft,2012,9
jurong police division - woodlands east npc,snatch theft,2011,0
jurong police division - woodlands east npc,theft of motor vehicle,2024,0
jurong police division - woodlands east npc,theft of motor vehicle,2023,0
jurong police division - woodlands east npc,theft of motor vehicle,2022,0
jurong police division - woodlands east npc,theft of motor vehicle,2021,0
jurong police division - woodlands east npc,theft of motor vehicle,2020,0
jurong police division - woodlands east npc,theft of motor vehicle,2019,0
jurong police division - woodlands east npc,theft of motor vehicle,2018,7
jurong police division - woodlands east npc,theft of motor vehicle,2017,6
jurong police division - woodlands east npc,theft of motor vehicle,2016,9
jurong police division - woodlands east npc,theft of motor vehicle,2015,13
jurong police division - woodlands east npc,theft of motor vehicle,2014,35
jurong police division - woodlands east npc,theft of motor vehicle,2013,15
jurong police division - woodlands east npc,theft of motor vehicle,2012,27
jurong police division - woodlands east npc,theft of motor vehicle,2011,0
jurong police division - woodlands east npc,outrage of modesty,2024,0
jurong police division - woodlands east npc,outrage of modesty,2023,0
jurong police division - woodlands east npc,outrage of modesty,2022,0
jurong police division - woodlands east npc,outrage of modesty,2021,0
jurong police division - woodlands east npc,outrage of modesty,2020,0
jurong police division - woodlands east npc,outrage of modesty,2019,0
jurong police division - woodlands east npc,outrage of modesty,2018,41
jurong police division - woodlands east npc,outrage of modesty,2017,47
jurong police division - woodlands east npc,outrage of modesty,2016,36
jurong police division - woodlands east npc,outrage of modesty,2015,33
jurong police division - woodlands east npc,outrage of modesty,2014,43
jurong police division - woodlands east npc,outrage of modesty,2013,44
jurong police division - woodlands east npc,outrage of modesty,2012,58
jurong police division - woodlands east npc,outrage of modesty,2011,0
jurong police division - woodlands west npc,robbery,2024,0
jurong police division - woodlands west npc,robbery,2023,0
jurong police division - woodlands west npc,robbery,2022,0
jurong police division - woodlands west npc,robbery,2021,0
jurong police division - woodlands west npc,robbery,2020,0
jurong police division - woodlands west npc,robbery,2019,0
jurong police division - woodlands west npc,robbery,2018,9
jurong police division - woodlands west npc,robbery,2017,1
jurong police division - woodlands west npc,robbery,2016,3
jurong police division - woodlands west npc,robbery,2015,6
jurong police division - woodlands west npc,robbery,2014,10
jurong police division - woodlands west npc,robbery,2013,11
jurong police division - woodlands west npc,robbery,2012,13
jurong police division - woodlands west npc,robbery,2011,0
jurong police division - woodlands west npc,housebreaking,2024,0
jurong police division - woodlands west npc,housebreaking,2023,0
jurong police division - woodlands west npc,housebreaking,2022,0
jurong police division - woodlands west npc,housebreaking,2021,0
jurong police division - woodlands west npc,housebreaking,2020,0
jurong police division - woodlands west npc,housebreaking,2019,0
jurong police division - woodlands west npc,housebreaking,2018,5
jurong police division - woodlands west npc,housebreaking,2017,3
jurong police division - woodlands west npc,housebreaking,2016,9
jurong police division - woodlands west npc,housebreaking,2015,12
jurong police division - woodlands west npc,housebreaking,2014,13
jurong police division - woodlands west npc,housebreaking,2013,10
jurong police division - woodlands west npc,housebreaking,2012,14
jurong police division - woodlands west npc,housebreaking,2011,0
jurong police division - woodlands west npc,snatch theft,2024,0
jurong police division - woodlands west npc,snatch theft,2023,0
jurong police division - woodlands west npc,snatch theft,2022,0
jurong police division - woodlands west npc,snatch theft,2021,0
jurong police division - woodlands west npc,snatch theft,2020,0
jurong police division - woodlands west npc,snatch theft,2019,0
jurong police division - woodlands west npc,snatch theft,2018,0
jurong police division - woodlands west npc,snatch theft,2017,1
jurong police division - woodlands west npc,snatch theft,2016,6
jurong police division - woodlands west npc,snatch theft,2015,4
jurong police division - woodlands west npc,snatch theft,2014,7
jurong police division - woodlands west npc,snatch theft,2013,5
jurong police division - woodlands west npc,snatch theft,2012,13
jurong police division - woodlands west npc,snatch theft,2011,0
jurong police division - woodlands west npc,theft of motor vehicle,2024,0
jurong police division - woodlands west npc,theft of motor vehicle,2023,0
jurong police division - woodlands west npc,theft of motor vehicle,2022,0
jurong police division - woodlands west npc,theft of motor vehicle,2021,0
jurong police division - woodlands west npc,theft of motor vehicle,2020,0
jurong police division - woodlands west npc,theft of motor vehicle,2019,0
jurong police division - woodlands west npc,theft of motor vehicle,2018,2
jurong police division - woodlands west npc,theft of motor vehicle,2017,9
jurong police division - woodlands west npc,theft of motor vehicle,2016,12
jurong police division - woodlands west npc,theft of motor vehicle,2015,15
jurong police division - woodlands west npc,theft of motor vehicle,2014,17
jurong police division - woodlands west npc,theft of motor vehicle,2013,17
jurong police division - woodlands west npc,theft of motor vehicle,2012,37
jurong police division - woodlands west npc,theft of motor vehicle,2011,0
jurong police division - woodlands west npc,outrage of modesty,2024,0
jurong police division - woodlands west npc,outrage of modesty,2023,0
jurong police division - woodlands west npc,outrage of modesty,2022,0
jurong police division - woodlands west npc,outrage of modesty,2021,0
jurong police division - woodlands west npc,outrage of modesty,2020,0
jurong police division - woodlands west npc,outrage of modesty,2019,0
jurong police division - woodlands west npc,outrage of modesty,2018,43
jurong police division - woodlands west npc,outrage of modesty,2017,56
jurong police division - woodlands west npc,outrage of modesty,2016,33
jurong police division - woodlands west npc,outrage of modesty,2015,45
jurong police division - woodlands west npc,outrage of modesty,2014,44
jurong police division - woodlands west npc,outrage of modesty,2013,44
jurong police division - woodlands west npc,outrage of modesty,2012,41
jurong police division - woodlands west npc,outrage of modesty,2011,0
jurong police division - unknown npc,robbery,2024,0
jurong police division - unknown npc,robbery,2023,0
jurong police division - unknown npc,robbery,2022,0
jurong police division - unknown npc,robbery,2021,0
jurong police division - unknown npc,robbery,2020,0
jurong police division - unknown npc,robbery,2019,0
jurong police division - unknown npc,robbery,2018,0
jurong police division - unknown npc,robbery,2017,0
jurong police division - unknown npc,robbery,2016,0
jurong police division - unknown npc,robbery,2015,0
jurong police division - unknown npc,robbery,2014,0
jurong police division - unknown npc,robbery,2013,0
jurong police division - unknown npc,robbery,2012,0
jurong police division - unknown npc,robbery,2011,0
jurong police division - unknown npc,housebreaking,2024,0
jurong police division - unknown npc,housebreaking,2023,0
jurong police division - unknown npc,housebreaking,2022,0
jurong police division - unknown npc,housebreaking,2021,0
jurong police division - unknown npc,housebreaking,2020,0
jurong police division - unknown npc,housebreaking,2019,0
jurong police division - unknown npc,housebreaking,2018,0
jurong police division - unknown npc,housebreaking,2017,0
jurong police division - unknown npc,housebreaking,2016,0
jurong police division - unknown npc,housebreaking,2015,0
jurong police division - unknown npc,housebreaking,2014,0
jurong police division - unknown npc,housebreaking,2013,0
jurong police division - unknown npc,housebreaking,2012,0
jurong police division - unknown npc,housebreaking,2011,0
jurong police division - unknown npc,snatch theft,2024,0
jurong police division - unknown npc,snatch theft,2023,0
jurong police division - unknown npc,snatch theft,2022,0
jurong police division - unknown npc,snatch theft,2021,0
jurong police division - unknown npc,snatch theft,2020,0
jurong police division - unknown npc,snatch theft,2019,0
jurong police division - unknown npc,snatch theft,2018,0
jurong police division - unknown npc,snatch theft,2017,0
jurong police division - unknown npc,snatch theft,2016,0
jurong police division - unknown npc,snatch theft,2015,0
jurong police division - unknown npc,snatch theft,2014,0
jurong police division - unknown npc,snatch theft,2013,0
jurong police division - unknown npc,snatch theft,2012,0
jurong police division - unknown npc,snatch theft,2011,0
jurong police division - unknown npc,theft of motor vehicle,2024,0
jurong police division - unknown npc,theft of motor vehicle,2023,0
jurong police division - unknown npc,theft of motor vehicle,2022,0
jurong police division - unknown npc,theft of motor vehicle,2021,0
jurong police division - unknown npc,theft of motor vehicle,2020,0
jurong police division - unknown npc,theft of motor vehicle,2019,0
jurong police division - unknown npc,theft of motor vehicle,2018,0
jurong police division - unknown npc,theft of motor vehicle,2017,0
jurong police division - unknown npc,theft of motor vehicle,2016,0
jurong police division - unknown npc,theft of motor vehicle,2015,0
jurong police division - unknown npc,theft of motor vehicle,2014,0
jurong police division - unknown npc,theft of motor vehicle,2013,0
jurong police division - unknown npc,theft of motor vehicle,2012,0
jurong police division - unknown npc,theft of motor vehicle,2011,0
jurong police division - unknown npc,outrage of modesty,2024,3
jurong police division - unknown npc,outrage of modesty,2023,4
jurong police division - unknown npc,outrage of modesty,2022,0
jurong police division - unknown npc,outrage of modesty,2021,2
jurong police division - unknown npc,outrage of modesty,2020,2
jurong police division - unknown npc,outrage of modesty,2019,0
jurong police division - unknown npc,outrage of modesty,2018,0
jurong police division - unknown npc,outrage of modesty,2017,0
jurong police division - unknown npc,outrage of modesty,2016,0
jurong police division - unknown npc,outrage of modesty,2015,0
jurong police division - unknown npc,outrage of modesty,2014,0
jurong police division - unknown npc,outrage of modesty,2013,0
jurong police division - unknown npc,outrage of modesty,2012,0
jurong police division - unknown npc,outrage of modesty,2011,0
woodlands police division,robbery,2024,1
woodlands police division,robbery,2023,2
woodlands police division,robbery,2022,1
woodlands police division,robbery,2021,5
woodlands police division,robbery,2020,3
woodlands police division,robbery,2019,6
woodlands police division,robbery,2018,0
woodlands police division,robbery,2017,0
woodlands police division,robbery,2016,0
woodlands police division,robbery,2015,0
woodlands police division,robbery,2014,0
woodlands police division,robbery,2013,0
woodlands police division,robbery,2012,0
woodlands police division,robbery,2011,0
woodlands police division,housebreaking,2024,12
woodlands police division,housebreaking,2023,12
woodlands police division,housebreaking,2022,15
woodlands police division,housebreaking,2021,9
woodlands police division,housebreaking,2020,20
woodlands police division,housebreaking,2019,29
woodlands police division,housebreaking,2018,2
woodlands police division,housebreaking,2017,0
woodlands police division,housebreaking,2016,0
woodlands police division,housebreaking,2015,0
woodlands police division,housebreaking,2014,0
woodlands police division,housebreaking,2013,0
woodlands police division,housebreaking,2012,0
woodlands police division,housebreaking,2011,0
woodlands police division,snatch theft,2024,0
woodlands police division,snatch theft,2023,3
woodlands police division,snatch theft,2022,1
woodlands police division,snatch theft,2021,2
woodlands police division,snatch theft,2020,2
woodlands police division,snatch theft,2019,8
woodlands police division,snatch theft,2018,0
woodlands police division,snatch theft,2017,0
woodlands police division,snatch theft,2016,0
woodlands police division,snatch theft,2015,0
woodlands police division,snatch theft,2014,0
woodlands police division,snatch theft,2013,0
woodlands police division,snatch theft,2012,0
woodlands police division,snatch theft,2011,0
woodlands police division,theft of motor vehicle,2024,8
woodlands police division,theft of motor vehicle,2023,14
woodlands police division,theft of motor vehicle,2022,14
woodlands police division,theft of motor vehicle,2021,18
woodlands police division,theft of motor vehicle,2020,16
woodlands police division,theft of motor vehicle,2019,16
woodlands police division,theft of motor vehicle,2018,1
woodlands police division,theft of motor vehicle,2017,0
woodlands police division,theft of motor vehicle,2016,0
woodlands police division,theft of motor vehicle,2015,0
woodlands police division,theft of motor vehicle,2014,0
woodlands police division,theft of motor vehicle,2013,0
woodlands police division,theft of motor vehicle,2012,0
woodlands police division,theft of motor vehicle,2011,0
woodlands police division,outrage of modesty,2024,122
woodlands police division,outrage of modesty,2023,128
woodlands police division,outrage of modesty,2022,142
woodlands police division,outrage of modesty,2021,157
woodlands police division,outrage of modesty,2020,187
woodlands police division,outrage of modesty,2019,165
woodlands police division,outrage of modesty,2018,15
woodlands police division,outrage of modesty,2017,0
woodlands police division,outrage of modesty,2016,0
woodlands police division,outrage of modesty,2015,0
woodlands police division,outrage of modesty,2014,0
woodlands police division,outrage of modesty,2013,0
woodlands police division,outrage of modesty,2012,0
woodlands police division,outrage of modesty,2011,0
woodlands police division - woodlands east npc,robbery,2024,0
woodlands police division - woodlands east npc,robbery,2023,1
woodlands police division - woodlands east npc,robbery,2022,0
woodlands police division - woodlands east npc,robbery,2021,2
woodlands police division - woodlands east npc,robbery,2020,1
woodlands police division - woodlands east npc,robbery,2019,1
woodlands police division - woodlands east npc,robbery,2018,0
woodlands police division - woodlands east npc,robbery,2017,0
woodlands police division - woodlands east npc,robbery,2016,0
woodlands police division - woodlands east npc,robbery,2015,0
woodlands police division - woodlands east npc,robbery,2014,0
woodlands police division - woodlands east npc,robbery,2013,0
woodlands police division - woodlands east npc,robbery,2012,0
woodlands police division - woodlands east npc,robbery,2011,0
woodlands police division - woodlands east npc,housebreaking,2024,3
woodlands police division - woodlands east npc,housebreaking,2023,2
woodlands police division - woodlands east npc,housebreaking,2022,1
woodlands police division - woodlands east npc,housebreaking,2021,3
woodlands police division - woodlands east npc,housebreaking,2020,3
woodlands police division - woodlands east npc,housebreaking,2019,5
woodlands police division - woodlands east npc,housebreaking,2018,0
woodlands police division - woodlands east npc,housebreaking,2017,0
woodlands police division - woodlands east npc,housebreaking,2016,0
woodlands police division - woodlands east npc,housebreaking,2015,0
woodlands police division - woodlands east npc,housebreaking,2014,0
woodlands police division - woodlands east npc,housebreaking,2013,0
woodlands police division - woodlands east npc,housebreaking,2012,0
woodlands police division - woodlands east npc,housebreaking,2011,0
woodlands police division - woodlands east npc,snatch theft,2024,0
woodlands police division - woodlands east npc,snatch theft,2023,1
woodlands police division - woodlands east npc,snatch theft,2022,0
woodlands police division - woodlands east npc,snatch theft,2021,2
woodlands police division - woodlands east npc,snatch theft,2020,1
woodlands police division - woodlands east npc,snatch theft,2019,2
woodlands police division - woodlands east npc,snatch theft,2018,0
woodlands police division - woodlands east npc,snatch theft,2017,0
woodlands police division - woodlands east npc,snatch theft,2016,0
woodlands police division - woodlands east npc,snatch theft,2015,0
woodlands police division - woodlands east npc,snatch theft,2014,0
woodlands police division - woodlands east npc,snatch theft,2013,0
woodlands police division - woodlands east npc,snatch theft,2012,0
woodlands police division - woodlands east npc,snatch theft,2011,0
woodlands police division - woodlands east npc,theft of motor vehicle,2024,0
woodlands police division - woodlands east npc,theft of motor vehicle,2023,4
woodlands police division - woodlands east npc,theft of motor vehicle,2022,4
woodlands police division - woodlands east npc,theft of motor vehicle,2021,6
woodlands police division - woodlands east npc,theft of motor vehicle,2020,3
woodlands police division - woodlands east npc,theft of motor vehicle,2019,7
woodlands police division - woodlands east npc,theft of motor vehicle,2018,0
woodlands police division - woodlands east npc,theft of motor vehicle,2017,0
woodlands police division - woodlands east npc,theft of motor vehicle,2016,0
woodlands police division - woodlands east npc,theft of motor vehicle,2015,0
woodlands police division - woodlands east npc,theft of motor vehicle,2014,0
woodlands police division - woodlands east npc,theft of motor vehicle,2013,0
woodlands police division - woodlands east npc,theft of motor vehicle,2012,0
woodlands police division - woodlands east npc,theft of motor vehicle,2011,0
woodlands police division - woodlands east npc,outrage of modesty,2024,36
woodlands police division - woodlands east npc,outrage of modesty,2023,28
woodlands police division - woodlands east npc,outrage of modesty,2022,30
woodlands police division - woodlands east npc,outrage of modesty,2021,32
woodlands police division - woodlands east npc,outrage of modesty,2020,39
woodlands police division - woodlands east npc,outrage of modesty,2019,41
woodlands police division - woodlands east npc,outrage of modesty,2018,2
woodlands police division - woodlands east npc,outrage of modesty,2017,0
woodlands police division - woodlands east npc,outrage of modesty,2016,0
woodlands police division - woodlands east npc,outrage of modesty,2015,0
woodlands police division - woodlands east npc,outrage of modesty,2014,0
woodlands police division - woodlands east npc,outrage of modesty,2013,0
woodlands police division - woodlands east npc,outrage of modesty,2012,0
woodlands police division - woodlands east npc,outrage of modesty,2011,0
woodlands police division - woodlands west npc,robbery,2024,0
woodlands police division - woodlands west npc,robbery,2023,0
woodlands police division - woodlands west npc,robbery,2022,0
woodlands police division - woodlands west npc,robbery,2021,3
woodlands police division - woodlands west npc,robbery,2020,0
woodlands police division - woodlands west npc,robbery,2019,2
woodlands police division - woodlands west npc,robbery,2018,0
woodlands police division - woodlands west npc,robbery,2017,0
woodlands police division - woodlands west npc,robbery,2016,0
woodlands police division - woodlands west npc,robbery,2015,0
woodlands police division - woodlands west npc,robbery,2014,0
woodlands police division - woodlands west npc,robbery,2013,0
woodlands police division - woodlands west npc,robbery,2012,0
woodlands police division - woodlands west npc,robbery,2011,0
woodlands police division - woodlands west npc,housebreaking,2024,2
woodlands police division - woodlands west npc,housebreaking,2023,1
woodlands police division - woodlands west npc,housebreaking,2022,4
woodlands police division - woodlands west npc,housebreaking,2021,0
woodlands police division - woodlands west npc,housebreaking,2020,2
woodlands police division - woodlands west npc,housebreaking,2019,5
woodlands police division - woodlands west npc,housebreaking,2018,0
woodlands police division - woodlands west npc,housebreaking,2017,0
woodlands police division - woodlands west npc,housebreaking,2016,0
woodlands police division - woodlands west npc,housebreaking,2015,0
woodlands police division - woodlands west npc,housebreaking,2014,0
woodlands police division - woodlands west npc,housebreaking,2013,0
woodlands police division - woodlands west npc,housebreaking,2012,0
woodlands police division - woodlands west npc,housebreaking,2011,0
woodlands police division - woodlands west npc,snatch theft,2024,0
woodlands police division - woodlands west npc,snatch theft,2023,0
woodlands police division - woodlands west npc,snatch theft,2022,0
woodlands police division - woodlands west npc,snatch theft,2021,0
woodlands police division - woodlands west npc,snatch theft,2020,0
woodlands police division - woodlands west npc,snatch theft,2019,2
woodlands police division - woodlands west npc,snatch theft,2018,0
woodlands police division - woodlands west npc,snatch theft,2017,0
woodlands police division - woodlands west npc,snatch theft,2016,0
woodlands police division - woodlands west npc,snatch theft,2015,0
woodlands police division - woodlands west npc,snatch theft,2014,0
woodlands police division - woodlands west npc,snatch theft,2013,0
woodlands police division - woodlands west npc,snatch theft,2012,0
woodlands police division - woodlands west npc,snatch theft,2011,0
woodlands police division - woodlands west npc,theft of motor vehicle,2024,4
woodlands police division - woodlands west npc,theft of motor vehicle,2023,4
woodlands police division - woodlands west npc,theft of motor vehicle,2022,5
woodlands police division - woodlands west npc,theft of motor vehicle,2021,3
woodlands police division - woodlands west npc,theft of motor vehicle,2020,3
woodlands police division - woodlands west npc,theft of motor vehicle,2019,5
woodlands police division - woodlands west npc,theft of motor vehicle,2018,0
woodlands police division - woodlands west npc,theft of motor vehicle,2017,0
woodlands police division - woodlands west npc,theft of motor vehicle,2016,0
woodlands police division - woodlands west npc,theft of motor vehicle,2015,0
woodlands police division - woodlands west npc,theft of motor vehicle,2014,0
woodlands police division - woodlands west npc,theft of motor vehicle,2013,0
woodlands police division - woodlands west npc,theft of motor vehicle,2012,0
woodlands police division - woodlands west npc,theft of motor vehicle,2011,0
woodlands police division - woodlands west npc,outrage of modesty,2024,28
woodlands police division - woodlands west npc,outrage of modesty,2023,35
woodlands police division - woodlands west npc,outrage of modesty,2022,26
woodlands police division - woodlands west npc,outrage of modesty,2021,32
woodlands police division - woodlands west npc,outrage of modesty,2020,38
woodlands police division - woodlands west npc,outrage of modesty,2019,39
woodlands police division - woodlands west npc,outrage of modesty,2018,7
woodlands police division - woodlands west npc,outrage of modesty,2017,0
woodlands police division - woodlands west npc,outrage of modesty,2016,0
woodlands police division - woodlands west npc,outrage of modesty,2015,0
woodlands police division - woodlands west npc,outrage of modesty,2014,0
woodlands police division - woodlands west npc,outrage of modesty,2013,0
woodlands police division - woodlands west npc,outrage of modesty,2012,0
woodlands police division - woodlands west npc,outrage of modesty,2011,0
woodlands police division - yishun north npc,robbery,2024,1
woodlands police division - yishun north npc,robbery,2023,1
woodlands police division - yishun north npc,robbery,2022,1
woodlands police division - yishun north npc,robbery,2021,0
woodlands police division - yishun north npc,robbery,2020,2
woodlands police division - yishun north npc,robbery,2019,1
woodlands police division - yishun north npc,robbery,2018,0
woodlands police division - yishun north npc,robbery,2017,0
woodlands police division - yishun north npc,robbery,2016,0
woodlands police division - yishun north npc,robbery,2015,0
woodlands police division - yishun north npc,robbery,2014,0
woodlands police division - yishun north npc,robbery,2013,0
woodlands police division - yishun north npc,robbery,2012,0
woodlands police division - yishun north npc,robbery,2011,0
woodlands police division - yishun north npc,housebreaking,2024,3
woodlands police division - yishun north npc,housebreaking,2023,3
woodlands police division - yishun north npc,housebreaking,2022,3
woodlands police division - yishun north npc,housebreaking,2021,1
woodlands police division - yishun north npc,housebreaking,2020,6
woodlands police division - yishun north npc,housebreaking,2019,12
woodlands police division - yishun north npc,housebreaking,2018,2
woodlands police division - yishun north npc,housebreaking,2017,0
woodlands police division - yishun north npc,housebreaking,2016,0
woodlands police division - yishun north npc,housebreaking,2015,0
woodlands police division - yishun north npc,housebreaking,2014,0
woodlands police division - yishun north npc,housebreaking,2013,0
woodlands police division - yishun north npc,housebreaking,2012,0
woodlands police division - yishun north npc,housebreaking,2011,0
woodlands police division - yishun north npc,snatch theft,2024,0
woodlands police division - yishun north npc,snatch theft,2023,1
woodlands police division - yishun north npc,snatch theft,2022,1
woodlands police division - yishun north npc,snatch theft,2021,0
woodlands police division - yishun north npc,snatch theft,2020,1
woodlands police division - yishun north npc,snatch theft,2019,4
woodlands police division - yishun north npc,snatch theft,2018,0
woodlands police division - yishun north npc,snatch theft,2017,0
woodlands police division - yishun north npc,snatch theft,2016,0
woodlands police division - yishun north npc,snatch theft,2015,0
woodlands police division - yishun north npc,snatch theft,2014,0
woodlands police division - yishun north npc,snatch theft,2013,0
woodlands police division - yishun north npc,snatch theft,2012,0
woodlands police division - yishun north npc,snatch theft,2011,0
woodlands police division - yishun north npc,theft of motor vehicle,2024,1
woodlands police division - yishun north npc,theft of motor vehicle,2023,4
woodlands police division - yishun north npc,theft of motor vehicle,2022,2
woodlands police division - yishun north npc,theft of motor vehicle,2021,7
woodlands police division - yishun north npc,theft of motor vehicle,2020,2
woodlands police division - yishun north npc,theft of motor vehicle,2019,1
woodlands police division - yishun north npc,theft of motor vehicle,2018,0
woodlands police division - yishun north npc,theft of motor vehicle,2017,0
woodlands police division - yishun north npc,theft of motor vehicle,2016,0
woodlands police division - yishun north npc,theft of motor vehicle,2015,0
woodlands police division - yishun north npc,theft of motor vehicle,2014,0
woodlands police division - yishun north npc,theft of motor vehicle,2013,0
woodlands police division - yishun north npc,theft of motor vehicle,2012,0
woodlands police division - yishun north npc,theft of motor vehicle,2011,0
woodlands police division - yishun north npc,outrage of modesty,2024,27
woodlands police division - yishun north npc,outrage of modesty,2023,28
woodlands police division - yishun north npc,outrage of modesty,2022,36
woodlands police division - yishun north npc,outrage of modesty,2021,34
woodlands police division - yishun north npc,outrage of modesty,2020,48
woodlands police division - yishun north npc,outrage of modesty,2019,46
woodlands police division - yishun north npc,outrage of modesty,2018,4
woodlands police division - yishun north npc,outrage of modesty,2017,0
woodlands police division - yishun north npc,outrage of modesty,2016,0
woodlands police division - yishun north npc,outrage of modesty,2015,0
woodlands police division - yishun north npc,outrage of modesty,2014,0
woodlands police division - yishun north npc,outrage of modesty,2013,0
woodlands police division - yishun north npc,outrage of modesty,2012,0
woodlands police division - yishun north npc,outrage of modesty,2011,0
woodlands police division - yishun south npc,robbery,2024,0
woodlands police division - yishun south npc,robbery,2023,0
woodlands police division - yishun south npc,robbery,2022,0
woodlands police division - yishun south npc,robbery,2021,0
woodlands police division - yishun south npc,robbery,2020,0
woodlands police division - yishun south npc,robbery,2019,1
woodlands police division - yishun south npc,robbery,2018,0
woodlands police division - yishun south npc,robbery,2017,0
woodlands police division - yishun south npc,robbery,2016,0
woodlands police division - yishun south npc,robbery,2015,0
woodlands police division - yishun south npc,robbery,2014,0
woodlands police division - yishun south npc,robbery,2013,0
woodlands police division - yishun south npc,robbery,2012,0
woodlands police division - yishun south npc,robbery,2011,0
woodlands police division - yishun south npc,housebreaking,2024,2
woodlands police division - yishun south npc,housebreaking,2023,0
woodlands police division - yishun south npc,housebreaking,2022,3
woodlands police division - yishun south npc,housebreaking,2021,0
woodlands police division - yishun south npc,housebreaking,2020,1
woodlands police division - yishun south npc,housebreaking,2019,1
woodlands police division - yishun south npc,housebreaking,2018,0
woodlands police division - yishun south npc,housebreaking,2017,0
woodlands police division - yishun south npc,housebreaking,2016,0
woodlands police division - yishun south npc,housebreaking,2015,0
woodlands police division - yishun south npc,housebreaking,2014,0
woodlands police division - yishun south npc,housebreaking,2013,0
woodlands police division - yishun south npc,housebreaking,2012,0
woodlands police division - yishun south npc,housebreaking,2011,0
woodlands police division - yishun south npc,snatch theft,2024,0
woodlands police division - yishun south npc,snatch theft,2023,0
woodlands police division - yishun south npc,snatch theft,2022,0
woodlands police division - yishun south npc,snatch theft,2021,0
woodlands police division - yishun south npc,snatch theft,2020,0
woodlands police division - yishun south npc,snatch theft,2019,0
woodlands police division - yishun south npc,snatch theft,2018,0
woodlands police division - yishun south npc,snatch theft,2017,0
woodlands police division - yishun south npc,snatch theft,2016,0
woodlands police division - yishun south npc,snatch theft,2015,0
woodlands police division - yishun south npc,snatch theft,2014,0
woodlands police division - yishun south npc,snatch theft,2013,0
woodlands police division - yishun south npc,snatch theft,2012,0
woodlands police division - yishun south npc,snatch theft,2011,0
woodlands police division - yishun south npc,theft of motor vehicle,2024,1
woodlands police division - yishun south npc,theft of motor vehicle,2023,1
woodlands police division - yishun south npc,theft of motor vehicle,2022,1
woodlands police division - yishun south npc,theft of motor vehicle,2021,0
woodlands police division - yishun south npc,theft of motor vehicle,2020,0
woodlands police division - yishun south npc,theft of motor vehicle,2019,0
woodlands police division - yishun south npc,theft of motor vehicle,2018,0
woodlands police division - yishun south npc,theft of motor vehicle,2017,0
woodlands police division - yishun south npc,theft of motor vehicle,2016,0
woodlands police division - yishun south npc,theft of motor vehicle,2015,0
woodlands police division - yishun south npc,theft of motor vehicle,2014,0
woodlands police division - yishun south npc,theft of motor vehicle,2013,0
woodlands police division - yishun south npc,theft of motor vehicle,2012,0
woodlands police division - yishun south npc,theft of motor vehicle,2011,0
woodlands police division - yishun south npc,outrage of modesty,2024,13
woodlands police division - yishun south npc,outrage of modesty,2023,9
woodlands police division - yishun south npc,outrage of modesty,2022,14
woodlands police division - yishun south npc,outrage of modesty,2021,26
woodlands police division - yishun south npc,outrage of modesty,2020,25
woodlands police division - yishun south npc,outrage of modesty,2019,16
woodlands police division - yishun south npc,outrage of modesty,2018,1
woodlands police division - yishun south npc,outrage of modesty,2017,0
woodlands police division - yishun south npc,outrage of modesty,2016,0
woodlands police division - yishun south npc,outrage of modesty,2015,0
woodlands police division - yishun south npc,outrage of modesty,2014,0
woodlands police division - yishun south npc,outrage of modesty,2013,0
woodlands police division - yishun south npc,outrage of modesty,2012,0
woodlands police division - yishun south npc,outrage of modesty,2011,0
woodlands police division - yishun npc,robbery,2024,0
woodlands police division - yishun npc,robbery,2023,0
woodlands police division - yishun npc,robbery,2022,0
woodlands police division - yishun npc,robbery,2021,0
woodlands police division - yishun npc,robbery,2020,0
woodlands police division - yishun npc,robbery,2019,0
woodlands police division - yishun npc,robbery,2018,0
woodlands police division - yishun npc,robbery,2017,0
woodlands police division - yishun npc,robbery,2016,0
woodlands police division - yishun npc,robbery,2015,0
woodlands police division - yishun npc,robbery,2014,0
woodlands police division - yishun npc,robbery,2013,0
woodlands police division - yishun npc,robbery,2012,0
woodlands police division - yishun npc,robbery,2011,0
woodlands police division - yishun npc,housebreaking,2024,0
woodlands police division - yishun npc,housebreaking,2023,0
woodlands police division - yishun npc,housebreaking,2022,0
woodlands police division - yishun npc,housebreaking,2021,0
woodlands police division - yishun npc,housebreaking,2020,0
woodlands police division - yishun npc,housebreaking,2019,0
woodlands police division - yishun npc,housebreaking,2018,0
woodlands police division - yishun npc,housebreaking,2017,0
woodlands police division - yishun npc,housebreaking,2016,0
woodlands police division - yishun npc,housebreaking,2015,0
woodlands police division - yishun npc,housebreaking,2014,0
woodlands police division - yishun npc,housebreaking,2013,0
woodlands police division - yishun npc,housebreaking,2012,0
woodlands police division - yishun npc,housebreaking,2011,0
woodlands police division - yishun npc,snatch theft,2024,0
woodlands police division - yishun npc,snatch theft,2023,0
woodlands police division - yishun npc,snatch theft,2022,0
woodlands police division - yishun npc,snatch theft,2021,0
woodlands police division - yishun npc,snatch theft,2020,0
woodlands police division - yishun npc,snatch theft,2019,0
woodlands police division - yishun npc,snatch theft,2018,0
woodlands police division - yishun npc,snatch theft,2017,0
woodlands police division - yishun npc,snatch theft,2016,0
woodlands police division - yishun npc,snatch theft,2015,0
woodlands police division - yishun npc,snatch theft,2014,0
woodlands police division - yishun npc,snatch theft,2013,0
woodlands police division - yishun npc,snatch theft,2012,0
woodlands police division - yishun npc,snatch theft,2011,0
woodlands police division - yishun npc,theft of motor vehicle,2024,0
woodlands police division - yishun npc,theft of motor vehicle,2023,0
woodlands police division - yishun npc,theft of motor vehicle,2022,0
woodlands police division - yishun npc,theft of motor vehicle,2021,0
woodlands police division - yishun npc,theft of motor vehicle,2020,0
woodlands police division - yishun npc,theft of motor vehicle,2019,0
woodlands police division - yishun npc,theft of motor vehicle,2018,0
woodlands police division - yishun npc,theft of motor vehicle,2017,0
woodlands police division - yishun npc,theft of motor vehicle,2016,0
woodlands police division - yishun npc,theft of motor vehicle,2015,0
woodlands police division - yishun npc,theft of motor vehicle,2014,0
woodlands police division - yishun npc,theft of motor vehicle,2013,0
woodlands police division - yishun npc,theft of motor vehicle,2012,0
woodlands police division - yishun npc,theft of motor vehicle,2011,0
woodlands police division - yishun npc,outrage of modesty,2024,3
woodlands police division - yishun npc,outrage of modesty,2023,0
woodlands police division - yishun npc,outrage of modesty,2022,0
woodlands police division - yishun npc,outrage of modesty,2021,0
woodlands police division - yishun npc,outrage of modesty,2020,0
woodlands police division - yishun npc,outrage of modesty,2019,0
woodlands police division - yishun npc,outrage of modesty,2018,0
woodlands police division - yishun npc,outrage of modesty,2017,0
woodlands police division - yishun npc,outrage of modesty,2016,0
woodlands police division - yishun npc,outrage of modesty,2015,0
woodlands police division - yishun npc,outrage of modesty,2014,0
woodlands police division - yishun npc,outrage of modesty,2013,0
woodlands police division - yishun npc,outrage of modesty,2012,0
woodlands police division - yishun npc,outrage of modesty,2011,0
woodlands police division - sembawang npc,robbery,2024,0
woodlands police division - sembawang npc,robbery,2023,0
woodlands police division - sembawang npc,robbery,2022,0
woodlands police division - sembawang npc,robbery,2021,0
woodlands police division - sembawang npc,robbery,2020,0
woodlands police division - sembawang npc,robbery,2019,1
woodlands police division - sembawang npc,robbery,2018,0
woodlands police division - sembawang npc,robbery,2017,0
woodlands police division - sembawang npc,robbery,2016,0
woodlands police division - sembawang npc,robbery,2015,0
woodlands police division - sembawang npc,robbery,2014,0
woodlands police division - sembawang npc,robbery,2013,0
woodlands police division - sembawang npc,robbery,2012,0
woodlands police division - sembawang npc,robbery,2011,0
woodlands police division - sembawang npc,housebreaking,2024,2
woodlands police division - sembawang npc,housebreaking,2023,6
woodlands police division - sembawang npc,housebreaking,2022,4
woodlands police division - sembawang npc,housebreaking,2021,5
woodlands police division - sembawang npc,housebreaking,2020,8
woodlands police division - sembawang npc,housebreaking,2019,6
woodlands police division - sembawang npc,housebreaking,2018,0
woodlands police division - sembawang npc,housebreaking,2017,0
woodlands police division - sembawang npc,housebreaking,2016,0
woodlands police division - sembawang npc,housebreaking,2015,0
woodlands police division - sembawang npc,housebreaking,2014,0
woodlands police division - sembawang npc,housebreaking,2013,0
woodlands police division - sembawang npc,housebreaking,2012,0
woodlands police division - sembawang npc,housebreaking,2011,0
woodlands police division - sembawang npc,snatch theft,2024,0
woodlands police division - sembawang npc,snatch theft,2023,1
woodlands police division - sembawang npc,snatch theft,2022,0
woodlands police division - sembawang npc,snatch theft,2021,0
woodlands police division - sembawang npc,snatch theft,2020,0
woodlands police division - sembawang npc,snatch theft,2019,0
woodlands police division - sembawang npc,snatch theft,2018,0
woodlands police division - sembawang npc,snatch theft,2017,0
woodlands police division - sembawang npc,snatch theft,2016,0
woodlands police division - sembawang npc,snatch theft,2015,0
woodlands police division - sembawang npc,snatch theft,2014,0
woodlands police division - sembawang npc,snatch theft,2013,0
woodlands police division - sembawang npc,snatch theft,2012,0
woodlands police division - sembawang npc,snatch theft,2011,0
woodlands police division - sembawang npc,theft of motor vehicle,2024,2
woodlands police division - sembawang npc,theft of motor vehicle,2023,1
woodlands police division - sembawang npc,theft of motor vehicle,2022,2
woodlands police division - sembawang npc,theft of motor vehicle,2021,2
woodlands police division - sembawang npc,theft of motor vehicle,2020,8
woodlands police division - sembawang npc,theft of motor vehicle,2019,2
woodlands police division - sembawang npc,theft of motor vehicle,2018,1
woodlands police division - sembawang npc,theft of motor vehicle,2017,0
woodlands police division - sembawang npc,theft of motor vehicle,2016,0
woodlands police division - sembawang npc,theft of motor vehicle,2015,0
woodlands police division - sembawang npc,theft of motor vehicle,2014,0
woodlands police division - sembawang npc,theft of motor vehicle,2013,0
woodlands police division - sembawang npc,theft of motor vehicle,2012,0
woodlands police division - sembawang npc,theft of motor vehicle,2011,0
woodlands police division - sembawang npc,outrage of modesty,2024,15
woodlands police division - sembawang npc,outrage of modesty,2023,25
woodlands police division - sembawang npc,outrage of modesty,2022,32
woodlands police division - sembawang npc,outrage of modesty,2021,28
woodlands police division - sembawang npc,outrage of modesty,2020,30
woodlands police division - sembawang npc,outrage of modesty,2019,18
woodlands police division - sembawang npc,outrage of modesty,2018,1
woodlands police division - sembawang npc,outrage of modesty,2017,0
woodlands police division - sembawang npc,outrage of modesty,2016,0
woodlands police division - sembawang npc,outrage of modesty,2015,0
woodlands police division - sembawang npc,outrage of modesty,2014,0
woodlands police division - sembawang npc,outrage of modesty,2013,0
woodlands police division - sembawang npc,outrage of modesty,2012,0
woodlands police division - sembawang npc,outrage of modesty,2011,0
woodlands police division - checkpoint,robbery,2024,0
woodlands police division - checkpoint,robbery,2023,0
woodlands police division - checkpoint,robbery,2022,0
woodlands police division - checkpoint,robbery,2021,0
woodlands police division - checkpoint,robbery,2020,0
woodlands police division - checkpoint,robbery,2019,0
woodlands police division - checkpoint,robbery,2018,0
woodlands police division - checkpoint,robbery,2017,0
woodlands police division - checkpoint,robbery,2016,0
woodlands police division - checkpoint,robbery,2015,0
woodlands police division - checkpoint,robbery,2014,0
woodlands police division - checkpoint,robbery,2013,0
woodlands police division - checkpoint,robbery,2012,0
woodlands police division - checkpoint,robbery,2011,0
woodlands police division - checkpoint,housebreaking,2024,0
woodlands police division - checkpoint,housebreaking,2023,0
woodlands police division - checkpoint,housebreaking,2022,0
woodlands police division - checkpoint,housebreaking,2021,0
woodlands police division - checkpoint,housebreaking,2020,0
woodlands police division - checkpoint,housebreaking,2019,0
woodlands police division - checkpoint,housebreaking,2018,0
woodlands police division - checkpoint,housebreaking,2017,0
woodlands police division - checkpoint,housebreaking,2016,0
woodlands police division - checkpoint,housebreaking,2015,0
woodlands police division - checkpoint,housebreaking,2014,0
woodlands police division - checkpoint,housebreaking,2013,0
woodlands police division - checkpoint,housebreaking,2012,0
woodlands police division - checkpoint,housebreaking,2011,0
woodlands police division - checkpoint,snatch theft,2024,0
woodlands police division - checkpoint,snatch theft,2023,0
woodlands police division - checkpoint,snatch theft,2022,0
woodlands police division - checkpoint,snatch theft,2021,0
woodlands police division - checkpoint,snatch theft,2020,0
woodlands police division - checkpoint,snatch theft,2019,0
woodlands police division - checkpoint,snatch theft,2018,0
woodlands police division - checkpoint,snatch theft,2017,0
woodlands police division - checkpoint,snatch theft,2016,0
woodlands police division - checkpoint,snatch theft,2015,0
woodlands police division - checkpoint,snatch theft,2014,0
woodlands police division - checkpoint,snatch theft,2013,0
woodlands police division - checkpoint,snatch theft,2012,0
woodlands police division - checkpoint,snatch theft,2011,0
woodlands police division - checkpoint,theft of motor vehicle,2024,0
woodlands police division - checkpoint,theft of motor vehicle,2023,0
woodlands police division - checkpoint,theft of motor vehicle,2022,0
woodlands police division - checkpoint,theft of motor vehicle,2021,0
woodlands police division - checkpoint,theft of motor vehicle,2020,0
woodlands police division - checkpoint,theft of motor vehicle,2019,0
woodlands police division - checkpoint,theft of motor vehicle,2018,0
woodlands police division - checkpoint,theft of motor vehicle,2017,0
woodlands police division - checkpoint,theft of motor vehicle,2016,0
woodlands police division - checkpoint,theft of motor vehicle,2015,0
woodlands police division - checkpoint,theft of motor vehicle,2014,0
woodlands police division - checkpoint,theft of motor vehicle,2013,0
woodlands police division - checkpoint,theft of motor vehicle,2012,0
woodlands police division - checkpoint,theft of motor vehicle,2011,0
woodlands police division - checkpoint,outrage of modesty,2024,0
woodlands police division - checkpoint,outrage of modesty,2023,0
woodlands police division - checkpoint,outrage of modesty,2022,3
woodlands police division - checkpoint,outrage of modesty,2021,4
woodlands police division - checkpoint,outrage of modesty,2020,6
woodlands police division - checkpoint,outrage of modesty,2019,0
woodlands police division - checkpoint,outrage of modesty,2018,0
woodlands police division - checkpoint,outrage of modesty,2017,0
woodlands police division - checkpoint,outrage of modesty,2016,0
woodlands police division - checkpoint,outrage of modesty,2015,0
woodlands police division - checkpoint,outrage of modesty,2014,0
woodlands police division - checkpoint,outrage of modesty,2013,0
woodlands police division - checkpoint,outrage of modesty,2012,0
woodlands police division - checkpoint,outrage of modesty,2011,0
woodlands police division - unknown npc,robbery,2024,0
woodlands police division - unknown npc,robbery,2023,0
woodlands police division - unknown npc,robbery,2022,0
woodlands police division - unknown npc,robbery,2021,0
woodlands police division - unknown npc,robbery,2020,0
woodlands police division - unknown npc,robbery,2019,0
woodlands police division - unknown npc,robbery,2018,0
woodlands police division - unknown npc,robbery,2017,0
woodlands police division - unknown npc,robbery,2016,0
woodlands police division - unknown npc,robbery,2015,0
woodlands police division - unknown npc,robbery,2014,0
woodlands police division - unknown npc,robbery,2013,0
woodlands police division - unknown npc,robbery,2012,0
woodlands police division - unknown npc,robbery,2011,0
woodlands police division - unknown npc,housebreaking,2024,0
woodlands police division - unknown npc,housebreaking,2023,0
woodlands police division - unknown npc,housebreaking,2022,0
woodlands police division - unknown npc,housebreaking,2021,0
woodlands police division - unknown npc,housebreaking,2020,0
woodlands police division - unknown npc,housebreaking,2019,0
woodlands police division - unknown npc,housebreaking,2018,0
woodlands police division - unknown npc,housebreaking,2017,0
woodlands police division - unknown npc,housebreaking,2016,0
woodlands police division - unknown npc,housebreaking,2015,0
woodlands police division - unknown npc,housebreaking,2014,0
woodlands police division - unknown npc,housebreaking,2013,0
woodlands police division - unknown npc,housebreaking,2012,0
woodlands police division - unknown npc,housebreaking,2011,0
woodlands police division - unknown npc,snatch theft,2024,0
woodlands police division - unknown npc,snatch theft,2023,0
woodlands police division - unknown npc,snatch theft,2022,0
woodlands police division - unknown npc,snatch theft,2021,0
woodlands police division - unknown npc,snatch theft,2020,0
woodlands police division - unknown npc,snatch theft,2019,0
woodlands police division - unknown npc,snatch theft,2018,0
woodlands police division - unknown npc,snatch theft,2017,0
woodlands police division - unknown npc,snatch theft,2016,0
woodlands police division - unknown npc,snatch theft,2015,0
woodlands police division - unknown npc,snatch theft,2014,0
woodlands police division - unknown npc,snatch theft,2013,0
woodlands police division - unknown npc,snatch theft,2012,0
woodlands police division - unknown npc,snatch theft,2011,0
woodlands police division - unknown npc,theft of motor vehicle,2024,0
woodlands police division - unknown npc,theft of motor vehicle,2023,0
woodlands police division - unknown npc,theft of motor vehicle,2022,0
woodlands police division - unknown npc,theft of motor vehicle,2021,0
woodlands police division - unknown npc,theft of motor vehicle,2020,0
woodlands police division - unknown npc,theft of motor vehicle,2019,0
woodlands police division - unknown npc,theft of motor vehicle,2018,0
woodlands police division - unknown npc,theft of motor vehicle,2017,0
woodlands police division - unknown npc,theft of motor vehicle,2016,0
woodlands police division - unknown npc,theft of motor vehicle,2015,0
woodlands police division - unknown npc,theft of motor vehicle,2014,0
woodlands police division - unknown npc,theft of motor vehicle,2013,0
woodlands police division - unknown npc,theft of motor vehicle,2012,0
woodlands police division - unknown npc,theft of motor vehicle,2011,0
woodlands police division - unknown npc,outrage of modesty,2024,0
woodlands police division - unknown npc,outrage of modesty,2023,3
woodlands police division - unknown npc,outrage of modesty,2022,1
woodlands police division - unknown npc,outrage of modesty,2021,1
woodlands police division - unknown npc,outrage of modesty,2020,1
woodlands police division - unknown npc,outrage of modesty,2019,0
woodlands police division - unknown npc,outrage of modesty,2018,0
woodlands police division - unknown npc,outrage of modesty,2017,0
woodlands police division - unknown npc,outrage of modesty,2016,0
woodlands police division - unknown npc,outrage of modesty,2015,0
woodlands police division - unknown npc,outrage of modesty,2014,0
woodlands police division - unknown npc,outrage of modesty,2013,0
woodlands police division - unknown npc,outrage of modesty,2012,0
woodlands police division - unknown npc,outrage of modesty,2011,0
